序号,编号,标题,作者年份,一句话概括,研究对象与场景,信号与观测模型,是否已知源数,核心方法,对混合IQ的适用性,实验条件,主要结果,可复现性,论文结论与支持边界,主要贡献,主要局限,总体评价,与本研究的关系,证据定位,阅读等级,对照角色,研究用途,迁移判断,关键障碍与依据
1,R52,Maximum-likelihood source localization and unknown sensor location estimation for wideband signals in the near-field,Chen、Hudson、Yao，IEEE Transactions on Signal Processing，2002，50(8):1843–1854,分布式全向传感器直接联合估计宽带源位置和波形，用交替投影先找强源、再找弱源并反复修正。,随机分布的全向标量传感器接收多个近场宽带源；实验为声学，也研究未知传感器位置校准。,"逐站接收延迟和增益不同的共同源波形；频域X(f)=D(f,p)S(f)+N(f)。距离决定球面传播时延，主推导视传感器增益已知。",已知，且源数小于传感器数。,逐频伪逆估计未知源谱，消元后最大化联合投影能量；双源先强后弱初始化，再固定其他源更新一个位置。单源未知增益可用变换数据矩阵的最大奇异值处理。,最接近当前匹配传播模型的传统参照。将实声学信号改为复IQ、传播速度及跨站响应后，可建立宽带RF适配；全网球面几何并不要求每站配置多天线。,声学采样率1 kHz，含200样本观测例；五传感器示例及不同传感器数比较。双源例为等功率相干源，比较统一增益及实际空间损耗下的增益失配。,AML在给定声学实验中优于两步LS和宽带MUSIC；双源AP少量迭代收敛。多源情况下将非均匀增益当作均匀增益会产生定位偏差。,正式12页PDF全文已读，Zotero YX23XVTW，附件HQUSBXMW；关键模型、伪逆、AP和增益讨论已目视核对。,已经覆盖分布式标量传感器、未知宽带波形、多源直接定位和源谱估计；双源实验主要为等功率，未验证当前全部强弱差、未知K和RF链路失配条件。,宽带近场AML、逐源AP、位置/波形联合估计、CRB及传感器位置校准。,有限DFT窗和跨频噪声相关被近似处理；源数已知；完整多源未知增益估计未在文中解决。,新增文献中对当前方法重合判断影响最大。仅改成RF、单天线和IQ不足以区分当前核心优化结构。,四站宽带未知波形联合拟合的首要传统参照。有限窗、补零及跨频噪声已被讨论；当前研究需先证明普通适配仍有求解成本或模型误差缺口，不能仅凭RF和单天线设定宣称新方法。,第1844页式(1)与已知M<R；第1845页式(2)–(6)；第1846页§II-C式(10)–(13)；第1851页图9–10；附录B。https://doi.org/10.1109/TSP.2002.800420,01 最相关｜优先精读,当前宽带多站定位与AP的首要传统参照,任务近邻；性能对照；方法来源,常规适配即可,主优化结构可迁移，需统一复IQ、传播速度、增益知识和有限窗处理。near-field指全网球面几何，不能据此排除分布式RF。
2,R51,Maximum likelihood localization of multiple sources by alternating projection,"Ziskind、Wax，IEEE Transactions on Acoustics, Speech, and Signal Processing，1988，36(10):1553–1560",把多源最大似然定位拆成逐源初始化和交替更新，用投影分解降低搜索维数。,无源传感器阵列接收多个未知窄带源；重点演示远场方向估计，也讨论相干源和少快拍。,X=A(θ)S+N；导向模型已知，源波形作为未知确定序列，噪声为空间白复高斯。,已知，且源数小于传感器数；未知源数另引其他文献。,先用伪逆消去未知波形，再最大化观测在候选信号子空间上的投影能量。初始化逐个加入源；更新某源时，将候选导向向量对其余源投影并归一化，再搜索该源参数。,原文使用复包络；投影和交替优化可用于混合IQ。迁移到四站宽带位置定位须换成逐频跨站时延响应，直接参照R52。,前三阵元例为两个等功率源，比较SNR、快拍数、角间隔和相干性；另有七阵元四源例。主要结果由100次Monte Carlo得到。,给定实验中ML/AP较MUSIC在低中SNR、少快拍和相干源下更好；通常少量迭代收敛。原文明确不保证一般情况下收敛到全局最大值。,正式8页PDF全文已读，Zotero IJ7MDHV3，附件9GQKWUUY；公式和算法可用于核对当前实现，无需先复制全部DOA图表。,支持确定性ML的投影求解和AP计算机制；不等于未知K、任意阵列失配或强弱宽带RF场景均已解决。,投影矩阵分解、逐源初始化、交替最大化及少快拍/相干源能力。,依赖已知导向模型和源数；非凸搜索依赖初始化；实验主要为等功率窄带DOA。,当前G8-R5核心评分和联合修正的基础方法先例，必须优先理解；不宜将投影本身作为新贡献。,当前归一化投影、逐源初始化和交替位置更新的直接方法来源。先修复R6暴露的搜索不足；普通多初值、连续优化或混合求解解决的问题，不应归为新的定位原理。,§II A1–A4；§III式(9)–(15)；§IV式(16)–(23)，尤其第1556页式(19)–(22)；§V–VI。https://doi.org/10.1109/29.7543,01 最相关｜优先精读,AP投影与交替求解的基础来源,方法来源,常规适配即可,仅指优化机制。原文窄带角度响应需改为多站逐频距离/时延响应；未知链路参数与有限窗仍需单独建模。
3,R57,Round-robin multiple-source localization,Mantzel、Romberg、Sabra，The Journal of the Acoustical Society of America，2014，135(1):134–147,强源及其位置误差遮蔽弱源；过宽或过高秩的零陷又会损失弱源。 轮流定位与联合幅度重估；对强源位置邻域的响应协方差取有限秩子空间实施稳健投影，分析残余强源、弱源保留与噪声；附录还讨论保留目标区能量的优化。,固定海洋波导中的多个强弱源，接收阵列与传播响应已知。理论区分未知源谱的逐频处理和已知相对源谱的宽带相干处理。,观测由候选传播向量乘未知幅度叠加；联合最小二乘拟合源幅度，逐源位置更新时投影消除其余源。用位置邻域响应协方差构造稳健零陷。,主要算法给定源数；未验证本项目的完整盲计数。,轮流定位与联合幅度重估；对强源位置邻域的响应协方差取有限秩子空间实施稳健投影，分析残余强源、弱源保留与噪声；附录还讨论保留目标区能量的优化。,常规适配，限投影机制；少站稳健秩需核验；单频或宽带复观测与候选传播响应,已知Pekeris波导，37水听器；强弱功率差示例20 dB，单频及宽带相干多源仿真，含随机压缩与Monte Carlo比较。不是四个独立RF站点的同条件验证。,作者仿真显示稳健轮流消除可恢复被强源遮挡的源；合适投影秩依赖条件，稳健版本并非每组条件都最好。,当前Zotero条目2WZ659B6仅有网页快照，无完整PDF下载权限。保留此前作者公开稿全文阅读记录；本轮只复核摘要，未重新阅读全文。,稳健投影、位置不确定性零陷和抑强保弱权衡均有明确先例；不能由海洋场景不同推断方法无法迁移。,把位置邻域不确定性纳入轮流多源定位，并限制零陷秩以控制误消。,依赖传播响应知识及投影秩选择；其宽带相干实验使用相对源谱结构。未验证四站短时未知宽带源、未知K和本项目完整预算。,当前投影路线的重要方法近邻，优先级最高的一组。,若主张位置不确定性下的稳健抑强，应比较其有限秩投影机制。先检查RF响应知识与四站剩余维数，不将其海洋仿真视作同条件RF结果。,历史依据：作者公开稿§II-A式(10)–(11)、§II-B稳健投影与秩、§II-C宽带条件及附录。本轮仅摘要复核，Zotero 2WZ659B6，无完整PDF；DOI：https://doi.org/10.1121/1.4835795；历史作者稿入口：https://www.researchgate.net/publication/259804315_Round-robin_multiple-source_localization,01 最相关｜优先精读,强弱源抑制／稳健投影对照,任务近邻；方法来源；场景扩展,稳健投影机制可借鉴；已知传播场与少站秩条件需核验,原文使用已知海洋波导响应。换用RF响应需要对应的链路知识，四站下扩大零陷秩可能损伤弱源信息；历史作者稿与本轮摘要证据分开。
4,R58,Source cancellation in cross-correlation functions for broadband multisource DOA estimation,Diaz-Guerra、Beltran，Signal Processing，2020，170:107442,强源掩盖弱源，相关源产生交叉峰；简单抹峰可能丢失弱源信息。 由相关矩阵正交投影推导CC的延迟加减组合；给出完整式和省略部分项的低成本近似，可接SRP或SRP-PHAT，再逐源寻找和消除。,强弱宽带源定位，包括白噪声源、独立语音、相关语音及混响实录；不要求时频稀疏。,未知宽带波形，经候选时延形成跨传感器观测；名义导向矢量采用单位幅度。逐频相关矩阵投影转为互相关的延迟加减组合，不要求时频稀疏。,给定源数进行逐源搜索；文中提出阈值扩展建议，未完成本项目的盲计数校准。,由相关矩阵正交投影推导CC的延迟加减组合；给出完整式和省略部分项的低成本近似，可接SRP或SRP-PHAT，再逐源寻找和消除。,常规适配，限消除机制；需处理站间幅相差异；宽带CC/GCC及候选跨传感器时延,仿真主要为16传感器圆阵、2源、1024点，1000次试验，改变弱源相对功率；另有4096点及相关语音源测试。实测包含多扬声器和混响。,作者报告相对普通SRP/SRP-PHAT增加约5–10 dB动态范围；完整式与截断式的优劣依波形和PHAT而变。消除直达方向后反射峰仍可能先于弱源出现。,Zotero正式期刊PDF12页已通读；完整式、截断式及PHAT应分别实现验证。条目C7UPZY7R，附件BIRLB6XG。,明确不要求时频稀疏，也明确允许位置而非仅角度参数；不能因标题DOA或声学场景排除。互相关投影后的SRP与当前归一化AP评分并非完全同一目标。,把窄带相关矩阵消除推广为宽带互相关域的较低成本实现，并处理相关源交叉峰。,定位流程给定源数；单位幅度响应、16传感器及声学实测不能等同于四站未知复链路。PHAT替换是实用处理，不与原相关投影恒等；消除单方向不会消除该源所有反射。,当前弱源恢复必须考虑的非神经对照。,优先核验的强弱源抑制对照。固定合理搜索比较消除机制，另固定评分比较搜索，避免混淆两类收益。,正式期刊全文12页；§2.1式(3)/(5)/(6)，§2.2式(15)–(17)，§2.3–2.4截断与PHAT，§4.1给定源数，§5–6仿真与实测；Zotero C7UPZY7R，PDF BIRLB6XG；DOI：https://doi.org/10.1016/j.sigpro.2019.107442,01 最相关｜优先精读,宽带互相关强源消除对照,任务近邻；性能对照；方法来源,消除机制可适配；跨站幅相和评分需重核,不依赖语音时频稀疏，可保留为宽带对照。RF球面时延、复增益和相位校准需进入响应；原SRP评分不同于当前带投影归一化分母的AP评分。
5,R07,TDOA-Based Direct Position Determination Method with Parametric Dictionary Learning,"Wang Z. 等, IEEE Sensors J., 2026",把网格失配与未知信道衰减两类字典误差统一建模为字典偏移，在稀疏贝叶斯学习框架下用 EM 联合更新。−5 dB 下 RMSE 比 DPD-OG、DPD-CD 低约 20.4% 与 32.1%。,二维平面被动无源定位。L 个位置已知的接收站、每站单天线，论文称其为单天线系统的 TDOA 直接定位量身定制；待定位多个窄带、静止辐射源，以第一站为参考站，假设视距与 GPS 授时同步。,单天线多站的DFT混合观测；每个候选位置有逐频信号系数，合成S为Q×F矩阵，跨频共享信道参数。有限窗时延的纯相移近似需检查边界，不宜概括为只要窄带就自动成立。,已知源数 K：输入直接列出目标数，输出取位置功率谱最大的前几个网格点。,把网格点偏移与信道衰减偏差统一看作字典相对真实模型的偏移，构造由网格点集合与衰减系数共同参数化的过完备字典，在稀疏贝叶斯学习框架下联合优化稀疏信号与字典参数。最关键一步是把字典做一阶 Taylor 线性化，使非线性的字典学习变成对偏移量的线性有界最小二乘问题，再分坐标求闭式解，稀疏性由层次先验促进。与已有方法的差别：DPD-CD 用固定字典，DPD-OG 只学网格偏移不学衰减，本文两者都学。,直接基线候选；输入层级：原始混合 IQ（各站单天线采样经 DFT 后送入稀疏模型）。失效条件：必须已知源数；需事先划分目标区域并布好网格；衰减参数随网格点线性增长。,全部为仿真。4 个静止接收站近似菱形布站，3 个源其中两个相距约 600 m；默认网格间隔 100 m、采样点数 100、Monte Carlo 500 次，信噪比从 −10 dB 扫到 20 dB。对比两步法、DPD-CD、DPD-OG 并以 CRB 为下界，指标为 RMSE 与运行时间。,网格自适应向目标移动，DPD-CD 只能落在最近网格点上（图4–6）。−5 dB 时本文 RMSE 约 168.32 m，DPD-OG 211.49 m，DPD-CD 248.05 m，分别降低约 20.4% 与 32.1%（图7）。DPD-CD 因固定 100 m 网格，高信噪比下最小误差限于 61.02 m；网格间隔降到 10 m 时误差反而上升（图10）。,未提及代码或数据公开。站与源坐标、网格间隔、采样点数与 Monte Carlo 次数均给出；超参数初值与正则参数未给。,作者结论：把过完备字典写成网格点与衰减参数的函数再用 SBL 联合学习，可同时校正离格误差与信道衰减误差。证据边界：支持到「源数、大致区域与初始网格已给定，且为视距、窄带、小幅复高斯衰减扰动」时同时学网格与衰减更接近真值；「20% 以上」只有 −5 dB 一个点有数值。,一是把信道衰减偏差与网格偏移统一纳入同一个字典参数扰动模型，使此前被分别处理的两类误差在同一 SBL 框架内联合估计。二是给出完整的闭式更新链，使参数化字典学习成为可执行算法。三是推导直接定位的 CRB 并给出位置参数 CRB 的块对角化简，可作同类方法的统一性能下界。,原算法输入K，且仿真使用预设局部搜索区；全区域字典规模与超参数需核对。最终输出位置，未评估频谱—位置联合恢复，但中间逐位置／逐频系数保留了可进一步提取频谱的信息。,观测接口高度接近的联合稀疏基线候选。100个采样点须结合采样率与带宽判断观测预算，不能直接据样本数认定优于本项目短记录。完整复现不是继续研究的前置条件。,四站单天线、未知波形及链路增益的直接近邻。优先作为联合稀疏代表；对齐已知源数、全搜索区与观测预算，检验强弱比和短记录。位置—频率系数可能支持谱—位置报告，不把原文未展示当作能力缺失。,§II式(8)–(12)位置—频率矩阵；§III式(30)–(32)后验估计；Algorithm 1的已知N与取峰；§V的局部搜索区和图7、10。,01 最相关｜优先精读,优先联合稀疏候选，按主张选用,任务近邻；性能对照,可直接使用,指单天线联合定位核心：原文已处理未知信道衰减和离网误差，Algorithm 1输入N。先评估合理计数扩展、短记录成本及逐频系数报告能力，不以未知增益为独有缺口。
6,R53,A decoupled algorithm for geolocation of multiple emitters,Amar、Weiss，Signal Processing，2007，87(10):2348–2359,联合估计多源位置、未知波形和链路复增益，扣除其他源后逐源做二维搜索。,多个地理分离接收站，每站配置阵列；多个未知波形发射源，站内近似平面波，全网保留球面时延。,每源每站一个未知复增益，在频率间共享；原始复包络分段做DFT，再堆叠站点、阵元与频率。,给定Q。,给定位置和增益，用伪逆拟合源频谱；重构并扣除其他源；通过最大特征值搜索更新当前源位置，并用特征向量更新增益，循环至收敛。,使用混合复观测，可借鉴联合链路参数估计。四站单天线适配必须保留多频时延与跨频共享增益，不能照搬单频阵列实验。,主要为四站、每站三阵元、单频系数J=1、50个独立段；另有五阵元圆阵与三源例。位置初值为真位置加尺度100 m的高斯扰动；每个SNR做50次试验。,所列实验中少量迭代接近CRB；代价逐步下降，但一般只保证到达局部极小值，表现依赖初值。,Zotero IQN2U4Q8的出版商完整网页AX3XPRTA已阅读全文与附录；本地该条目没有PDF。可据式(13)–(23)建立机制适配。,提供多源位置/波形/增益联合求解；论文实验不是单天线宽带无真值初值系统验证。,把高维联合定位拆成逐源二维搜索，同时迭代更新未知波形和复衰减。,已知源数；依赖初值和有效分段；单频阵列实验的定位信息主要不能直接移交给单天线。,未知增益方向的重要传统对照候选；比简单扣除强源覆盖更多干扰参数。,若研究链路失配或自适应抑制，应保留传统联合估计增益的能力；与R07按成本和模型选一个优先适配，不要求先复现全篇。,§2假设(3)–(5)；§3式(13)–(23)、有限窗边缘讨论与算法；§4初值及仿真条件；附录A。https://doi.org/10.1016/j.sigpro.2007.03.008,01 最相关｜优先精读,位置、波形与未知链路增益联合估计候选,任务近邻；性能对照；方法来源,尚待核验,理论含跨站多频时延，可先推M=1版本；原文J=1且自由复增益时，相位可被增益吸收，不能用其单频阵列实验直接代表单天线性能。
7,R02,High Resolution Direct Position Determination of Radio Frequency Sources,"Tirer 等, IEEE SPL, 2016",把 MVDR 的最小输出能量约束搬进直接定位的位置谱，得到不需源数的高分辨多源定位准则。仿真中低中信噪比下优于单源最大似然型与带阶数估计的 MUSIC 型。,L 个空间上广泛分离的 M 元阵列接收站，论文指出也可用于单天线传感器。源数与位置均未知，源与站静止、无多普勒，信号为未知波形的窄带信号，多源同时出现在同一频带。应用背景是替代先估角再交汇的两步法。,每站 M 元阵列，单天线为其特例。算法吃的是各站观测分段后做频谱变换得到的频域系数及其样本协方差矩阵，不是已估的时延。跨站复增益被归一化成模长为一的向量，未知波形与未知信道因此一起被消掉。,构谱不需要K；原文建议CFAR后处理，但未给完整计数阈值与计数性能。,把 MVDR 的「压掉其他源」思路搬到位置域：在每个候选位置求一个满足无畸变约束、输出能量最小的权向量，形成位置谱，峰值即源位置。关键一步是把跨站复增益当作每个格点上的自由参数、在模长约束下最大化，未知波形与未知信道一并消掉，源数也就从代价函数里消失。与单源最大似然型、需阶数估计的 MUSIC 型直接定位的差别就在这里。,直接基线候选；输入层级：原始混合 IQ（分段频谱系数与样本协方差）。失效条件：分段须远长于最大时延差，快拍不足须对角加载，且要求平坦信道、源静止、站间相位级同步。,全部仿真，4 个单传感器，两源间距 3 km，信号为未知波形的平坦窄带信号。SNR −10 至 30 dB，每点 250 次 Monte Carlo；对比单源最大似然型与带 MDL 阶数估计的 MUSIC 型，指标为位置 RMSE，另有 7 元均匀线阵一组。,单传感器两源时明显优于单源最大似然型，低与中等信噪比下也优于 MUSIC 型，但高信噪比下被 MUSIC 型反超（图2）。换成 7 元阵后低信噪比下仍最优、高信噪比下与 MUSIC 型相当（图3）。4 源谱图中最大似然型的谱成连片条带、无法分辨，本方法给出 4 个清晰尖峰（图5、图6）。,有作者MATLAB示例可参考：https://tirertom.wixsite.com/homepage/hrdpd-code；完整比较仍需统一观测长度、分段、正则化和未知K判决，作者示例不等于本项目复现。,作者结论：直接定位与 MVDR 结合可得多源高分辨位置谱，不需知道或估计源数，低中信噪比下优于带阶数估计的 MUSIC 型。证据边界：仅 4 站、2 个共频带窄带静止源的仿真；「不需源数」只被「估计量不含源数」支持，源数实际靠 CFAR 而无成功率实验。,1) 提出不含源数的高分辨位置准则，用模长约束下的跨站复增益消去未知波形与信道。2) 闭式化简为站数规模的小矩阵求最大特征值，只需二维搜索。3) 定量揭示单源最大似然型在多源下的偏置。4) 提出以 CFAR 后处理确定源数，仅提出未验证。,CFAR计数缺少完整评价；依赖跨频共享增益及有效协方差估计，短记录需检查分段边界、秩与加载。不同频谱支持下的效果需要验证，不能把等权频率融合直接等同只允许同频带。,方法价值高于实验价值。可迁移的是把跨站复增益当每格点自由参数、在模长约束下最大化，使准则只依赖位置；把 MVDR 零陷能力带进直接定位是实质差异。创新中等、机制型；证据偏弱：只有仿真、2 源（谱图 4 源）、单一几何，「未知源数」主张恰无专门实验。,保留多站单天线与未知增益谱法基线地位。当前特定实现或R6的AP搜索结果不能替代其能力评价；先校准总记录、分段、加载与搜索，再比较弱源恢复和完整成本。,"摘要与 §I（CFAR 设想）, p.192；§II 信号模型与分段条件, p.193；§III 式(28), p.194；§IV 图2–6, p.194。",01 最相关｜优先精读,单天线DPD谱法与未知增益参照,任务近邻；性能对照,可直接使用,指单天线定位核心：第193页模型已含未知复衰减，第194–195页有单传感器实验。不同链路增益不构成排除理由；短记录统计稳定性、计数与逐源对应仍待同条件核验。
8,R60,A Steered-Response Power Algorithm Employing Hierarchical Search for Acoustic Source Localization Using Microphone Arrays,Nunes 等，IEEE Transactions on Signal Processing，2014，62(19):5171–5183,SRP逐点网格计算成本高，粗网格又可能漏掉高评分位置。 构造区域响应并实施层级／分支定界搜索；在所列无混响条件下讨论最优区域保留。,单声源位置搜索，以区域而非单一格点汇总SRP信息，减少粗网格遗漏与精细搜索成本。,单源GCC-PHAT与区域内离散时差集合；对区域求和形成分层搜索评分。证明依赖单源无混响理想条件，实际混响下用作启发式。,主要研究单源搜索；不是未知数量强弱源联合定位。,构造区域响应并实施层级／分支定界搜索；在所列无混响条件下讨论最优区域保留。,常规搜索机制可借鉴；当前投影评分界需重推；GCC-PHAT与位置区域对应的时差区间,正文包含16麦克风、48 kHz采样、4096点记录的仿真和实录；原论文部分成本不含预先计算。,作者在16麦克风实测中报告相近搜索运算预算下较低位置误差；无混响模型证明保留最优区域。正文明确指出混响下定理1/2不再成立。,Zotero正式期刊PDF13页及文内附录已通读；原先提取缺失的关键公式已对照PDF页面核查。未进行算法复现。,普通层级搜索和分支定界已有先例；当前研究若主张保证，应对自己的目标函数、边界和停止误差重新证明。,把空间区域对应的时差范围引入SRP层级搜索。,原区域评分不是当前归一化投影评分；顶点近似时差边界有条件。不能将单源理想条件的保证扩展到多源、混响或投影后的全局求解。,R6之后搜索方向的核心先例。,避免只凭粗网格点值剪枝；新评分需推导可用区域界。单次位置更新的保证不能扩大为多源联合全局保证。,正式期刊全文13页；§II分层搜索，§III定理1/2及失效边界，§IV-B定理3与顶点近似，式(21)，§VI成本口径，附录A–C；Zotero 6V5XUY5T，PDF K3WWQYTM；DOI：https://doi.org/10.1109/TSP.2014.2336636,01 最相关｜优先精读,层级搜索与搜索保证参照,性能对照；方法来源,区域搜索机制可借鉴；投影评分界需重推,证明利用非负理想时差脉冲及集合包含关系；实际互相关有负值、混合分量或投影归一化时不能直接沿用。
9,R65,Scalable-Complexity Steered Response Power Based on Low-Rank and Sparse Interpolation,"Dietzen、De Sena、van Waterschoot，IEEE/ACM Transactions on Audio, Speech, and Language Processing，2024，32:5024–5039",将完整细网格SRP计算拆成采样与插值，用低秩或稀疏插值降低全图成本。,近场分布式麦克风和远场阵列；构造整张细网格SRP图，定位实验为单源。,频率加权互谱到位置图的线性映射，支持近场和远场时差；实值声音的共轭对称性用于半谱表达，附录给出双边形式。,定位实验为单源；生成完整位置图本身不估计源数。,将SRP矩阵分为采样矩阵与插值矩阵，前者可用iFFT；对插值矩阵做截断SVD或保留最大元素的稀疏近似，以精度换计算成本。,可借鉴全图计算模块；复IQ需双边频谱和相应幅相处理，投影归一化评分不能直接套原线性映射。,近场含4个分布式麦克风、73084个候选位置，4 kHz采样、512点帧；远场含6元圆阵；另用实测RIR检验3/5/9/13个麦克风。定位均为单源。,作者报告相对频域SRP可降低2–3个数量级的映射计算量。少麦克风、大孔径更适合稀疏插值；小孔径或较多麦克风更适合低秩近似，收益依几何而变。,Zotero正式期刊PDF16页及附录已通读；文中提供MATLAB代码入口[34]，本项目未复现。,支持精度可调的整张SRP图加速，不是多源弱峰保留保证。矩阵或全图平均误差小，不保证微弱窄峰及其排序不变。,采样与插值分解、低秩/稀疏插值设计及几何相关的复杂度—性能比较。,定位实验为单源；实值半谱、固定几何预计算、窗口长于时差范围等条件需对齐。原计算量口径不含全部前处理和离线分解。,提升为当前搜索成本方向的优先对照组件；先核验能否低成本生成足够精细的全图，再设计复杂搜索。,与R60组成搜索策略和全图计算两条对照路径。对当前评分适配后，应单独检查弱峰幅值、排序及漏峰，而非只报全图均方误差。,正式期刊全文16页及附录；§II式(12)/(15)/(22)，§III脚注5，§IV式(51)–(62)，§V-B/C，附录式(69)–(78)；Zotero SWIZLTWJ，PDF HFSLZJW8；DOI：https://doi.org/10.1109/TASLP.2024.3496317,01 最相关｜优先精读,完整细网格计算的成本对照候选,性能对照；方法来源,全图加速可借鉴；复IQ和投影评分需适配,§II使用实值信号的频谱对称性；当前投影分母依赖候选。近似全图误差不能替代弱源峰保留率，离线分解与在线成本须分报。
10,R61,Efficient Direct Localization Based on Sparsity-Gradient Hybrid Optimization,Xiao、Yu、Chen，Electronics Letters，2025，61:e70447,直接定位空间网格搜索成本高，稀疏时延表示需要离网位置精修。 稀疏估计结合三次样条插值、连续梯度和Armijo步长搜索。,四个固定标量接收站定位一个未知源，存在未知复链路增益。,四站同步单天线接收一个未知RF波形，链路为未知复增益。按站对形成互谱，估计稀疏时差谱并映射为空间连续评分。,单源模型；未构建未知多源计数流程。,相关域稀疏贝叶斯重建时差谱，三次样条插值，再用梯度和Armijo线搜索精修位置。,常规适配，限相关插值／连续搜索组件；互相关域稀疏估计和连续位置评分,四站、100 MHz采样、1000点、200次Monte Carlo；搜索示例区域约200 m×200 m。未验证本项目完整宽区域与多源。,作者仿真展示精度与运行时间折中优于其对照；不能据此认定多源投影评分也能同样优化。,Zotero正式期刊PDF5页已通读；作者表示数据可请求获取，未在本项目复现。,支持单源RF相关域定位的精度与成本折中；收敛讨论到驻点，不是联合多源全局搜索保证。,把相关域稀疏估计和连续梯度精修结合以减少单源直接定位计算。,单源模型未处理混合相关交叉项、强源残余及多源初始化；单源速度和误差不能直接外推到当前任务。,修复R6搜索时应考虑的普通适配。,先比较充分调参的连续优化，再判断是否需要新的细分／界；不可用未经优化的密集网格作为唯一速度对照。,正式期刊全文5页；§3式(1)–(2)，§4式(4)–(14)，§5复杂度，§6仿真；Zotero V9PFYCWQ，PDF H9NXG9VH；DOI：https://doi.org/10.1049/ell2.70447,01 最相关｜优先精读,相关插值与连续优化参照,性能对照；方法来源,相关插值与连续搜索可适配；多源建模需补齐,未知复增益不等于已处理多源混合；稀疏时差谱到位置评分及初始化需在同IQ下验证。
11,R63,Robustness Analysis and New Hybrid Algorithm of Wideband Source Localization for Acoustic Sensor Networks,Yan、Wu、Iyengar，IEEE Transactions on Wireless Communications，2010，9(6):2033–2043,EM依赖初值，细网格AP计算量较大。 较粗AP提供初始化，再用EM精化，分析位置与源谱估计误差。,近场多源宽带定位，在位置精度、初始化可靠性和计算量之间折中。,分布式标量传感器的近场时延模型，源谱为未知确定性参数；增益进入给定导向响应，未建立任意未知复链路的联合更新。,已知源数。,较粗AP提供初始化，再用EM精化，分析位置与源谱估计误差。,常规适配，限AP初始化与EM精修；未知宽带波形的多站观测与已知响应,5个标量传感器、2源、200采样和256点FFT，文中采用多次Monte Carlo比较。,作者报告混合求解可在其条件下折中精度与计算量；不代表任意初始化、多源连续目标全局最优。,Zotero正式期刊PDF11页、文内附录已通读；未在本项目复现。,支持粗AP初始化与EM组合的传统求解路线；文中对AP全局性及Gaussianity的概括不能作为一般非凸求解保证或信源必须高斯的要求。,组合AP初始化与EM局部优化，分析计算与稳健性的折中。,模型需要给定响应和源数；初值、搜索分辨率与计算口径影响结论。声学实验未验证四站RF未知复链路。,搜索修复的经典普通适配参照。,在提出学习初始化或新混合优化前，加入合理的非神经混合求解；保留失败与初值敏感性统计。,正式期刊全文11页；§II式(8)未知参数，式(13)–(15)波形消元，§III–IV AP/EM与混合步骤，§VI实验及附录；Zotero X7E4J6JY，PDF VMGEU8IH；DOI：https://doi.org/10.1109/TWC.2010.06.090515,01 最相关｜优先精读,AP／EM混合优化对照,任务近邻；性能对照；方法来源,AP初始化与EM可常规适配，限响应条件对齐,未知波形不要求语音语义；需对齐复IQ、传播响应、窗口、源数与初值，不能以原文概括替代充分搜索验证。
12,R32,An Efficiency-Improved TDOA-Based Direct Position Determination Method for Multiple Sources,"Hao K. 等, ICASSP, 2019",多源 TDOA 直接定位要在每个网格点做矩阵特征分解，负担重。作者改用噪声子空间正交关系构造伪谱，把判据由「求最大特征值」换成「求行列式」，精度与特征分解法相当。,被动无源定位。P 个静止的未知位置源、N 个观测站，每站只配一个传感器。波形未知，按频域分解为窄带分量处理；多源定位要求站数大于源数。应用背景为车联网、无人机与位置服务。,每站 1 根天线，接收标量时域信号，分段后取频域系数。算法吃的是多站堆叠协方差估计出的噪声子空间。未知量含各源波形、跨站衰减、噪声方差、源位置与源数。本文 N 是站数、K 是分段数，与本项目「K 表示源数」不同。,已知，需模型阶数估计。原文称可用频域 MDL 估计，但未给门限与误判性能。,用噪声子空间与阵列响应的正交关系，把多源高维联合搜索解耦成若干独立的单源关系。最关键一步是把逐格点判据由「求最大特征值」换成「检测矩阵是否秩亏、行列式是否为零」，伪谱取行列式倒数后在网格上取峰。与已有特征值型 DPD 的差别就是这个判据替换，作者引快速行列式算法称复杂度由三次方量级降到平方量级，该矩阵阶数只由站数决定。,直接基线候选；输入层级：原始混合 IQ（分段频域变换后估计协方差与噪声子空间）。失效条件：必须已知源数，站数须大于源数（4 站时最多 3 源），短观测下子空间估计不可信。,仿真。4 个单传感器站，2 个源发未知高斯信号，两源间距 80 m 与 45 m；K=1280 段、每段 32 个频域系数，SNR −10 到 20 dB，200 次 Monte Carlo。对比 DPD-EIGEN 与单源最大似然 DPD-SML，指标为 RMSE 与耗时。,矩阵阶数 4–24 时，用行列式替代特征分解使每网格点线性代数耗时降低超过 85%（Fig. 1a）。两种源间距下精度与 DPD-EIGEN 接近、都优于 DPD-SML（Fig. 1b）。SNR=20 dB、3 个相邻源并增加站数后本文谱给出三个清晰尖峰，DPD-SML 只有一个宽主瓣（Fig. 2）。结论限于仿真、静止源、已知源数。,论文未说明代码或数据是否公开。仿真参数较多，但两源坐标、增加后的站数、带宽、总采样点数、SNR 定义与 MDL 实现未给。,作者结论：行列式型代价函数既保留 MUSIC 类精度与超分辨能力，又把计算负担降低超过 85%。证据边界：85% 只覆盖每网格点行列式与特征分解之差，构造矩阵等开销两法相同、未计入，不能当作总定位时间或总计算量的降幅；精度结论只来自 2 源、K=1280 段长观测仿真。,1) 把 MUSIC 类直接定位的逐点判据由「求最大特征值」改写为「检测秩亏、行列式为零」。2) 用噪声子空间把 P 个源的正交关系解耦成 P 个独立单源关系，在一个伪谱上以多峰给出全部源位置。3) 定量给出每网格点线性代数开销的降幅与复杂度解释。,1) 源数必需已知，MDL 只有一句话，且 4 站时最多 3 源。2) 效率提升只覆盖行列式与特征分解之差，不含构造矩阵的开销。3) 标题称 TDOA，模型实际用绝对传播时延，未定义参考站与差分时延。4) 长观测前提用 K=1280 段，没有随分段数减小的退化实验。,价值在判据转换而非精度提升，把逐点判据换成秩亏检测很实用。但证据有折扣：源数必需而 MDL 只是一句话，效率增益只覆盖一步，标题称 TDOA 而模型用绝对时延。创新属中等、判据型。,效率方向需与经过优化的矩阵核和搜索比较；先在相同总观测内核验分段、协方差秩及源数条件，不能直接沿用原文大量分段。当前每点计算加速与避免漏掉窄峰是两个问题。,§2 式(1)–(6)，p.4426；§3.2 式(17)–(20) 与 MDL 说明，p.4427；§4 与 Fig. 1–2，pp.4427–4428。,01 最相关｜优先精读,低成本多频TDOA-DPD候选,性能对照,可直接使用,指原生单天线多源定位核心。需核对K、同一总记录下的分段及协方差条件；原实验的大量分段不能直接沿用。
13,R33,An Improved TDOA-based DPD Method via Multiple-frequency Function Fusion,"Zhu K. 等, ICSIP, 2022",宽带 TDOA 直接定位在融合中心做高维矩阵运算，复杂度过高。作者把信号按频率分组、只挑谱能量较高的频段，逐频段建立正交性判据并融合成只依赖位置的量，用拉格朗日乘子消去未知衰减。,被动无源定位。M 个未知位置的辐射源，L 个分布式单传感器观测站。信号为宽带信号，先做频域分解为窄带分量。源与站均静止；站间需时间同步。,每站 1 根天线标量通道，输入是各站原始时域采样，分段并做频域变换后构造逐频段协方差与噪声子空间。算法吃的是逐频段的子空间，输出是位置谱峰。,已知，直接给定。子空间划分与取前 M 个谱峰都用到它；论文未讨论源数未知。,把宽带信号拆成若干组窄带频段并逐频段构造低维协方差，只挑谱能量较高的频段，这是公共选频、不是按源分配。最关键一步是利用不同频段的窄带分量共享同一组跨站衰减系数，把各频段的正交性方程纵向堆叠成一个统一二次型，使单频段下不可解的问题可解，再用拉格朗日乘子解析消去衰减并按前 M 个峰取位置。与已有方法的差别是这套跨频段堆叠融合。,直接基线候选；输入层级：原始混合 IQ（分段频域变换后构造逐频段协方差与噪声子空间）。失效条件：必须已知源数、站数大于源数；逐频段子空间需要很多快拍，4096 点短观测下质量下降。,仿真加实测。仿真为 LFM，采样率 125 MHz、带宽 20 MHz，每段 128 点、320 段，选 15 组频段，SNR=−15 dB。实测 4 个节点、单目标，总采样 32508 点、选 9 组频段。对比 DPD-DET 与 TDOA-Chan，指标为误差 CDF 与复杂度。,复杂度对比中 DPD-DET 约从 0.6×10⁹ 升到 3.9×10⁹，本文方法柱高几乎不可见（Fig. 3、TABLE I）。SNR=−15 dB 时本文误差 CDF 高于另两法（Fig. 4）；实测 4 节点、单目标、400 m×400 m 内误差 CDF 仍高于另两法（Fig. 6）。但所有曲线都是单目标的误差 CDF，论文没有任何多源分辨的定量结果。,论文未说明代码或数据是否公开。仿真缺总采样数、站数、源数与源坐标、选带判据细节；实测未给节点坐标、SNR 与真值来源。,作者结论：分段与多频带划分可显著降低复杂度，频带筛选与多频融合能提高精度。证据边界：实验只支持单目标误差 CDF 优于 DPD-DET 与 TDOA-Chan；标题称的多信号能力无任何多源实验证据（误差 CDF 标注为单源），多频融合增益也无消融。,1) 把「多频段代价函数融合」作为独立机制提出：利用各窄带分量共享同一组跨站衰减这一物理约束，把各频段正交性方程堆叠成单一二次型。2) 用拉格朗日乘子解析消去未知衰减，位置谱不依赖衰减先验。3) 给出降低融合中心复杂度的实现路径。,1) 多源能力完全没有验证：按 M 个源建模、按前 M 个峰取位置，但仿真与实测都只报告单条误差 CDF。2) 源数必需已知，无阶数估计方法，4 站时最多 3 源。3) 「各频段共享同一组衰减」在宽带实测下未必成立，论文未检验。4) 观测长度需求 32508 点，远超本项目 4096 点量级。,与本项目接口接近（4 个单传感器分布式站、TDOA 直接定位、波形未知、宽带），核心机制可迁移。但证据强度不足：全文主张多源而所有实验曲线都是单目标，源数已知且 4 站时最多 3 源，多频融合增益无消融。,多频统计量降维与位置搜索成本的已有参照。当前搜索方向需区分每点计算加速与避免漏峰；对齐观测分段、未知增益及全搜索区。,§III-A 选带，pp.218–219；§III-B–C 多频融合，pp.219–220；Fig. 4/6 误差 CDF，pp.220–221。,01 最相关｜优先精读,多频函数融合候选,性能对照,可直接使用,指原生单天线多频位置谱。子空间依赖K和可用秩，先核对短记录条件并校准统计估计；构谱适用不等于已完成盲计数。
14,R59,Iterative Broadband Source Localization,DeLude、Srinivasa、Karnik、Hood、Davenport、Romberg，IEEE Journal on Selected Areas in Information Theory，2023，4:453–469,傅里叶表示的有限窗泄漏会掩盖弱宽带源，单纯窄带谱线模型不合适。 将OMP/CoSaMP类迭代扩展到宽带子空间，估计中心频率／带宽并联合重估系数；多传感器部分联合考虑方向。,有限窗宽带源定位，包括频带重建、强弱源和多传感器角度估计。单通道部分与阵列部分的可分条件不同。,有限记录中的未知带限信号，用调制Slepian子空间表示。单通道部分要求频带分离；阵列部分使用光速平面波时延，允许同频不同方向，并以时空可分近似降低成本。,所读稿算法2/3输入源数；不能当作已验证未知K系统。,将OMP/CoSaMP类迭代扩展到宽带子空间，估计中心频率／带宽并联合重估系数；多传感器部分联合考虑方向。,需针对性改造为四站近场定位；不能按频谱不重叠排除；有限记录的未知带限波形与Slepian子空间,单通道实验改变SNR、压缩率和强弱动态范围；阵列实验为32阵元ULA、5源、1024快拍且源功率相同，改变SNR和压缩率。,作者报告Slepian表示比DFT表示更能抑制泄漏并恢复弱频带；阵列部分验证方向与频带联合估计。未验证四站近场、同频强弱源及未知链路的完整组合。,Zotero正式期刊PDF17页已通读，替代仅作者稿的阅读状态；未在本项目复现。条目9LA8KRFN，附件2Y6GGY73。,不能把全文概括为只处理不重叠频带；也不能把单通道大动态范围结果与等功率阵列结果拼成已完成全部目标场景。,用适合有限观测的宽带子空间替代纯傅里叶谱线模型，并设计迭代定位与系数重估。,不能把单通道大动态范围结果外推为多源位置定位能力；时空可分近似会增加模型自由度，四站近场截取及链路需重建。,短窗／有限窗方向的核心方法来源及条件对照。,有限窗路线的重要来源。先确认搜索充分后的模型误差，再比较普通窗口修正和其适配；联合时延与截取约束的改动需证明额外收益。,正式期刊全文17页；§III-A多频带条件，算法2/3，§VI动态范围实验，§VII-A同频与时空可分假设，§VII-B阵列实验；Zotero 9LA8KRFN，PDF 2Y6GGY73；DOI：https://doi.org/10.1109/JSAIT.2023.3317094,01 最相关｜优先精读,有限窗宽带表示与迭代恢复参照,方法来源,宽带表示可借鉴；四站近场与有限截取需针对性改造,§VII明确使用光速，不能笼统归为声学方法。阵列实验的32阵元、同功率和时空可分条件与本项目不同。
15,R66,An iteratively reweighted steered response power approach to multisource localization using a distributed microphone network,Dang、Zhu，The Journal of the Acoustical Society of America，2024，155(2):1182–1197,多源定位中强弱不均衡与部分源漏检。 摘要描述利用相干性／信噪比进行加权，逐次发现源并处理对应时频观测；不据摘要断言具体稀疏性假设。,短分析区间内强源主导，弱源可能无法形成明显空间峰。,尚未完成全文核验；具体观测模型与假设待确认。,待全文核对，不从题名或摘要推断。,摘要明确以相干性和SNR选时频单元，找到主导源后利用通道间相位差删除其贡献单元，再定位剩余源。,尚待全文核验；逐轮加权的SRP与时频观测,未完成全文核验，不补写采样、站点、信噪比或实验规模。,仅保留摘要／书目层面的方向判断；性能数值与条件尚未全文核实。,Zotero MXPVSZ9G仅有网页快照，用户确认无全文下载权限；本轮复核摘要，未阅读全文。,仅作为待核验近邻；不能由摘要缺少某条件认定该方法无法迁移。,摘要层面确认逐轮选取与删除时频单元以缓解空间谱缺峰。,阅读范围有限，原文模型、先验、搜索与统计条件尚待核实。,保留在相关方向的优先全文核对队列，不参与已证实性能排名。,保留逐源加权与弱源恢复方向的优先全文缺口；当前不列已核实的性能对照。,仅摘要复核，非全文核读；Zotero MXPVSZ9G；DOI：https://doi.org/10.1121/10.0024764。R67将其列为对照，但不能替代本篇全文证据。,01 最相关｜优先精读,逐源加权／弱源恢复近邻待核,任务近邻；方法来源,尚待全文核验,删除强源贡献的时频单元可能同时损失完全重叠RF弱源的信息，此为待验证风险；不能据摘要断言原文必需WDO或已解决完全重叠。
16,R04,TDOA Based Direct Positioning of Co-Channel Signals Using Cyclic Cross-Spectral Functions,"Xia 等, IEEE Commun. Lett., 2024",针对同频多源时频重叠使两步时差定位相关峰模糊，用循环互谱做直接定位：由参考接收机循环谱直方图阈值同时判出源数与循环频率，再按循环频率谱切片分离各源；仿真与外场均优于两步法。,多个共信道发射源，中心频率相同、位置与符号速率不同，由若干分布式单天线接收机同步采集，源静止。约束：源之间相互独立、信号与噪声独立。各接收机把时间序列送到数据处理中心集中处理。,每接收机只有一根天线，是标量观测、没有阵列流型；模型为各源波形经时延与每站复信道系数后叠加白高斯噪声。算法吃进去的是原始的标量时域采样，在循环域自行提取统计量，定位信息来自站间时延。,需阈值后处理取峰：源数由循环域幅度谱的直方图阈值判决，阈值与分箱宽度靠人工设定。,利用高斯噪声在非零循环频率处循环谱近似为零，在某个源的循环频率上循环互谱只剩该源一项，等于把同频源天然分开。先由参考接收机循环谱直方图定阈值、同时判出源数与各源循环频率，再构造加权循环互谱函数并跨接收机连乘，取最大处为位置。与已有方法的差别：不估时差、不需波形先验，用循环频率而非载频或功率分源，跨站连乘是分辨的关键。,条件适用；输入层级：原始混合 IQ（各站标量时域采样，循环域自取统计量）。失效条件：多源符号速率相同或信号非循环平稳时循环域切片无法分离；循环频率接近时精度下降（作者自承）。,仿真加校园外场实测。仿真区域 36 km²、接收机 4／5／6 台、源数 1–5，两个共信道 BPSK 循环频率 1 MHz 与 0.8 MHz，采样点数 4000 与定位点数 200 为最优，500 次 Monte Carlo。实测为 5 接收机 2 源、900 MHz、50 次实验。指标为 RMSE。,采样点数 2000 增到 5000 时 RMSE 从 57.6 m 降到 12.7 m；定位点数 100 增到 400 时从 27.6 m 降到 11.9 m（表 I）。外场本方法平均 15.3 m（最小 11.2 m、最大 19.6 m），两步法 23.6 m，三种已有直接定位方法分别 36.4 m、26.1 m、29.6 m（表 II）。,未说明是否公开代码或数据。仿真参数较完整；但随机布放坐标、随机种子与功率数值未给，实测只有布站示意与 2 源。,作者结论：因各源循环频率不同，先提取谱切片再用加权循环谱函数直接估计位置并迭代精化，仿真表明优于其他联合定位方法。证据边界：支持到「载频相同但循环频率不同且差异足够大、循环平稳、噪声在目标循环频率处无循环谱」下的分离与定位，5 接收机 2 源的 15.3 m 有实测支持。,一是（在其引文范围内）首次把循环互谱函数用作同频多源直接定位的可分性工具，用循环频率切片在数学上分离同频源。二是用参考接收机循环域幅度谱直方图同时给出源数与各源循环频率。三是提出加权循环互谱匹配结构，解析约去信道系数比并用跨站连乘抑制单站伪峰。,一是可分辨性对循环频率差高度敏感且被实验刻意保护：仿真把循环频率差固定在第一源循环频率的 20% 至 50%，未测趋近于零的情形，也无可分辨下界。二是源数估计无独立验证，阈值依赖直方图分箱与「最噪区间」假设。三是信道只用单抽头复标量，精度与采样点数强耦合，短数据下明显劣化。,短小但切入点精准。同频干扰下的被动定位是无线电监测的真实痛点，而「同频但符号速率不同」在通信侦察中常见；方法的合理性建立在循环互谱在目标循环频率处退化为单源形式这一数学性质上。创新中上，但实验共享「循环频率差不小于约 20%」这一保护条件，源数估计无独立验证。,核验同类RF源的循环特征是否能可靠区分。若足够可分，保留其计数—分离—定位流程；若不足，再研究不依赖该分离条件的处理。,"§II 同频不同符号速率前提, p.304；§III-A 源数估计, p.305；§IV Table I 与 Fig.2–5, p.305–307；Table II, p.307。",01 最相关｜优先精读,循环特征可分时的联合流程参照,任务近邻；性能对照,需针对性改造,条件为循环特征不可可靠区分：原文分离依赖不同循环频率，§III–IV讨论相近循环频率及实验。先量化是否可分；特征足够可分时原方法仍是适用候选。
17,R38,Spatially Distributed Task-Oriented Compression for Multi-Emitter Localization and Characterization with Spectral Overlap,Bicer、Laneman，arXiv，2026，v2（预印本）,四站分别压缩短时IQ，中心网络联合输出源数、位置、中心频率、带宽和波形类别。,四个固定接收机，二维800 m×800 m区域，未知数量的RF源，允许部分或完全频谱重叠。,接收信号为各源波形乘距离衰减后相加；式(7)–(8)不含传播时延、传播相位、多径或阴影。接收机按固定顺序输入。,未知K，范围1到Kmax，实验Kmax为3、4、5；以固定数量槽位和存在性输出表示。,每站独立CNN编码STFT实虚部，拼接潜变量后由MLP输出无序源集合；用排列不变匹配联合监督存在性、频谱参数和位置。,输入是混合IQ，任务很接近；定位依赖已知路径损耗模型和固定几何，不能直接作为相干TDOA-DPD性能结论。,四站；40 MHz采样、1 ms记录；带宽1–16 MHz；OFDM与单载波；每种Kmax用40000/4000/4000训练、验证、测试场景，训练200轮。,作者报告潜变量从每站1维增至16维时连续参数估计改善最大，增至64维收益较小；计数和类别易于位置与频谱回归。仅仿真。,v2提供模型和训练设置；未在所读正文确认公开代码。潜变量未量化或熵编码，维数不等于通信比特率。,已实现重叠RF源的属性—位置集合预测；没有验证传播时延定位、跨几何直接泛化或真实链路压缩。,把分布式任务压缩与多源属性—位置集合输出结合，并分析潜变量维数与任务效果的关系。,固定几何和接收顺序；无时延或相位定位信息；没有实测，未计实际通信码率和硬件时延。,任务层面的首要近邻。应借鉴集合输出，但不能把四站IQ、未知源数和频谱位置联合输出本身作为新贡献。,四接收机RF、未知源数与频谱—位置联合输出的高度相似任务先例。其无传播时延／相位模型不等于TDOA已解决，也不证明网络不能重新训练迁移。若比较联合输出，使用同一物理数据并补齐传统级联的轻量关联。,全文6页；§III式(7)–(10)为无时延模型和压缩接口，§IV式(16)–(21)为槽位与匹配，§V实验及局限；Zotero 63EINJP4。,01 最相关｜优先精读,首要联合任务近邻,任务近邻；方法来源,尚待核验,§III已允许同类调制、重叠和不同功率；式(7)–(8)无时延、相位和阴影。传播模型证据受限不等于网络不能迁移，应在共同RF模型下重训或合理适配后判断。
18,R44,Multi-Source Direction-of-Arrival Estimation Using Steered Response Power and Group-Sparse Optimization,Tengan等，IEEE/ACM TASLP，2024，32，3517–3531,估计各候选方向对应的频率谱系数，再由频率积分后的峰定位，以改善近源和混响下的分辨。,多个远场宽带声源，圆形麦克风阵列；不同功率、近角度、噪声、混响和有限帧数。,以源间互不相关为基础，把互谱或宽带SRP写成方向相关PSD的线性函数；不以每个时频单元只有单源主导为前提。,最终按给定源数J取J个峰；组稀疏求解不等于完整盲计数。,求解非负组平方根Lasso，用ADMM估计方向—频率系数；SRP采样网格可比最终方向网格更粗。,可借鉴联合频谱表示与稀疏解混；需要改成单天线站点的时延几何，并处理跨站增益和短记录统计。,六麦克风圆阵；16 kHz、3 s信号；32 ms窗；平均帧数1–128；1–5源、功率比−6至6 dB；另用实测RIR合成数据。,作者报告近源和混响条件改善，有限迭代可降低成本；不同源数或场景下不总优于GSPICE。,正式15页PDF、Algorithm 1和附录可用；实现需登记正则参数、迭代及物理字典适配。,已估计方向—频率系数用于定位；第3523页脚注3说明PHAT使估计谱受到加权，未验证真实频带报告质量。,组稀疏SRP拟合与粗空间采样结合，分析空间采样条件及计算取舍。,给定J；统计模型依赖源间不相关；频谱系数不能直接视为真实PSD，实验没有联合频谱—位置指标。,重要的传统联合估计参照，不能因它是声学方法或使用频率积分而简单排除。,保留不依赖单源主导单元的传统联合拟合路线；与AP/AML互补。方向字典改位置时延字典后，应核对短窗统计、源间相关和PHAT谱解释。,正式全文15页；第3519页式(6)–(7)，第3521–3522页式(28)–(34)、Algorithm 1，第3523页脚注3，第3527页功率比实验，第3529–3530页附录。,01 最相关｜优先精读,联合频率系数估计的适配候选,方法来源；性能对照,尚待核验,第3519页采用源间不相关统计，不依赖单源主导时频单元。方向字典改位置—时延字典后是否足够，需要检查短窗统计、已知J输出及PHAT加权谱。
19,R45,Multiple Sound Source Counting and Localization Based on TF-Wise Spatial Spectrum Clustering,Yang、Liu、Pang、Li，IEEE/ACM TASLP，2019，27(8)，1241–1255,未知源数下交替发现新源、重新分配时频观测、更新各源方向，减少多源空间谱峰合并。,2–5个静止语音源，八麦克风圆阵，混响和弥散噪声；源均需要被定位。,选取单源主导时频单元，估计并降噪协方差；用主特征向量与导向矢量的相似度构造空间谱。,未知K；根据剩余观测及谱峰变化决定是否继续发现新源，有检测与定位联合评价。,外层逐个检测源，内层按已有方向重新分配所有时频空间谱并更新方向；避免早期错误分配一直保留。,几何一致性、逐源观测分配可借鉴；原降噪利用圆阵对称性，单源主导筛选依赖语音时频稀疏。,1 s观测，16 kHz、32 ms窗、16 ms步长；时频局部协方差使用4帧与8频点；模拟和分别录制后叠加的真实声源数据。,作者报告相对直接取峰与逐次删除方法提高计数／定位F-score，尤其近源和多源条件；MAE只对成功定位源计算。,有作者MATLAB代码：https://github.com/BingYang-20/TF-Wise-Spatial-Spectrum-Clustering；正式15页全文。,支持时频稀疏语音下的未知K和逐源关联；不证明密集RF重叠仍有足够单源主导单元。,通过源发现与全体关联重分配的交替更新改善计数和定位。,依赖单源主导筛选、阈值和一定观察长度；降噪假设不能直接用于任意站点布局；近源仍存在分辨限制。,几何条件化逐源观测分配的强先例，不能把这句话本身当新方法。,只有诊断支持候选/观测归属错误时，才优先采用其迭代关联机制；先量化RF中单源主导单元是否足够，不能把站间主导源交换当作已证实瓶颈。,正式全文15页；第1244–1245页式(11)、(15)、(17)；第1247–1248页式(24)–(31)；第1249页观测与指标；第1253页实测与成本。,01 最相关｜优先精读,计数与几何关联的适配代表,任务近邻；方法来源；性能对照,尚待核验,第1244–1245页依赖单源主导时频单元，第1247–1248页重分配观测。先量化RF中这类单元是否足够；不足时才构成需要针对性改造的依据。
20,R39,End-to-End Signal-Aware Direction-of-Arrival Estimation Using Weighted Steered-Response Power,Wechsler、Mack、Habets，EUSIPCO，2022，41–45,用定位方向标签训练频率掩码，再由固定SRP求方向；不需要干净目标波形作为训练标签。,四麦克风线阵，一个目标说话人和一个非语音干扰源，含混响与白噪声。,混合STFT经过实值掩码与可选PHAT后计算SRP；本实现从一个通道幅度预测掩码并应用到所有通道。,一个目标源；其他声音视为干扰，不执行全部未知源的计数。,提出功率最小化损失PML，以真方向处的空间谱归一化后抑制其他方向，使梯度经过SRP训练掩码。,可迁移训练目标和加权接口；原任务利用语音与非语音差异，不能直接表示同类RF源的盲逐源恢复。,1.6 s、16 kHz；32 ms窗、16 ms步长；四麦克风间距8 cm；SIR为−6至6 dB；测试使用实测RIR合成混合信号。,定位标签训练与干净波形监督的掩码取得相近定位表现；定位掩码更稀疏，不保持语音恢复掩码的形状。,会议全文5页及作者演示页可用；PyTorch实现SRP的做法在文中说明，未确认完整训练代码公开。,证明单个目标的定位用途可以直接训练掩码；多目标扩展在结论中列为后续工作。,无需干净波形的混合学习—物理定位训练目标；展示定位专用掩码与增强掩码不同。,单目标、语音类别先验、长于本项目的多帧观测；没有未知K和逐源频谱报告。,直接覆盖任务驱动权重和定位用途分离的基本思想，是优先学习对照。,确认可靠性或选频确为瓶颈后，作为公共任务驱动加权的适配代表；逐源化还应超过规则和传统联合拟合，不能只与无权重扫描比较。,全文5页；第42页式(2)–(5)、第43页§IV单目标设置、第44页掩码差异、第45页多目标展望。,01 最相关｜优先精读,公共学习加权的优先适配代表,方法来源；性能对照,常规适配即可,指公共任务权重与SRP接口：原文为单目标语音，替换时延模型并重训可先做代表。全部未知RF源的逐源竞争和归属是否需要专用改动，另行验证。
21,R43,NeuralMUSIC: A Hybrid Neural-Subspace Framework for Robot Sound Source Localization,Yang、Fan、Yuan、Xie，IROS 2026已录用；arXiv v3,学习协方差和源数，接入MUSIC，再学习公共频率权重；自监督预训练改善数据利用。,机器人声学定位，单源、多源和未知源数；仿真语音、真实录音、脚步与声事件数据。,幅度与相位谱作为网络输入；每频率估计Hermitian矩阵，按预测K切分子空间，所有方向共用alpha_f。,有源数预测分支和未知源数实验，K取1到Kmax；未覆盖空场K=0。,神经协方差、源数分类、物理MUSIC谱和频率注意力融合；通过掩蔽通道重建做自监督预训练。,学习统计量和公共选频的强参照；原输出是方向，没有逐源频谱报告，RF未知信道与位置几何需适配。,STFT窗512、步长256，谱图统一257×64；自监督400轮、监督100轮；GSC、AV16.3、SLoClas、AFPILD及跨房间／阵列测试。,作者报告多场景定位改善；公共频率融合有消融收益。表IV和VI也显示部分跨阵列免微调、稀疏训练条件下传统NormMUSIC更好。,有作者代码：https://github.com/yizhuoyang/NeuralMUSIC；全文v3含附录。arXiv最新页面标注已录用IROS 2026。,覆盖未知K、学习统计量、物理后端与公共选频组合；不等于逐源频谱—位置联合估计。,将神经协方差、源数预测及宽带频率融合组合，并研究自监督和跨条件迁移。,权重对所有源共享；不保证所有条件优于传统法；主要用角度误差评价，不能替代本项目计数与集合指标。,最相关的方法参照之一。未知K加学习物理框架本身不足以形成新颖性。,未知K、学习协方差及物理融合已有先例；若后续研究短记录统计学习，可作适配候选，先验证计数及RF响应条件。,全文13页；第4页式(15)、(19)–(25)，第5–8页表I–IV，第9–13页附录，表VI；IROS录用状态见arXiv v3页面。,01 最相关｜优先精读,未知K的学习物理框架参照,任务近邻；方法来源；性能对照,尚待核验,原文已有未知K、学习协方差和公共频率融合。替换跨站时延模型并加入频谱输出后能达到何种质量，需与专用改动共同核验。
22,R42,Exploiting CNNs for Improving Acoustic Source Localization in Noisy and Reverberant Conditions,Salvati、Drioli、Foresti，IEEE TETCI，2018，2(2)，103–116,按各频率的定位误差训练CNN，学习保留或降低哪些窄带MVDR空间谱，再融合定位。,单源远场DOA；3或8麦克风线阵；噪声、混响、不同信号与不同房间。,输入网络的是归一化窄带空间谱的图像表示，输出二值选择或连续频率权重。,单源；结论明确没有点源干扰，多源列为后续研究。,把逐频物理位置谱的可靠性变成分类／回归任务；标签由真实方向与单频取峰误差计算。,可借鉴对已有DPD频率谱学习可靠性的思路；不是从混合RF中恢复多个逐源掩码。,48 kHz、2048点窗、10快拍协方差平均；USASI噪声训练，语音、脉冲、窄带信号测试；另有真实3／8麦克风录音。,仿真和录音支持学习融合改善定位；跨房间时连续回归通常比硬分类稳定，分类方案有时逊于普通归一化MVDR。,正式14页PDF在Zotero；给出结构、标签与主要参数，使用Matlab工具箱，未确认完整公开代码。,支持单源条件下的任务驱动频率融合；没有证明盲多源、局部站点污染或端到端多源集合能力。,以CNN识别对定位有益的单频物理谱，减少人工特征设计。,单源；权重标签阈值经验设定；不同环境下收益有差异，不能宣称学习始终优于传统法。,任务驱动选频的重要早期先例，优先精读机制而非照搬精度。,作为定位谱可靠性学习的公共处理参照；先确认错误峰或统计波动是当前失败原因，再评价逐源权重的额外收益。,正式全文14页；第106页式(5)、第107页式(8)–(11)、第113页实测表IX/X、第114页结论。,01 最相关｜优先精读,定位谱可靠性学习的适配代表,方法来源；性能对照,常规适配即可,指逐频位置谱可靠性学习，原文为单源且无点源干扰。可先在RF位置谱上重训；是否必须逐源化由候选场景结果判断。
23,R41,A DNN Based Normalized Time-Frequency Weighted Criterion for Robust Wideband DoA Estimation,Chen、Lee、Rao、Garudadri，ICASSP，2023,用学习掩码过滤并归一化观测，再与候选导向矢量匹配，减少强干扰频点对定位的误导。,一个目标说话人和一个或多个非语音干扰源，九麦克风阵列，噪声与混响。,网络逐通道估计IRM；后处理比较直接掩码、均值、乘积、阈值等，再使用固定物理定位准则。,核心推导明确假设一个目标源；实验也只定位一个目标说话人。,提出无需特征分解的归一化时频加权准则；系统比较权重后处理与MUSIC、主特征向量、SRP等后端的关系。,可作为学习权重与后端配合的适配参照；原网络依靠语音类别先验，不能直接处理全部未知RF源。,九麦克风矩形阵；16 kHz、1024点FFT；默认50帧；每条件200次试验，扫描SIR、混响和快拍数。,作者报告所提归一化准则在干扰场景优于所比学习子空间方法；最佳权重处理随后端改变，所提准则偏好掩码乘积。,有作者代码：https://github.com/kjason/DnnNormTimeFreq4DoA；已读5页作者全文，题录已核实为ICASSP 2023。,验证单目标多干扰条件下的稳健定位；不能把多个干扰源误当多个待恢复目标。,将观测归一化与学习掩码结合，揭示权重设计与物理准则的耦合。,单目标；依赖训练分布；没有盲计数和联合频谱报告。,重要且便于实现的学习参照，避免只比较弱规则而遗漏成熟的学习加权。,用于核对学习权重与物理后端是否匹配；改后端须重新校准或训练，不把接口错配当作已有方法能力不足。,全文5页；§4.1式(5)–(6)与定理1；§4.2表1；§5明确I=1和后处理对照。,01 最相关｜优先精读,权重与物理后端配合的适配代表,方法来源；性能对照,常规适配即可,指公共加权与归一化匹配准则，需替换导向模型及后端相关校准。原文I=1，全部未知源的联合输出另接计数与关联。
24,R40,Robust Speaker Localization Guided by Deep Learning-Based Time-Frequency Masking,Wang、Zhang、Wang，IEEE/ACM TASLP，2019，27(1)，178–188,各通道分别估计时频掩码，用通道掩码的乘积加权物理定位信息，提高目标说话人的定位可靠性。,单个目标说话人，强弥散语音噪声和混响；测试不同麦克风数量、几何及双耳配置。,用单通道谱预测目标占比或相位敏感掩码；站对权重为两个通道掩码相乘。,单目标，未定位全部说话人或估计未知目标数。,比较掩码加权GCC-PHAT、扫描信噪比和导向矢量匹配；用掩码估计目标与噪声协方差。,站对相关与权重乘积可参考；原网络针对指定目标语音，RF多源需另建逐源表示。,训练50000组双通道混合；平均约2.4 s；32 ms窗；仿真训练，实测RIR和不同阵列配置测试。,作者报告三种掩码引导方法均改善定位；相位敏感掩码通常优于普通比例掩码，通道乘积优于平均掩码。,作者公开全文；原文提供网络和信号处理定义，完整复现仍需数据与训练配置核对。,支持单目标定位及跨麦克风配置迁移；不等于未知源数、多源集合恢复的证据。,把逐通道掩码接入多类物理定位准则，并通过单通道训练提高阵列配置适应性。,单目标、单一主要噪声类型和训练SNR；BLSTM非因果；掩码质量直接限制定位。,逐站权重相乘有直接先例；不能把乘积结构单列原创。,借鉴通道掩码乘积和归一化接口。只有站点可靠性差异造成具体恢复错误时，才扩展逐源站对权重；加权不会自动分开同一频点中的源。,全文11页；第179–181页式(4)–(9)及PHAT抵消讨论；第183–187页实验和局限。,01 最相关｜优先精读,通道可靠性与权重接口,方法来源,常规适配即可,指通道掩码与物理统计的组合方式；需校准RF输入并检查PHAT抵消。单目标训练不等于完整多源能力，逐源扩展仍待验证。
25,R27,MMSE-based Distributed Direct Position Determination in Single-hop Sensor Networks,"Ding 等, IEEE TVT, 2026",提出 DDPDF：分布式频点检测、环形邻域鲸鱼优化加 DBSCAN 粗定位、扩散梯度下降精修位置与相位。单源 RMSE 比分布式 DPD 低约 5 dB、比两步法低 10 dB。,单发射源（含两源扩展）被动定位，传感器仅与通信半径内邻居单跳通信，无中心节点。仿真 10 个传感器布于 4000 m × 4000 m、中央 2000 m × 2000 m、通信半径 1800 m。,每站单天线标量接收、无阵列流型。算法吃进去的是时域采样经 DFT 后的频域数据；路径衰减系数论文指出常为复值、含信道引起的相位偏移。仿真 4000 个采样、频域块长 3000、蒙特卡洛 1000 次。,需阈值处理取峰：不估计 K，靠 DBSCAN 聚类取簇数；通信量又当 K 已知。,三段流水线：用多传感器 Burg 谱检测占用频点（低 SNR 下加放大因子并截断在单位圆内），再以环形邻域鲸鱼优化加 DBSCAN 粗定位，最后对频域成对相干残差做扩散梯度下降。最关键一步是代价函数只在检测到的频点上求和，并把信道相位偏移写成待估补偿项与位置一起迭代。与已有方法的差别是代价函数在频域构造、全程单跳分布式、粗定位刻意保留多极值。,直接基线候选；输入层级：原始混合 IQ。失效条件：多源可分依赖时域分离或中心频率不同；同功率两源时 SINR 收敛到约 0 dB、高 SNR 段不再改善；靠阈值聚类定源数。,纯仿真无实测。10 个传感器、两源相距 500 m；LFM 带宽 2 MHz、SNR −15 至 10 dB、Monte Carlo 1000 次；对比分布式 DPD、D-ADPD、D-MCDPD、两步法与传统 Burg，指标为 RMSE、检测率与虚警率。,检测（图 7(d)，−15 dB）：传统 Burg 检测率约 0.86、虚警率约 0.36，DTV-Burg 加放大因子后虚警率约 0.05。单源精定位比分布式 DPD 与 D-MCDPD 低约 5 dB、比两步法低约 10 dB。频域检测只在 −7.5 至 5 dB 有增益，更高 SNR 反而略有害。,未说明是否公开。仿真参数较全；但 Burg 阶数与采样率只有符号，放大因子前后矛盾（1.5 对 1.2）。,作者结论：三步算法低 SNR 下优于 D-ADPD 等 TDOA 方法，复值衰减下能收敛。证据边界：频域检测增益有条件，超过 7.5 dB 反而略有害；多源结论只在两源、时域重叠但中心频率不同、缺同条件基线下成立；未验证源数超过 2、同频多源。,1) 把频域 MMSE 成对残差代价引入单跳分布式直接定位，并加入待估相位补偿项。2) DTV-Burg 扩展 Burg 谱到分布式网络，虚警率约 0.36 降到约 0.05。3) RNTDWOA 用环形邻域改造鲸鱼优化，保留多极值以分出多源。4) 给出分布式实现与通信量分析。,1) 多源可分性建立在时域分离或中心频率不同之上，未给同频同时多源的可分辨条件。2) 无源数估计：靠 DBSCAN 取簇、无漏检与虚警评估，不满足最少点数时整次失败；通信量公式又把源数当已知。3) 复值相位收敛性只有仿真、无证明。4) 放大因子先写 1.5 后写 1.2。,问题价值成立：把粗到细、扩散优化、相位补偿整合成可流水线部署的方案。但创新属渐进式组合，真正增量是「频域加相位补偿加保留多极值」。证据强度中等偏上：单源有 1000 次 Monte Carlo 与 CRLB；多源既无同条件基线也无源数评估，明显弱于单源。,借鉴完整传统流程中的选频、粗搜索和参数精修。作为后续系统对照时对齐站数、记录和频谱重叠条件；我们的收益可体现为联合输出、弱源可靠性或成本。,信号模型：§II-A，p.3；分布式 Burg 与频点检测：§III-B，p.4—5；RNTDWOA：§IV-B，p.6—7；精定位：§IV-C，p.8。,01 最相关｜优先精读,选频、粗搜索与精修流程参照,性能对照；方法来源,尚待核验,原选频、粗搜索与精修流程值得整体对照。站数、频谱重叠和接收质量差异改变后，常规校准是否足够需实测算法表现。
26,R47,Riemannian Covariance Enhancement for Robust Direct Position Determination Under Intermittent Interference,Segman、Picard、Talmon，IEEE OJSP，2026，录用作者版,用黎曼均值增强不同时段与阵列块的协方差，再交给标准DPD，抑制间歇或局部干扰。,多个持续目标与时间／空间间歇干扰；干扰不属于需恢复目标。每站有多天线阵列。,窄带近似忽略跨站传播时延，位置依赖来自阵列响应；空间增强利用非对角互协方差恢复受污染对角块。,实验取两个目标峰；未给未知目标数的完整计数规则。,先做时段协方差的黎曼均值，再用跨阵列块增强对角块并对角加载；后端定位准则保持不变。,稳健统计可借鉴；按原式令每站阵元数M=1时位置依赖消失，需要另建保留跨频时延的模型。,默认四站，每站10阵元、80快拍；两目标与两个干扰；扫描SIR、SNR、样本量和污染时长，另比较真值污染支撑下的删除策略。,仿真显示局部和间歇干扰下定位改善；持续污染增加时收益下降，弱干扰时传统方法可能更好。,18页录用作者版含附录A–D；给出算法、主要参数和复杂度，未确认公开代码。,附录证明解释总体协方差的扰动衰减；空间谱优势的附录D另需逐阵列正交条件，不是任意多源定位保证。,将时域与空间局部污染的协方差增强接到标准DPD，并给出条件化理论解释。,依赖目标／干扰定义与共享成分结构；部分空间推导是单目标秩一模型；共享多站的同一干扰不在该空间分析内。,应提高精读优先级，直接约束局部污染场景动机；原定位器不直接适用四站单天线。,局部污染和间歇干扰方向的条件性来源。当前主问题是强弱待定位源共存；压掉待定位弱源必须计漏检，不将干扰抑制指标直接当多源恢复收益。,全文18页及附录；第3页式(1)、(5)，第4–7页式(12)–(30)，第9–13页实验，附录B/C扰动界，附录D第16页式(70)。,01 最相关｜优先精读,局部或间歇污染的稳健扩展,方法来源；场景扩展,需针对性改造,第3页定位模型依赖阵列且忽略跨站时延，M=1后位置依赖消失。用于污染扩展需建立TDOA接口；当前站间接收质量差异不能直接等同其局部干扰模型。
27,R62,Direct Localization With Direct-Path Interference for Reference Channel-Free Distributed Passive Radars,Zhou、Yuan、Li、Greco、Gini、Yi，IEEE Transactions on Signal Processing，2025，73:4379–4396,参考通道缺失时，强直达波与未知照射波形影响弱目标定位。 EM/SAGE与坐标更新联合估计波形、链路和位置，扣除直达干扰后用Newton类步骤更新位置，并推导CRLB。,无参考通道的分布式被动雷达，以多个已知位置的非合作照射源定位反射目标；不同照射源频带互不重叠。,同一照射波形形成直达干扰与目标回波；未知波形与复增益，使用波形统计先验并联合估计目标位置。,主要为给定目标模型，正文有双目标扩展示例；不是未知数量独立发射源盲计数。,EM/SAGE与坐标更新联合估计波形、链路和位置，扣除直达干扰后用Newton类步骤更新位置，并推导CRLB。,需针对性改造；照射源／目标结构不同；未知照射波形、强直达波和弱目标回波的混合观测,代表配置4照射源、8接收站、60采样、300次Monte Carlo；含多目标扩展。无实测，有限窗采用观测远大于时差或完整脉冲条件。,适中直达波可帮助估计未知照射波形；过强时残余限制弱目标恢复。作者数值比较支持无参考通道方案在其模型下的精度。,Zotero FAKCC2ZI；PDF 9FX7UXQF，正文18页已读；独立补充证明未取得，代码与数据按文中说明需向作者申请。,强弱干扰、未知波形联合估计和消除残余上限已有系统研究，但不是本项目的同条件直接对照。,无参考通道下联合利用和抑制直达波，形成较低硬件需求的目标直接定位。,已知照射源位置、不同照射源不重叠、直达与回波共享波形；不能等同于多个位置未知、波形独立的同频RF源。,重要方法来源与任务差异参照。,借鉴波形后验、联合更新和残余机制分析；不要将已知照射源或已知统计量偷偷带入本项目基线。,库内正文全文已阅读；补充证明未取得。§II模型、§III–IV联合估计、§V实验及多目标讨论；Zotero FAKCC2ZI / PDF 9FX7UXQF；DOI：https://doi.org/10.1109/TSP.2025.3595854,02 比较相关｜方法与创新借鉴,联合波形估计／直达干扰消除来源,方法来源；场景扩展,需针对性改造；照射源／目标结构不同,目标回波与直达波同源，以及已知照射几何，是实质条件差异。
28,R64,Robust Expectation-Maximization Algorithm for Multiple Wideband Acoustic Source Localization in the Presence of Nonuniform Noise Variances,Lu Lu、Wu、Yan、Iyengar，IEEE Sensors Journal，2011，11(3):536–544,等噪声假设失配导致定位精度下降。 以EM联合更新源分量、位置与非均匀噪声方差，并与集中似然近似方法比较。,多个未知宽带声源定位，各接收站噪声方差不相同。,多源未知确定性波形与各传感器独立、不同方差的高斯噪声；EM交替估计位置、源分量和噪声方差。具体步骤把链路增益设为1。,已知源数；非完整盲计数方法。,以EM联合更新源分量、位置与非均匀噪声方差，并与集中似然近似方法比较。,噪声方差估计及白化可借鉴；原单位增益和实信号半谱接口不能直接代表未知复链路IQ。,5传感器、2源、200采样、256点DFT、100 kHz，100次Monte Carlo；非均匀噪声方差比例为2:3:1:5:9，比较多种初始位置。,作者报告EM在所设噪声与初始化条件下优于SC-ML/AC-ML；三类方法均对初值敏感，初值变差会明显增加误差。,Zotero正式期刊PDF9页已通读，提取缺失的算法与CRLB公式已对照页面核查；未在本项目复现。,站点噪声不同和联合可靠性处理已有传统方法，不能只凭这一条件宣称需要网络。,在宽带多源定位EM中联合处理非均匀站点噪声。,单位链路增益；站点白噪声方差不同不等于未知复信道、频率选择性污染或结构化干扰；初值仍是重要限制。,若引入站点噪声不均衡，这是必要的方法来源。,可靠性学习前先比较观测驱动的噪声估计、白化与EM；避免用真实噪声知识只增强本方法。,正式期刊全文9页；§II式(1)–(8)，§IV p.540两处a_p^(m)=1，式(40)–(52)，§VI p.541–543；Zotero 3YIWDH7W，PDF TFMSPI96；DOI：https://doi.org/10.1109/JSEN.2010.2050311,02 比较相关｜方法与创新借鉴,未知站点噪声／可靠性估计参照,方法来源；场景扩展,噪声估计机制可借鉴；复链路与IQ需重核,p.540明确设置单位增益。须区分站点噪声方差与传播链路参数，不能据此宣称任意站点质量差异已被解决。
29,R67,SepLocNet: Multi-speaker localization with separation-guided TDOA estimation in wireless acoustic sensor networks,Dang、Herzog、Chetupalli、Habets、Liu，Applied Acoustics，2025，231:110488,用双通道语音分离保持逐源时差，再用掩码特征跨节点关联并求位置。,混响与噪声下的多说话人三维定位；节点内部同步，节点之间可异步，源数给定。,每节点两个同步麦克风，节点间可异步，源数已知；分离直达语音，用GCC-PHAT估节点内TDOA，将比值掩码沿时间求和形成频率占用关联特征。,已知K；分别训练和评价两、三说话人条件。,DC-SepFormer估每个源的双通道直达波形；GCC-PHAT估TDOA；频率占用特征构造关联代价，差分凸优化与局部匈牙利匹配降低关联成本，最后用单源物理解算器定位。,需针对性改造；跨站单天线接口不同；学习分离、节点内TDOA及辅助关联特征,8个双麦节点，两/三说话人，8 kHz采样、2秒定位片段，语音混合训练，训练相对源电平0–5 dB；网络约1940万参数。,作者报告多数所测混响和SNR条件下召回较好，0 dB时IR-SRP对照更好。MAEE只统计误差小于0.3 m的成功定位，不能单独比较；节点分离增加算力开销。,Zotero正式期刊PDF14页及附录已通读；数据按作者声明可请求获取，未在本项目复现。,证明所设语音条件下分离、时差、关联与位置组合有效；不是未知源数或未知独立RF波形的证明。未证明网络对所有完全重叠信号无效。,保持双通道时差的分离、掩码关联特征与差分凸关联求解。,双麦节点、已知K、语音先验、2秒片段；相似RF频谱可能削弱占用特征的源区分能力。需重建复IQ输入、跨站配对并验证相位/时延保留。,重要的分离与关联方法来源；作为四站RF性能基线需重新设计和训练。,借鉴分离后保留时差及辅助关联。先量化完全重叠RF中关联特征是否可辨，不以语音网络的成功或失败替代RF验证。,正式期刊全文14页及附录；§2给定K/双麦，§3.2式(9)–(13)关联特征，§4关联，§5训练与2秒片段，§6及表4成本；Zotero 44CNZJSJ，PDF YRSJHH44；DOI：https://doi.org/10.1016/j.apacoust.2024.110488,02 比较相关｜方法与创新借鉴,分离保持时差与跨节点关联来源,方法来源；场景扩展,需重建跨站复IQ接口并重新训练,原模型只用节点内双通道时差。跨站配对可以重新设计，但语音训练先验和掩码频率特征在相似调制RF中的可辨性需验证。
30,R69,Maximum Likelihood Direct Position Determination of Multiple Sources With Channel State Information,Wang、Tan、Lohan、Valkama、Wan，IEEE Transactions on Vehicular Technology，2025,利用共同已知OFDM参考信号的CSI，以源分组和重要抽样改善近源联合定位。,多站静止RF定位，多个近邻源发射或反射同一已知训练/参考信号。,已知OFDM序列估计出的多站多子载波CSI作为观测；路径复增益b_ql未知，通过集中似然消去。CSI不等于已知逐路径增益。,算法1对粗谱每个区域用AIC估计源数；正文仿真设置两/三源，未独立报告完整盲计数性能。,将粗谱峰分为单源区和多近源区，用围绕中心的源组构造重要分布，生成位置样本，再按集中似然加权估计位置。,未知独立波形混合IQ不能直接变成共同参考信号CSI；可借鉴分组和重要抽样，但需重建似然及候选生成。,8个同步传感器，500 m×500 m区域，64个OFDM子载波、间隔312.5 kHz，随机复衰减，1000次Monte Carlo；重点为近邻源。,作者报告近源条件下较普通IS-DPD/SDF-DPD精度更好且所需抽样数更少。渐近讨论依赖分布覆盖与足够抽样，不是有限预算不漏峰保证。,Zotero正式期刊PDF6页已通读；正文所指外置补充材料未取得，相关额外证明未核验；未在本项目复现。,已知共同参考信号条件下的多源ML求解与成本改进；不是任意未知波形的同条件证据，也不能把CSI误记为已知复增益。,区分单源峰与合并峰，针对近源构造重要分布并减少无效抽样。,共同已知OFDM信号、源分组和粗峰区域先验；有限样本覆盖、漏弱峰和完整计数仍需另测。,联合搜索的重要方法来源，直接RF任务相近但输入信息不同；现阶段不列同条件性能对照。,候选拥挤时可借鉴分组与抽样；弱源尚未形成粗峰时须检查截断区域会否漏掉它。对齐未知波形模型后再比较。,正式期刊全文6页；§II式(1)–(4)，§III-A集中似然/源组，§III-B截断与渐近论述，p.10021算法1的AIC步骤及实验；外置补充未取得；Zotero MK7DSBT3，PDF ILTXRH4A；DOI：https://doi.org/10.1109/TVT.2025.3538794,02 比较相关｜方法与创新借鉴,共同参考信号多源ML与重要抽样来源,任务近邻；方法来源；场景扩展,搜索机制可借鉴；共同已知参考信号接口需重建,§II已知训练序列用于CSI估计，b_ql仍未知；本项目无此共同参考信号，不能混用先验或挪用渐近全局结论。
31,R68,Direct Localization of Strong and Weak Sources with a Moving Array,Tang 等，ICTC，2024:24–29,在移动多阵元观测中利用噪声子空间不变性融合空间谱，定位强弱RF源。,多次位置观测的圆阵，多个功率不同的窄带RF源。,每位置M阵元圆阵，Q源且Q<M；在协方差上加入候选虚拟源，比较较小特征值变化，再融合多个位置的谱。,给定Q用于划分噪声子空间和取Q个峰；非盲计数。,候选源协方差扰动与噪声子空间不变性构造定位谱，多位置融合后取峰。,原方法依赖站内多阵元角度与噪声子空间；M=1且多源时Q<M不成立，不能直接作为四站单天线对照。,5个阵列位置、3源，其中1强2弱；测试5/10/20 dB功率差，报告位置谱和RMSE。,作者报告较大强弱比时较SDF/ML对照更好；仅限所列多阵元、多位置仿真，未证明静态单天线适用。,Zotero会议PDF6页已通读；仿真参数披露有限，未在本项目复现。,支持强弱RF定位的现实问题和子空间融合机制，不提供当前单站单阵元下的直接解法。,结合噪声子空间不变性与多位置直接定位，减小强弱谱峰差异。,给定源数、多阵元与多位置观测；单阵元下原子空间结构失效。,任务近邻和机制参考；不作为本项目同观测直接性能基线。,可借鉴弱峰突出及多位置融合思路；若要用于静态四站，必须另建保留跨站时延的统计量与秩条件。,会议全文6页；§II式(1)–(4)及Q<M，§III式(7)–(17)，§IV仿真；Zotero RGK8SPA2，PDF YRCYTINF；DOI：https://doi.org/10.1109/ICTC61510.2024.10602269,02 比较相关｜方法与创新借鉴,强弱RF任务近邻与阵列融合来源,任务近邻；方法来源；场景扩展,仅机制；原多阵元子空间不能直接用于M=1,原噪声子空间维数M−Q要求Q<M；静态单天线缺少其站内角度和多位置观测。
32,R70,Off-grid sparse Bayesian learning for direct localization of cyclostationary sources with adaptive grid refinement,Wang 等，IEEE Transactions on Wireless Communications，2026，在线发表,固定网格误差与交叉项影响直接定位。 作者机构摘要描述循环互协方差、差分共阵列扩展、自适应多分辨网格及二阶离网修正；不据摘要认定其适用于四站单天线。,循环平稳源的离网直接定位及自适应网格细化。,尚未完成全文核验；具体观测模型与假设待确认。,待全文核对，不从题名或摘要推断。,作者机构摘要描述循环互协方差、差分共阵列扩展、自适应多分辨网格及二阶离网修正；不据摘要认定其适用于四站单天线。,尚待全文核验；阵列与循环条件需重建；循环互协方差、稀疏离网字典,未完成全文核验，不补写采样、站点、信噪比或实验规模。,仅保留摘要／书目层面的方向判断；性能数值与条件尚未全文核实。,尚未取得并读完全文；公开入口见证据定位。,仅作为待核验近邻；不能由摘要缺少某条件认定该方法无法迁移。,作者机构摘要描述循环互协方差、差分共阵列扩展、自适应多分辨网格及二阶离网修正；不据摘要认定其适用于四站单天线。,阅读范围有限，原文模型、先验、搜索与统计条件尚待核实。,保留在相关方向的优先全文核对队列，不参与已证实性能排名。,“稀疏估计＋自适应网格＋离网修正”已有近期先例；搜索方向需说明评分结构和条件上的实质差别。,仅作者机构摘要初筛，非全文核读。作者机构记录：https://omega.polsl.pl/info/article/PSL0b88f45ed1264a6a943bb8f257cb9d3c/；DOI：https://doi.org/10.1109/TWC.2026.3738889,02 比较相关｜方法与创新借鉴,离网与自适应网格方法近邻待核,方法来源；性能对照,尚待全文核验；阵列与循环条件需重建,阵列角度与可分循环统计提供额外信息，当前模型中的适用性尚未核实。
33,R71,Enhancing Localization Accuracy via Score-Based Interference Suppression,Teng、Yuan，IEEE Wireless Communications Letters，2026,学习结构化干扰先验，通过消息传递与角度估计联合定位一个服务用户。,毫米波SIMO，一个待定位服务用户及多个干扰用户，基站使用大规模平面阵列，目标高度已知。,y=x+z+n，x为目标LoS阵列分量，z聚合目标多径及其他用户；用角度和固定高度换算位置，离线学习干扰样本的score与Hessian。,输出一个服务用户的位置；不估计或定位全部干扰源，仿真设置3个干扰用户。,LMMSE模块分解目标与干扰，物理角度/位置模块与score/Hessian去噪器交换消息，形成STMP迭代。,原输入是大阵列窄带空间观测，不能直接替代四站TDOA；本项目其他源也是目标，不能全部并入待消除干扰。,28 GHz，64×16阵元UPA，固定UE高度1.5 m，3个干扰用户；3GPP CDL-C统计下50000训练样本、3000评价样本。,作者报告所设仿真中比ML-AWGN等对照误差低，并接近无干扰CRB；未验证四站多目标恢复或跨干扰分布泛化。,Zotero正式期刊PDF5页已通读；无本项目复现，训练与推理成本需重新测量。,支持结构化干扰先验辅助单目标角度定位；不证明所有未知RF源可以同时恢复。,学习干扰统计先验并嵌入物理位置估计的turbo消息传递。,1024阵元角度信息、已知高度和干扰训练分布；目标与其他源的角色不同于多目标被动定位。,学习先验与物理求解的有用来源，作为当前直接竞争方法的威胁降低。,仅在存在可学习、与目标可区分的结构化干扰时考虑此思路；不能将所有弱源视作噪声，也不能据此预设需要网络。,正式期刊全文5页；§II式(1)–(6)，§III-B式(14)已知高度，§III-C训练先验，§IV阵列/样本及图4–5；Zotero FHJY6X6X，PDF VMXSZXSU；DOI：https://doi.org/10.1109/LWC.2026.3708142,02 比较相关｜方法与创新借鉴,学习结构化干扰先验与物理推理来源,方法来源；场景扩展,仅机制；需重建多源TDOA观测与目标/干扰定义,位置由UPA角度加已知高度确定；四站单天线无对应角度观测，干扰源在本项目中也可能是待定位目标。
34,R54,Successive interference cancellation-based direct position determination for multi-interference localization via single LEO satellite,Sun等，npj Wireless Technology，2026，2:77,单颗低轨卫星先估计最强干扰源，重构并减去其信号，再定位剩余源。,单颗运动LEO卫星接收多个静止地面干扰源；用多观测时刻的多普勒变化形成定位信息。,跨时刻堆叠原始复观测；未知源是窄带连续波，复包络在全部观测时刻近似恒定；已知轨道状态和载频。,已知，或由AIC/MDL估计；作者承认低SNR或相干源会使计数退化。,在残差信号上优化单源归一化匹配分数；最小二乘估计一个复幅度并重构减除。用Adam搜索位置；不是每轮重拟合全部已发现源的完整AP。,同属RF混合观测和逐源消除，但恒定复包络、运动多普勒与跨时刻观测不同于静止多站未知宽带波形，需重建响应和波形参数。,主要仿真10时刻、间隔50 s，每时刻100快拍；初值离真位置约17 km。考察0/3/10/20 dB功率比、源间距、1–5源和轨道误差。外场包含两个有真值的独立单源场景及一个无位置真值的三源场景。,作者报告所选模拟条件下优于FFT、ESPRIT、EKF，弱源随功率差增大退化；有真值外场单源达到亚公里误差。三源外场无真实坐标，不能验证其多源定位精度。,正式14页PDF全文已读，Zotero EFGDMZH2，附件H2QH3CBA；代码和数据不公开，正文称可合理申请。,支持具体LEO/CW场景的SIC-DPD；不能推广为短记录任意宽带多源已解决，或所有初值都能全局收敛。,将SIC和直接多普勒定位结合，配合梯度搜索降低三维网格成本，给出模拟及在轨数据示例。,恒定复包络、静止源、轨道知识和较好初值；时变/宽带源导致不完全抵消，被列为未来工作。,说明RF强弱源逐源消除已有专门工作；方法借鉴价值高，直接性能可比性低于R52/R53。,用于界定SIC思想先例并借鉴成本评价。当前完整投影/AP应优先对照R51/R52，不必先复现卫星系统。,第3–4页模型和仿真时长/初值；第5–8页实验设计；第8–11页外场及限制；第13页式(16)–(18)。https://doi.org/10.1038/s44459-026-00078-3,02 比较相关｜方法与创新借鉴,RF逐源消除的方法来源与运动场景扩展,方法来源；场景扩展,需针对性改造,式(11)用跨全部时刻不变的单个复幅度表示每源。未知宽带波形不能沿用该参数化，且固定多站没有轨道多普勒信息。
35,R55,一种强弱信号的直接定位与信源数估计方法,谢坚等，发明专利CN112578335A（2021公开）／CN112578335B（2023授权）,逐个使用协方差特征波束形成归一化空间谱，以谱峰和其余位置均值之差估计强弱源位置及源数。,多基站阵列接收功率差较大的多个信号源。,多站多阵元、静止源、分段频域观测；含路径复衰减，估计各频率协方差并进行特征分解。,输出源数；逐特征波束使用峰均差门限停止，示例门限13.4 dB。,对特征向量形成的空间谱做Capon最优权归一化，逐个寻找显著峰；无需先知道强源方向，不采用反复重构扣除。,模型来自混合复观测，但原实施例依赖每站多阵元。单天线时需重审跨站时延信息、协方差估计和式(17)求解，不能只改阵元数量照搬结论。,四个基站，每站七阵元，SNR 30 dB，20段、64个傅里叶点；复衰减均值1、方差0.1；强弱功率差20–40 dB。,实施例报告20–30 dB差时位置落在真值格点，40 dB时弱源有偏差；给出谱图对比，未给覆盖多布局的盲计数/虚警统计。,Zotero 2CNNHFES为知网页面；补读在线13页授权说明书、权利要求与附图，核对式(17)及实施例。非期刊论文。,提供强弱源定位和计数的已公开方案及特定阵列实施例；不代表单天线短记录性能已被验证，也不将专利主张当作独立性能证据。,逐特征波束的强弱源搜索、Capon归一化和峰均差计数规则。,阵列实施例；统计性能证据有限；门限迁移、短窗秩与单天线可辨性均待检验。,说明强弱源定位与计数早有专门方案；作为方法线索和任务近邻阅读，不优先承担当前主性能对照。,避免把强弱源或联合计数定位写成首次提出；可借鉴逐成分评分与停止规则，但应重新校准虚警和漏检。,授权文本说明书§[0037]–[0046]及式(17)，§[0097]–[0108]与表1；全文https://patents.google.com/patent/CN112578335B/zh；公开版https://patents.google.com/patent/CN112578335A/zh,02 比较相关｜方法与创新借鉴,强弱源定位与计数的专利方法参照,任务近邻；方法来源,尚待核验,四站七阵元实施例不能直接支持四站单天线。需要检查频率间增益约束、式(17)优化含义及短记录协方差/门限。
36,R50,Direct detection and position determination of multiple sources with intermittent emission,M. Oispuu、U. Nickel，Signal Processing，2010，90(12)，3056–3064,用移动阵列的多批观测联合定位间歇发射源，以交替投影降低ML求解维度，再根据残差逐步判断总源数；计数检验仍需已知每批活跃源数和噪声方差。,单个移动平台携带多天线阵列，沿已知轨迹观测多个静止窄带远场源。各源可在不同批次发射或静默；总源集合固定，每批活跃源数变化。不是多站单天线的一次同步截获。,每批接收向量为阵列响应、二值发射状态和未知复波形的乘积之和，加空间时间白复高斯噪声。阵列完全校准，批内准静态；定位信息来自方向响应随平台位置变化。要求每批活跃源数Q_n<M及导向矢量线性独立。确定性波形模型不排除相干信号，也不要求批间波形相关。,§3.1定位假定总源数Q已知；§3.3 DDPD估计Q，但仍需已知每批活跃源数Q_n和接收机噪声方差。发射概率用于模型和CRB分析，所述DPD算法不需要它作为输入。,比较跨批Capon融合与联合确定性ML；消去未知波形后最小化投影残差。AP轮流更新一个源的位置，并对其他已估源做确定性零陷。DDPD从少量源开始拟合，残差不符合噪声检验就增加源数并重新估计。,原方法使用阵列复观测及各批协方差，不能直接应用于多站单天线IQ。需重建共同源波形、跨站时延与链路增益模型，不能仅把阵元数改为1或把批次改成站点。,仿真：10阵元圆阵、12批观测、每批100样本；双源发射概率1和0.7，活动时等幅。定位比较2000次Monte Carlo，Nelder–Mead每次用真值初始化。计数增加第三源，发射概率0.9，1000次试验，SNR为−10至15 dB的六档。未给实测验证。,图5–6显示多源间歇发射时，文中Capon准则出现偏差，而ML明显改善；所示AP结果与ML相符。图7报告约99%的正确总源数判断，但作者明确指出已知Q_n使低SNR结果偏乐观。原结果不是完全盲系统或未知初值全局搜索的证明。,模型、代价、AP更新、残差检验和主要仿真配置可查；本文未提供代码链接。复现需明确活动序列、初始化和检验阈值。RF适配后的残差分布、自由度及连续检验虚警应重新校准，不能直接套原阈值。,传统联合ML能够处理多源间歇发射，并可结合总源数检验。证据限移动多阵元、已知噪声等条件；定位性能用真值初始化，未知总源数实验仍已知各批活跃源数。未验证单天线TDOA、逐源频谱报告或当前站间主导源差异场景。,间歇发射多源DPD的条件CRB与事件平均近似；比较Capon和ML的差异；用AP分解高维位置优化；通过残差检验迭代估计总源数和位置。,依赖阵列方向信息、多个平台位置及Q_n<M；完全校准、已知白噪声方差；DDPD需Q_n；定位真值初始化。没有验证未知初值、完全盲计数或多站单天线模型。,第二档前列的经典方法参照。它削弱了传统DPD只能处理持续发射、不能结合计数与定位的宽泛主张；不直接否定当前短观测单天线方案，也不能将文中Capon失效推广到全部DPD。,间歇发射、联合ML与残差计数的重要边界参照。当前投影核心已有更接近的R51/R52，优先用其核对单天线宽带基线；R50用于计数条件和时间活动扩展。,全文9页已阅读。3058页§2.1–2.2、式(2)–(8)；3059页A1–A4；3060页式(24)–(28)；3061页§3.1、式(29)–(34)及仿真配置；3062–3063页图5–6、真值初始化；3063–3064页§3.3、图7及已知Q_n边界。DOI：https://doi.org/10.1016/j.sigpro.2010.05.010；Zotero：IMURV42Q；PDF：CUL7569J。,02 比较相关｜方法与创新借鉴,间歇发射与有条件残差计数参照,任务近邻；性能对照；方法来源；场景扩展,需针对性改造,式(6)–(7)依赖阵内方向相位，单阵元退化后不能保留该定位信息；A1要求Q_n<M。应重建多站共同波形及跨站时延模型，不能将独立批次未知波形照搬为独立站点波形。DDPD另需处理未知Q_n及噪声估计；其实际质量和成本待同条件验证。
37,R56,Fast Direct Localization for Millimeter Wave MIMO Systems via Deep ADMM Unfolding,Fan、Liu、Li、Huang，IEEE Wireless Communications Letters，2023，12(4):748–752,将直接定位的稀疏优化展开为可训练ADMM层，学习少量迭代参数，并筛选具有直达路径的基站改善位置判决。,一个单天线合作用户发送导频，多个配备大型阵列的基站接收，包含LoS和NLoS路径。,窄带阵列角度响应；位置共享的LoS行稀疏分量与各站NLoS角度稀疏分量共同解释观测。用户单天线不等于接收站单天线。,单用户定位，不是未知多源计数。,"用联合l1/l2,1约束区分LoS/NLoS成分；推导近端ADMM，再按层学习步长、惩罚及权重。根据估计链路成分选择可能有LoS的基站，修正位置评分。",阵列窄带导频模型无法直接用于多个未知宽带源；可借鉴少参数展开和可靠站点选择，物理字典及多源模型需重建。,四基站、每站50阵元、30 GHz，使用3GPP场景信道；每新增层700训练样本，200验证样本，1000次Monte Carlo。,期刊版图3与表I报告DAUN改善迭代效率；其平台DAUN为0.017 s、P-ADMM为0.102 s。不是本项目在线成本。,Zotero正式期刊PDF5页已通读；未在本项目复现。条目A6PNQGMU，附件B8CCB73X。,支持特定MIMO单用户稀疏定位中的参数学习与加速；不能证明未知多源单天线RF定位需要深度网络。,专用ADMM求解、少参数展开及LoS站点选择精修。,单用户导频和多阵元角度信息；模型、输出与当前任务不同；训练和部署成本须重新测量。,有价值的学习投入与物理求解器结合案例，可在确认迭代成本瓶颈后借鉴，不应仅为使用深度学习而展开。,若当前物理模型已适用但需要更少迭代，可比较规则调参、普通优化与少参数展开；先证明同预算的质量或成本收益。,正式期刊全文5页；§II式(1)–(3)为单用户导频与阵列模型，§III-B为展开，Algorithm 1为LoS站点筛选，图3/表I为迭代与耗时；Zotero A6PNQGMU，PDF B8CCB73X；DOI：https://doi.org/10.1109/LWC.2023.3243157,02 比较相关｜方法与创新借鉴,少参数算法展开与求解加速来源,方法来源；场景扩展,需针对性改造,§II-A定位依赖多天线AoA和合作导频。M=1接收站下原角度字典失效；可复用展开机制，不能原样充当多源TDOA性能基线。
38,R08,The Generalized Correlation Method for Estimation of Time Delay,"Knapp 等, IEEE Trans. ASSP, 1976",推导两路空间分离传感器下时延的最大似然估计器，证明它可实现为「预滤波加互相关加峰值检测」，预滤波等价于给互功率谱加频率加权；并把五种已有加权统一在同一框架下比较。,单个远场源被两个空间分离的传感器接收，估计两路间的到达时间差，进而可推出方位角。约束：信号与噪声联合平稳、观测时长有限、源谱与噪声谱未知或仅近似已知。只考虑单个源，多径作为多个时延的附加情形。,两路接收模型为源信号加噪声，第二路含未知衰减与待估时延，源与噪声不相关。实际使用的是由有限观测估计出的互相关函数或其互功率谱、以及两路的相干函数；加权函数须自行选择或用估计量代入。,论文回避未讨论：模型只含单个源，文中「多个时延」指同一信号的多径分量而非多个源。,把经典的「滤波—延迟—相乘—积分—取峰」互相关器推广为广义互相关：两路先经预滤波，等价于把互功率谱乘以一个一般频率加权函数，时延估计取使广义互相关最大的时延。再用最大似然推导最优加权：高斯假设下把似然按频域分解，时延只影响其中一项，ML 于是等价于最大化该项；另以偏转准则最大化经不等式得到同一最优条件。与已有方法的关系不是提出新加权，而是把各种启发式加权纳入同一框架并证明 ML 加权是其最优成员。,需重推适配；输入层级：已提取的二阶统计量（两路互功率谱或互相关）。失效条件：模型是双传感器单源、只估一个标量时延；本项目是多站多源、同频带混叠、要同时恢复 K、逐源频段与位置。,本文为理论与方法论文，没有系统实验矩阵。作者说明未对方差表达式做仿真验证，理由是缺少专用相关器硬件、计算量过大；只做了一次观测时长足够大的试验，验证把估计的互功率谱与相干函数代入后仍能得到有用的时延估计。几何、源数、信噪比与 Monte Carlo 次数均未给出。,全文为解析结果，无实验数值。ML 时延估计器可实现为预滤波加互相关加取峰，最优加权正比于该频段的信噪比型量；低信噪比下 ML 加权退化为 Eckart 预滤波，两路噪声谱相等时可写成 SCOT 预白化加信噪比加权。HT 的时延方差有闭式表达并被证明达到 Cramér-Rao 下界。多时延下与源自相关的卷积会把尖峰摊开，可能使峰值无法分辨。,本文不涉及代码或数据。推导完整可复算，模型、加权定义与方差式均给出中间步骤；但作者明确承认未对方差表达式做仿真验证。,作者结论：通常条件下 HT 处理器是时延的 ML 估计器，低信噪比下等价于 Eckart 预滤波加互相关，六种技术可统一在广义互相关框架内理解。证据边界：严格证明的只是双传感器、不相关加性高斯噪声、单源模型下的解析结论；论文没有任何实验，不能支持任何具体场景的精度数字。,一是建立广义互相关统一框架，用一次频率加权把预滤波、互相关与峰值检测联系起来。二是给出时延 ML 估计器的完整推导，证明它等价于 HT 处理器、低信噪比下退化为 Eckart 处理器，为「按频率信噪比加权」提供严格统计依据。三是给出任意加权下时延方差的通用表达式并证明 HT 达到 CRLB。,一是模型只含单个源，多源同频带混叠与源数未知均未建模；对多时延只说「可能无法分辨」，未给可分辨条件或求解方法。二是最优加权依赖未知的源谱与噪声谱，替代方案被作者本人称为纯启发式。三是方差结论只评估局部方差、不计入模糊峰，且论文明确未做仿真验证。,奠基性方法论文，价值在统一与证明：把零散的启发式加权纳入同一框架，证明 ML 加权是最优成员，为「不同频率应给不同权重」提供统计依据（权重正比于该频率的信噪比）。局限鲜明：双传感器单源、标量时延，最优加权需未知的源谱与噪声谱，方差公式不含模糊峰且未经仿真验证。,借鉴PHAT、SCOT等权重，建立可解释的相关前端。多源任务还需保留多个时差候选并完成关联；用作简单加权或两步系统对照，而非独立完成全部联合任务。,式(5)(6)、Fig.1（第321页）；式(25)(26)(48) 最优加权（第322–325页）；式(51)(52)、附录 CRLB（第325–326页）。,02 比较相关｜方法与创新借鉴,GCC权重与两步定位组件,性能对照；方法来源,常规适配即可,指GCC加权组件，需在相同短记录上校准谱估计和平滑。完整多源系统还需多个时差候选和关联；单源GCC精度不能替代联合结果。
39,R17,SubspaceNet: Deep Learning-Aided Subspace Methods for DoA Estimation,"Shmuel 等, IEEE TVT, 2025",子空间测向在相干源、少快拍、低信噪比与阵列失配下失效，作者学出「替代协方差」交给可微 Root-MUSIC，以最终测向误差训练；2 相干源下 12.4790°→0.2005°。,单接收机、均匀线阵的测向（不是定位）。每接收机配多个半波长间距阵元（实验 8 个），多个远场源；关注源数小于阵元数，并声称源数不假定先验已知。,接收机为 8 元半波长间距均匀线阵；源信号、噪声方差与来向均未知。网络输入不是原始 IQ，而是经验自相关序列构成的张量，维度与快拍数无关。,主张未知 K，定量实验全取真值：概念称不假定先验已知，结果部分为测向取真值。,不改子空间方法本身，只用一个深度网络学出「替代协方差」——失效的根源正是经验协方差不可靠。做法是把经验自相关序列送入自编码器，输出实矩阵重组为复矩阵，构造正定替代协方差。关键一步是没有真值协方差、不能做回归，于是把 Root-MUSIC 当可微判别模型（求根是隐函数、可对系数隐式微分），梯度穿过后端反传，损失直接取最终测向误差。差别是只替换协方差这一中间统计量、不换后端，谱、根与波束图仍可看。,仅机制（需重推适配）。输入层级：已提取二阶统计量（自相关或替代协方差），非原始混合 IQ。可分性来自单站阵列流形，本项目靠站间几何。失效：阵元不足、源数接近阵元数、需输出位置。,全部为仿真（代码开源），几何为 8 元半波长间距均匀线阵。源数取 2、3、4；相干源主表用 10 dB、100 快拍，另表用 5 dB、2 快拍；另有宽带与失配实验。对比经典子空间、空间平滑、DA-MUSIC、CNN 与宽带 MUSIC，指标为 RMSPE。,相干源（100 快拍、10 dB，度）：SubspaceNet 加 Root-MUSIC 在 2/3/4 源时 0.2005、0.7219、3.8846，经典为 12.4790、20.3972、23.2047。极限少快拍（2 快拍、5 dB）：本文 1.8907，经典 26.3560。误差均在源数取真值下得到。,"公开代码与超参。网络结构、参数量 41,761、训练配置已给；未给随机种子、批大小与训练轮数。",作者结论：把子空间方法失效的根源归结为经验协方差不可靠，用可微 Root-MUSIC 端到端训练出替代协方差，使经典方法在相干源、宽带、少快拍、低信噪比与阵列失配下继续工作。证据边界：结论限于源数已知、有充足仿真监督数据、阵元数大于源数的单站角度估计。,1) 用「可微物理后端加最终任务误差」训练一个中间统计量而非直接回归任务输出，保留可解释性，这是与黑箱方案最实质的差别。2) 用经验自相关函数作输入使网络维度与快拍数无关。3) 用隐式微分打通求根的梯度路径。,1) 源数在全部定量实验中设为已知，源数估计只在特征值分离上定性展示。2) 场景为单站多阵元角度估计，无法覆盖分布式多站、单天线、需输出位置的定位任务。3) 全部为 8 阵元均匀线阵仿真，缺实测与跨几何验证。,问题定位准确，子空间方法的瓶颈确实集中在经验协方差上，「只替换中间统计量、不替换后端」同时保住了数据驱动增益与模型驱动可解释性。弱点在适用边界与评估严谨性：定量结论都在源数已知下取得，源数只能说「可从特征值谱看出」（作者承认）。创新与证据强度中等偏上。,借鉴按最终定位任务学习中间统计量，减少短记录统计估计的波动。将阵列DOA接口改为跨站时延模型，并评价其对多源恢复和成本的帮助。,p.4965 §III-A 问题表述；p.4965—4966 自相关特征与替代协方差构造；p.4967 隐式可微性与训练推理；p.4969 表 I。,02 比较相关｜方法与创新借鉴,任务驱动统计量与物理后端,方法来源,尚待核验,学习统计量接物理子空间的方法可迁移；跨站时延接口、源数处理和短记录训练需求需核对。不能仅凭声学或阵列来源判为无法迁移。
40,R25,Deep learning based multi-source localization with source splitting and its effectiveness in multi-talker speech recognition,"Subramanian 等, CSL, 2022",为同时估计混合语音中全部说话人方位角，引入「源拆分」：网络分源拆分器与逐源预测器，每个源有独立角度输出。两源混合上角度误差约 1.1°，词错误率由 11.5% 降到 6.3%。,室内混响的多说话人语音定位与识别。单节点 8 元均匀圆阵接收，半径 5 cm 或 10 cm。源数固定为 2，说话人静止、距阵 1 至 2 m；定位误差只在仿真数据上评估。,输入是同一节点上多通道信号变换域的多通道相位谱，或用通道间相位差特征。模型假设观测是混响下多个语音源的叠加，按整句话处理。采样率 16 kHz，帧长 25 ms、帧移 10 ms。,已知 K：源数被直接写进网络架构，作者把源计数列为未来工作。,把「多源方位角估计」拆成「源拆分加逐源单源估计」，给出三个变体：映射型让仿射层对源索引取不同参数，掩码型用循环网络产生源相关的软掩码作用在隐特征上再加权平均。最关键一步是把多源定位改写为源数那么多条单源分类问题——分类问题的个数等于源数而不是角度类数，避免高分辨率下多标签分类的相邻类假峰。源与目标的配对用置换不变训练或按升序固定排列。,需重推适配。输入层级：最接近「原始混合IQ」，但只是单节点内部的多通道相位谱与相位差特征。失效条件：需同一节点上多个相位可比的阵元；四站各一根天线时没有可用孔径。,仿真两说话人混合，另用真实重叠语音评价识别。阵列为 8 元圆阵或象限阵（半径 5 或 10 cm）。源到阵 1 至 2 m，混响 0.25–0.7 s，信噪比 10 至 20 dB。对比 MUSIC、MUSIC-NAM、TOPS 与多标签基线；指标为角度误差。,表 2：MUSIC-NAM 与掩码型配合软球地移距离均为 1.1°，多标签基线 9.0°；小圆阵上掩码型 1.5°。分辨率取 1° 时交叉熵崩坏到 27.0°，软交叉熵降到 1.9°；按角度顺序固定目标优于置换不变训练（1.1° 对 2.3°）。识别：词错误率由基线 11.5% 降到 6.3%，真值角度上界 6.0%。,语料与混响生成工具均为公开资源，网络结构、训练超参数与软标签权重均给出；论文未说明是否开源代码或混合数据。,作者结论：所提模型能以 1° 分辨率分类方位角，源拆分优于多标签分类与 MUSIC 等子空间法，接入识别前端后词错误率由 11.5% 降至 6.3%。证据边界：只在 2 个源、单节点阵的仿真混合下成立；论文不支持直接用于任意源数，不支持用真实数据评价定位。,1) 提出「源拆分」机制并给出三个可训练变体，把多源方位角估计改写为「源数个单源分类问题」。2) 把球地移距离及其软目标变体引入有序角度类的高分辨率分类。3) 实验支持「按角度固定目标顺序优于置换不变训练」。4) 给出仿真与真实数据上的识别增益。,1) 源数被假设已知并固化在结构里，论文未给出源数估计，作者把源计数列为未来工作。2) 实验限于单节点、固定 2 源、只估方位角，且阵列孔径极小（半径 5 cm、10 cm）。3) 与子空间法的对比不完全对等：子空间法只用一个频段并取前两个峰，深度模型用整个语料训练。,把「多源输出」从多标签分类改成「逐源分支加逐源分类头」，损失用与类别有序性匹配的球地移距离类。证据强度中等偏上，但结论都建立在「已知 2 源」这一假设上。可迁移的方法学价值有三处：逐源分支模板、有序类别上球地移损失优于交叉熵、固定目标顺序优于置换不变训练。,借鉴从混合观测拆出逐源表示及排列匹配。由已知K语音DOA扩展到未知K的RF频带与位置输出，重点解决源身份一致性和重叠弱源恢复。,源拆分的动机：§2，p.3；三个变体与损失函数：§2.2–§2.5，p.4–6；识别集成与角特征：§3，p.6–7；结果与结论：p.9–13。,02 比较相关｜方法与创新借鉴,逐源表示与排列处理,任务近邻；方法来源,尚待核验,逐源表示与排列处理可借鉴；未知K、复IQ输入及位置输出需要适配。同条件重训后的能力尚未确认。
41,R18,An envelope separation aided multi-task learning model for blind source counting and localization,"Du 等, ICASSP, 2026",源数未知或可变时，作者用包络分离辅助的多任务模型：推理时逐源生成 attractor、按存在概率阈值停止解码，同时输出源数与逐源三维坐标；计数准确率 88.0%→93.4%。,室内混响下日常声音事件的单节点声源定位与盲源计数。输入为混合一阶 Ambisonics，阵列用 Eigenmike，混响时间 0.2~1.0 s；源数训练与测试均从 1 到 3 随机，距离由模型回归。,输入是单节点混合一阶 Ambisonics 经 STFT 的时频表示。attractor 模块用嵌入的时间平均初始化 LSTM，逐源生成 attractor，多任务模块由逐源特征分出包络与定位两支。,未知 K 直接处理，但靠人为设定的 0.5 阈值在线判定何时停止解码。,三模块串联：attractor 模块由嵌入时间平均初始化 LSTM、逐源生成 attractor，每个 attractor 给存在概率并以交叉熵训练；推理时第 s+1 个源概率低于 0.5 即停止解码，源数在线确定。多任务模块让包络分离与定位共享逐源特征，各乘门控向量及其补，输出逐源包络与三维坐标。用置换不变训练在同一置换下对齐两支的逐源输出。差别是 attractor 加存在概率使输出维度可变。,需重推适配；输入层级：单节点一阶 Ambisonics 的 STFT 时频特征，非跨站 IQ。依赖球谐域孔径与可卷积房间冲激响应，四站单天线下二者皆无；仅在 1~3 源仿真上验证。,"仿真：事件取自 FSD50K，冲激响应由 gpuRIR 生成，混响 0.2~1.0 s；源数 1~3 随机，训练 20,000、测试 4,000，阈值 0.5。对比 EINV2、Sp-ACCDOA、SEET 并消融，指标为计数准确率与方位/仰角/距离误差。",计数准确率（表 1）：EINV2 66.4、Sp-ACCDOA 87.3、SEET 88.0；本文 87.8→93.4，增益主要在 2 源（80.5→90.9）。定位误差（表 2）：SEET 方位 17.52°、仰角 10.32°、距离 0.82 m；本文含辅助 10.59°、6.74°、0.64 m。,数据与工具（FSD50K、gpuRIR）公开，未提供代码、模型与仿真数据；超参数给出，STFT 参数与特征维未给。,作者结论：模型联合优化时域包络与坐标/距离估计，1~3 源下均优于 EINV2、Sp-ACCDOA、SEET。证据边界：仅单节点一阶 Ambisonics、混响仿真、源数 1~3；真实录音、超过 3 源、远场与多站未测试，辅助属性是时域包络、非逐源频率占用。,1) 用 LSTM 逐源生成 attractor，以第 s+1 个源概率低于 0.5 为停止准则，输出维度可变，直接处理未知或可变源数，平均计数准确率 93.4%。2) 把逐源时域包络分离与逐源三维坐标回归放在同一套逐源特征上、用同一次置换匹配对齐，消融显示该辅助提升定位指标。,1) 推理用固定阈值 0.5 判定源存在并停止解码，无阈值敏感性分析，未讨论低信噪比下该概率是否校准。2) 无真实录音与信噪比实验，距离相对误差 22.08% 偏高。3) 对比条件不可核验：表 1 某基线 3 源列达 100.0%、2 源列仅 2.74%；细节披露不足且未开源。,方法有两个实质点：把「源数未知」从后处理变为模型内部的在线停止问题，以及用逐源辅助任务与定位任务在同一次置换匹配下联合优化。但证据强度中等偏弱：结论建立在 1~3 源混响仿真上，无真实录音、信噪比实验与阈值敏感性分析。机制层面有借鉴价值，作为性能基线证据不足。,借鉴逐源表示和集合匹配，把包络任务改为RF频带描述，并连接时延定位。重点验证未知源数下的漏检与属性—位置对应，新增输出以实际用途和联合质量体现贡献。,p.14853 attractor 与阈值 0.5；p.14853—14854 多任务模块；p.14854 联合置换匹配损失；p.14855 表 1、表 2。,02 比较相关｜方法与创新借鉴,存在性、属性与位置联合匹配,任务近邻；方法来源,尚待核验,存在性、属性和位置集合可借鉴；声场输入改为RF以及包络改频谱后，常规适配能达到的质量尚未测试。
42,R49,MSDET: Multitask Speaker Separation and Direction-of-Arrival Estimation Training,Hartanto、Sakti、Shinoda，Interspeech，2024，2170–2174,每个输出单元同时估计一个说话人的频谱与方向，联合训练改善源分离和方向估计。,双说话人混合，六麦克风圆阵，模拟混响房间。,用复数谱映射恢复逐源语音，并为每个源增加DOA分类输出，共享对应的逐源表示。,实验固定两个说话人，没有未知K计数器。,在Dense-UNet与TF-GridNet上加入逐源DOA头；联合分离与方向损失，并按DOA进行训练输出配对。,频谱—位置绑定和多任务监督值得借鉴；原方向头是神经分类，未接相干RF物理定位。,SMS-WSJ双源数据；六麦克风、半径10 cm；8 kHz；32 ms窗、8 ms步长；训练用4 s片段。,作者报告联合训练改善方向误差，分离收益依网络和源间角度而变；并非所有角度子组都改善。,5页公开全文，给出模型、训练和数据；TF-GridNet实现基于ESPnet。,支持固定双源声学条件下的谱—方向联合学习；没有盲源数或RF延迟定位证据。,将逐源频谱与方向作为匹配输出共同训练，利用空间监督促进分离。,固定双源、长语音观测；无实际录音验证；没有源数和源集合漏检／虚警评价。,与R18、R25一起说明逐源属性和位置联合输出已有方法先例。,借鉴逐源频谱与空间属性的匹配训练。将固定双语音源扩展到未知K的RF频带—位置集合，重点评价可靠对应和弱源恢复，完整波形重构按应用需要决定。,全文5页；第2171页§3逐源输出和损失，第2172页实验，第2173页表3–6与结论。,02 比较相关｜方法与创新借鉴,频谱与方向联合输出设计,任务近邻；方法来源,尚待核验,原模型固定双语音源，联合频谱与DOA。改为未知K的RF频带—位置集合可以尝试常规适配，其对站间归属和弱源的能力尚未测试。
43,R46,Model-Based Expectation-Maximization Source Separation and Localization,Mandel、Weiss、Ellis，IEEE TASLP，2010，18(2)，382–394,按时差、相位差和幅度差的一致性，交替估计逐源参数与软掩码，并吸收无法解释的背景成分。,双通道混响录音中的多个说话人；允许源数多于通道数，采用时频单源主导假设。,建立逐时频点的相位残差和幅度差概率模型；潜变量表示所属源和时差，模型参数由混合观测更新。,需要预先给定源数；第385页明确说明，不是盲计数器。,EM的E步软分配观测，M步更新逐源空间参数；加入背景成分和幅度差先验，逐步放开跨频参数以稳定初始化。,可借鉴相位残差、软关联和背景处理；双耳先验、长记录及WDO均需调整，不能直接当RF位置基线。,两或三个说话人，2.5 s、16 kHz；1024点窗；实测双耳脉冲响应合成混合，比较模型复杂度、初始化与分离算法。,作者报告分离质量改善；第383页明确正文主要评价分离，定位与初始化方法密切相关。,正式13页PDF在Zotero，另核对作者公开版；算法公式和初始化较完整，已有作者项目入口。,提供逐源联合推断机制，不构成未知K四站RF联合定位性能证据。,概率空间模型与软时频掩码结合，联合估计空间参数和源归属。,已知K、时频稀疏、局部最优和初始化敏感；两通道时差不能直接等同二维RF位置。,重要方法来源，完整原算法不是必须复现门槛。,作为轻量非神经软分配参考，检查单源主导条件和未知K扩展。用它区分关联本身的收益与学习可靠性的额外价值。,正式全文13页；第383页WDO及评价范围，第385页式(9)–(14)和已知K，第386页软分配与背景成分，第390–391页初始化。,02 比较相关｜方法与创新借鉴,软分配与迭代关联的机制代表,方法来源；性能对照,尚待核验,原文使用WDO、已知源数和时差／相位软分配，性能主要评价分离。先验证单源主导信息及合理计数扩展，再判断几何关联能否满足当前需求。
44,R37,DNN-Aided Distributed Direct Position Determination for UAV Cluster,"Lv 等, IEEE TVT, 2023",作者提出 DNN 辅助的迭代式分布式直接定位 IDDPD：把相邻节点对的互相关函数用三个 DNN 压成峰高、峰宽、峰位置三个标量后只在相邻节点间传递，再由计算节点用最大似然代价做梯度迭代。,无人机集群对单个地面或空中发射源的被动定位。8 个无人机沿预定轨迹飞行，接收同一源经视距传播的短时信号。能量与通信受限、网络稀疏，每个无人机只与相邻节点通信；模型只含单源。,每个无人机单天线单通道，算法吃的是时域基带采样。含传输衰减、传播时延与加性高斯白噪声；未知量是源位置与传输衰减，发射信号未知、在最大似然推导中被先解析消掉。,论文回避。模型只含单个发射源，无源数符号、估计步骤或阈值处理，实际隐含 K=1。,从最大似然出发，对未知发射信号求导置零并代回，得到只含位置的代价函数，其核心是各无人机之间的互相关矩阵；忽略对角线项后代价只与相邻节点对有关。关键一步是把互相关函数参数化为峰高、峰宽、峰位置三个标量，即「只传三个数」，用 DNN 替代低信噪比下失效的最小二乘曲线拟合，再由计算节点做地理域梯度下降。与已有方法的差别是把优化对象从「回传什么」转到「回传多少」。,需重推适配；输入层级：原始混合 IQ 的二阶相关层（相邻节点对的互相关函数经 DNN 压成 3 个标量）。失效条件：模型只有单源、互相关被拟合成单峰，多源必然失效；不高于 −20 dB 全部失效。,"全部为仿真。8 个无人机，源位于 (100,0) m。信噪比 −25 到 0 dB；带宽 1–2 MHz、观测时长 0.4–2.0 ms，调制 BPSK/QPSK/16QAM。每个数据集 20 万样本，200 次 Monte Carlo。对比两步法、集中式与已有分布式方法。",通信上把传采样或传压缩矩阵换成每个相邻节点对传 3 个标量（表I）。观测时长 0.4/1.6 ms 时集中式为 51.929/220.314 s、已有分布式方法为 1.410/1.452 s、本文 0.042/0.036 s（表II）。精度上不高于约 −20 dB 时全部方法失效；本文与集中式相当、最大损失 1.5 dB（Fig. 5–Fig. 7）。,论文未给出代码或数据链接。模型推导、DNN 结构、训练配置与仿真几何均给出；未给无人机坐标与轨迹、网络层细节。,作者结论：IDDPD 在保持与集中式相近性能的同时把计算节点平均执行时间降低约 97%。证据边界：实验支持 8 个无人机、单源、视距、自由空间衰减的仿真结论，相对损失约 1.2–1.5 dB、执行时间降低约 97%；未做实测。,1) 提出只传三个标量（互相关函数的峰高、峰宽、峰位置）的分布式直接定位策略，把节点间通信量降到每节点对常数级。2) 从最大似然导出只需相邻节点计算的可微代价函数，用几何域解析梯度代替区域内全局网格搜索。,1) 只处理单个源：模型与代价都建立在互相关函数单峰的基础上，多源时出现多峰，单峰拟合必然失效。2) 无频率维处理：压缩对象是时延域波形形状参数，不含任何频率与源的对应信息。3) 训练用无噪声接收信号的特征参数作标签，全部为自由空间视距仿真，且网络不是由最终位置误差端到端训练。,问题切中分布式被动定位的实际瓶颈：把所有采样送到融合中心在资源受限平台上不可行。方法价值在于它是 RF 单天线多站下「学习压缩中间统计加物理求解」的干净例子，DNN 只承担最难的曲线拟合。弱点是适用面窄、验证单一。,借鉴相关函数的紧凑学习表示和解析位置求解。多源任务需从单峰表示扩展为多峰或逐源表示，检验保存信息的质量以及完整在线成本。,§II 信号模型与单源假设，p.16839；§III-A 最大似然代价与单峰拟合，p.16841；§III-B DNN 提取三参数，p.16841。,02 比较相关｜方法与创新借鉴,单天线RF紧凑表示与物理求解,方法来源,尚待核验,原相关函数压缩为单峰sinc参数。多源条件下是否能用多峰或逐源参数扩展，需检查信息损失、关联和完整成本。
45,R11,Ghost Discrimination Method for Broadband Direct Position Determination Based on Frequency Coloring Technology,"Yu M. 等, JMSE, 2024",针对多站多阵元宽带直接定位中「不同目标与不同站错误关联」造成的假目标，把逐子带空间谱按子带中心频率映射成 RGB 颜色后沿频率求和：真目标射线同色、假目标交点混色。,已知位置的多站接收多个远场宽带目标，被动定位。仿真为浅海声学、目标静止；实测为 SWELLEx-96 Event S59，两条水平线阵、含拖曳声源与强干扰船。约束：每站须多阵元，各目标频段须可区分。,每站是多阵元均匀线阵（仿真 21 阵元，实测取前 27 个）。算法吃进去的是逐站多阵元数据先分段做 FFT、再逐子带估计样本协方差后算出的空间谱。未知量为波形、衰减、时延与复高斯白噪声。,不输出源数：MVDR 谱不需预知目标数，但假目标计数与颜色分组仍需给定组数。,先逐子带、逐站用 MVDR 算空间谱，再按非相干方式融合各站谱。关键一步是按子带中心频率把各子带谱搬进 RGB 三通道（低频偏红、高频偏蓝），再沿频率加权求和成一张「彩色宽带空间谱」。判据是同一目标在不同站的频率结构近似一致，故真目标射线同色、假目标交点混色；论文用归一化 HSV 颜色距离把判断量化。与把子带谱按能量直接叠加相比，它在叠加前加了频率相关权，使一张谱同时保留能量与频率两维信息。,需重推适配；输入层级：原始时域 IQ。触发条件：假目标几何依赖多阵元站的方位脊线交点，四站单天线无角度分辨力，该机制与颜色判据都不成立。失效条件：两源占用完全相同频段时判据失效。,仿真加公开实测 SWELLEx-96。仿真 2 站各 21 阵元，情景 A 两目标、C 三目标（与目标 1 部分重叠），300 次 Monte Carlo；实测 10 s、76 个 5 Hz 间隔频点，与原 DPD-MVDR 仅定性对比，未给定位误差。,两目标时两站共 4 个交点、仅 2 个为真，同色射线交点对应真目标（图7）；三目标时 9 个能量交点、5 个较强，着色后可判真（图10）。判别概率在信噪比高于约 −18 dB 时接近 1，−20 dB 附近约 0.15–0.2（图11）。实测着色把原谱中两处易误判亮线判为假目标（图14）。,SWELLEx-96 公开并给出网址，仿真代码未公开。关键参数齐全；子带集合界定、颜色分组流程与组数是否自动确定未说明。,作者结论：频率着色把频率表示为颜色、提高信息利用率，可在多目标场景区分真、假目标。证据边界：仅支持「各目标频率结构可区分且每站有方向分辨力时，着色谱可看出交点是否同源」；定量只有情景 D 判别概率。不能外推为未知源数下自动定源数、频段重叠时仍有效。,1) 提出把逐子带空间谱按中心频率映射到 RGB 再沿频率求和的「彩色宽带空间谱」，使谱同时呈现能量与频率。2) 给出多站多目标下假目标的几何来源解释与解析计数，假目标数增长远快于真目标。3) 提出以「同目标跨站频率结构一致」为据的同色判真准则与 HSV 颜色距离量化流程。,1) 判据依赖各目标频段可区分，两源同频段即失效，论文未检验。2) 评价不完整：全文无定位误差，只有一条判别概率曲线。3) 未解决源数未知：计数式用到源数，实验按三组射线出结果，无源数估计方法。4) 射线提取与颜色分组未给全；500 Hz 处阵元间距为一个波长有栅瓣风险而未讨论。,问题价值真实但定位较窄：处理的是「候选峰已给出、如何排除错误关联造成的假峰」这一后端消歧，而非从混合观测恢复源数与逐源参数。方法概念简洁、代价低，属给能量谱加一层频率标签的轻量后处理。创新中等（频率加权求和加颜色可视化）；证据强度一般，缺定位精度与基线对比。,借鉴利用频谱差异识别假目标的思路，将频谱—位置对应作为实际任务。原阵列方位交点与本项目相干DPD伪峰不同，需使用跨站时延构造关联得分。,假目标成因与计数：§3.1 式(13)(14) 图1；非相干融合与颜色映射：§2.2、§3.2；判别概率：§4.1.D 图11；实测：§4.2 图14。,02 比较相关｜方法与创新借鉴,频谱辅助消歧与位置绑定,方法来源,需针对性改造,原频率着色针对阵列方位交点伪目标。需用跨站时延重新构造关联得分，频谱高度重叠时可用的频谱差异也需量化。
46,R14,An End-to-End Deep Neural Network for Passive Positioning of Emitters and Receivers With Variable Numbers,"Xia 等, IEEE TCCN, 2026",低轨星座被动定位中收发数量可变，作者提出端到端 DPV：时频图与站址标量分别编码、零填充对齐可变数量，排序不变训练解决配对；25 dB 误差 9 km，为 DPD 基线的 10%。,低轨卫星星座接收海上船舶的未知信号并估计船位。接收站 3 或 4 个、源 1/2/3 个，随机分布于 1000 km × 1000 km 内。所有源共载频，站间时频同步。,每站单天线单通道，接收信号是各源经时延与多普勒频移后的叠加加复高斯噪声；波形与复衰减系数未知。复信号经 STFT 成 64×192 时频图，只取幅度入网。,未知 K 直接处理但为隐式：固定槽位同时给位置与置信度，按 0.5 阈值取舍。,两条并行编码支路加坐标、置信度双头。信号支路对时频图做卷积，另一支路把站址、速度、采样率、中心频率等标量零填充后嵌入。关键一步是「固定槽位＋零填充」：预设最大站数与源数，空缺通路与标签槽位补零，一个固定结构网络就覆盖不同源数与站数。差别是用排序不变训练（SIT）按标签到原点的距离升序定序，替代全排列最小损失搜索。,条件适用；输入层级：已提取时频表示加已知几何与系统标量。复 IQ 先转时频幅度图，论文称本场景相位贡献极小，与以相位为主的前提冲突。失效：多源时频不可分、源数超 3、站数超 4。,"仿真，信号 AIS、载频 161.975 MHz；3/4 站、源数 1/2/3；共 2,000,000 样本，SNR −5~25 dB，另有 1,000 异步样本。对比仅最大似然 DPD 基线（网格 10 km、源数已知）；指标为 RMSE、F1 与耗时。",DPV(+ResNet) 在 25/15/5/−5 dB 定位误差 9/15/25/140 km，为所选 DPD 基线的 10%/19%/27%/72%，距 CRLB 仍差约 3~4 个数量级。耗时 0.023 s 对 DPD 的 1.1 s；置信度 F1 为 0.950~1.000。,公开数据集与代码（MrHaiPi/DPV）；数据生成、站址、STFT 参数与训练配置已给，未给随机种子与骨干逐层配置。,作者结论：DPV 适用于收发数量可变的被动定位，源数不确定时优于传统方法。证据边界：仅自建仿真，距 CRLB 仍差约 3~4 个数量级；基线 DPD 的失败很大程度来自其多极值与已知源数实现，不能外推为学习式端到端普遍更优。,1) 把「变源数/变站数被动定位」形式化为固定槽位加零填充加置信度判别，用单个网络统一处理。2) 提出 SIT，以标签到原点距离升序构造确定顺序，替代全排列最小损失搜索。3) 公开含 1/2/3 源与 3/4 站、共 200 万样本的数据集。,1) 源数不是显式估计量：只输出固定 3 个槽位、由 0.5 阈值判定，无阈值敏感性分析。2) 与 CRLB 差约 3~4 个数量级。3) 全部源共载频、不做频谱分辨，无法处理同频带高度混叠。4) 依赖源速度等真实场景未知的先验标量。5) 全文只与一种 DPD 基线比较。,把变源数化为「固定槽位＋零填充＋置信度阈值」，简单可行，SIT 用几何先验替代全排列搜索有独立价值。但证据强度不匹配：变源数被降级为固定槽位加硬阈值，源数估计不是被评估的任务；唯一基线的失败主要来自其自身实现局限。机制层面有借鉴价值，作为同条件基线证据不足。,借鉴存在性与位置联合输出，支持可变源数系统设计。运动参数、尺度和输入条件与本项目不同；扩展到静止短时IQ及频谱—位置配对可形成任务适配。,§III 网络结构与 SIT，p.762—764；§V-D 与 Fig.14(a)，p.767；Table IV、V，p.768；§V-H，p.769。,02 比较相关｜方法与创新借鉴,可变源数集合输出参照,任务近邻；方法来源,尚待核验,运动平台参数、时频输入和定位尺度不同；可变数量输出可借鉴。静止RF数据重训及频谱属性扩展是否属于足够的常规适配，应实际检查。
47,R21,Joint Spectrogram Separation and TDOA Estimation using Optimal Transport,"Fabiani 等, EUSIPCO, 2025",把同一源到两麦克风的时延当作功率谱沿时间轴搬运，分离与 TDOA 估计写进同一个最优传输问题。−10 dB 下 RMSE 约 0.17，GCC-PHAT 约 0.60。,两段真实语音（一男一女）在噪声下的盲源分离与到达时间差估计。2 个声源、2 个麦克风且紧邻放置，假设各麦克风幅度差异很小。源位置与波形均未知，需要已知源数；混响留作未来工作。,观测量是各麦克风的功率谱图，相位被丢弃，只保留幅度平方。核心近似是把功率谱图当作各源功率谱图的简单相加；时延被表达成功率谱沿时间轴整体平移。,已知 K（直接给定）：优化按 K 个源求和并施加逐源质量守恒约束，未讨论估计。,把每个源的功率谱图看成时频平面上的一堆质量，同一源在两麦克风间的时延就是这堆质量沿时间轴的平移量；对每个频点、每个源构造把参考麦克风谱搬到另一麦克风的运输计划，并施加行和、列和两个边缘约束。最关键一步是把待估时延写进运输代价，固定时延时对计划线性、固定计划与源谱时可直接解出时延，整个问题双凸，用块坐标下降交替更新。与「先估时延再分离」的两步做法相比，它让两者互为约束。,需重推适配，且代价高。输入层级：已提取时延（实为单节点紧邻麦克风对的功率谱图）。失效条件：不同源须在时频域不重叠，同频带相干 RF 源共存时交叉项恰是干扰主体。,仿真：两段真实语音重叠并延时构造混合，2 s、8 kHz、2 源 2 麦克风。每实验 100 次蒙特卡洛，信噪比 −10 至 30 dB。TDOA 对比 GCC-PHAT 与 MCCC，分离对比 Delay-and-Sum、FDICA 与 MNMF。,TDOA（图 2）：−10 dB 处 RMSE 约 0.17，GCC-PHAT 约 0.60，MCCC 约 0.83；0 dB 处约 0.11，两基线降到 0；10、20、30 dB 处约 0.08、0.07、0.06，仍有非零下限。分离（图 3、图 4）重建误差最低，ΔSDR 由 5.9 dB 升到 11.3 dB。,用公开语音片段构造仿真，但未说明是否开源。变换参数、采样率、时长与信噪比档位给全；块坐标下降的迭代与收敛判据未给。,作者结论：联合优化可用块坐标下降求解，实现逐源谱分离。证据边界：仅在 2 源 2 麦克风、2 s 语音下，−10 与 −5 dB 的时延 RMSE 更低；高信噪比下论文不支持它比 GCC-PHAT 更准（后者为 0，本文留 0.06–0.17 下限）。,1) 把逐源、逐频点、逐时间帧的质量分配写成带边缘约束的运输计划，并把时延通过二次代价嵌进运输代价，使分离与时延估计联合求解。2) 给出问题的双凸结构分析与块坐标下降算法，时延子问题可解析求解。3) 给出由运输计划反推逐源功率谱的公式。,1) 源数 K 必须已知，且 K 决定问题规模与约束个数；论文未把未知源数列入局限或未来工作。2) 丢弃相位、只用功率谱图，依赖「不同源时频不重叠」与「时延等于功率平移」两个假设。3) 几何假设过强：假设麦克风紧邻、幅度差异很小。,最值得肯定的是那个建模转换：把逐源时频分配显式参数化为带边缘约束的运输计划，并把要估的时延写进运输代价。但证据强度明显受限：只有 2 源 2 麦克风、2 s 语音的仿真，没有真实录音、混响与大间距几何。总体是方法自洽但适用范围很窄的会议论文。,借鉴同时处理源表示和时差的联合目标，为关联设计提供非神经思路。功率谱搬运模型与相干RF不同，适配时说明保留了哪些时延信息。,信号模型与「麦克风紧邻」脚注：§II，p.222；联合优化与块坐标下降：p.223；图 2 的 TDOA RMSE：p.223；图 3、图 4：p.224。,02 比较相关｜方法与创新借鉴,联合谱图分离与时差估计,方法来源,尚待核验,原方法基于谱图搬运联合分离与时差估计。相干RF相位信息和短窗混合统计能否保留，需要检查其观测模型及适配结果。
48,R09,Multi-Source Localization and Data Association for Time-Difference of Arrival Measurements,"Flood 等, EUSIPCO, 2024",针对盲场景下不知道哪些时差属于同一个源的数据关联问题，把源位置与时差量测的指派写成离散最优传输，先用最小多站定位解算器构造候选位置，再用带熵正则与稀疏惩罚的不平衡最优传输求关联。,研究多个已知位置接收机取得的 TDOA 量测与多个未知点源的对应关系与位置。三维几何，数值实验在 10×10×2 m 房间内取 12 个接收机、3 个源。约束：盲设置（源波形未知）、信号宽带且互不相关、单天线接收机。,论文不处理接收信号本身，输入是「已估计好的时差」；真值关系为源到两接收机的距离差除以传播速度，量测为真值加高斯扰动。论文明确声明时差是给定的，虽指出可由互相关估计，但正文与实验都不实现。,已知源数 K：源数是优化式的显式约束，实验给定为 3，结果取解矩阵的前几个支配列。,第一块不做空间网格化，而是从一批最小多站定位问题出发，选几组接收机与对应时差方程用最小解算器解出候选源位置，丢弃不符或虚部过大的解再去重合并。第二块把「每个时差指派给某个源候选或判为无效」写成离散最优传输，代价是候选位置与接收机对时差之间的几何不一致程度。最关键一步是两步放松：加熵正则、把硬稀疏约束换成稀疏惩罚并引入垃圾桶传输向量，使放松后问题有唯一最优解且可用广义 Sinkhorn 迭代求解。,仅机制；输入层级：已提取的时延量测，不是原始混合 IQ。失效条件：要求每个时差都带接收机对索引且能写成几何代价；虚警只建模为落在该对已有取值区间内的随机时延；需要已知源数。,全部为仿真。10×10×2 m 房间、12 个接收机、3 个源，接收机对索引集合个数取 3；时差由真值加高斯噪声生成。噪声标准差取 0.01 到 0.19，虚警与漏检实验固定标准差 0.03、数量最大 22（约占可用时差的 10%）。对比 SMTL 并以 root CRLB 作基准。,噪声标准差从 0.01 增至 0.19 时，本方法与精细化后的定位误差持续低于 SMTL（后者上升更快），关联率在高噪声段仍保持较高水平（图2）。标准差 0.03 下虚警或漏检数增大时关联率下降，定位误差仍维持较低水平，作者称「对中等大小的 N 仍能给出准确估计」（图3）。结果均在 12 接收机、3 源、三维、已知源数下成立，未报告失败率。,代码公开（脚注给出 GitHub 地址）。噪声标准差范围、Monte Carlo 次数、去重阈值、正则参数与下界重估阈值均给全。,作者结论：先用最小多站定位产生候选位置、再用带熵与稀疏正则的最优传输完成关联并同时定出源位置，关联结果使精细化达到统计有效。证据边界：在 12 接收机、3 源、三维、已知源数、时差由真值加高斯噪声生成的设置下，本方法比以候选集为网格的 SMTL 误差更低；无信号级验证。,一是把多源 TDOA 的源位置与数据关联写成最优传输问题，给出含熵正则、稀疏惩罚与垃圾桶传输的放松形式，用广义 Sinkhorn 迭代求解。二是用最小多站解算器构造候选位置集合替代三维网格，使问题在三维下仍可解。三是明确处理虚警与漏检，并给出「关联加精细化」流程与 root CRLB 判据。,一是输入层级过高：全篇以「已估计的时差」为输入，不涉及任何从 IQ 到时延的估计环节，无法回答混合 IQ 下时延本身难以获取的问题。二是源数已知且在优化式中作为硬约束，未讨论源数未知或误估时的行为。三是关联代价只基于几何一致性，不利用频率、幅度、波形或协方差等任何可分性信息。,问题选得准、建模干净，是主要价值。多源盲 TDOA 的核心难点确实在关联与定位耦合，作者把它写成一个可松弛、可判唯一最优的最优传输问题；用最小多站解算器替换三维网格也有真实工程含义。但创新边界必须看清：它解决的是「时差已知之后如何关联」，输入信息层级高一个台阶。,借鉴几何一致性和位置精修，为级联补上时差—源关联。接入同一混合IQ的时差前端后才构成完整性能对照；关联机制可直接启发我们的频谱—位置匹配。,§II 式(1)(2) 时差已给定（第112页）；式(3)(4)(5) 与 Proposition 1（第113页）；§VI 与图2、图3（第114–115页）。,02 比较相关｜方法与创新借鉴,非神经多源关联代表,性能对照；方法来源,常规适配即可,指已有时差候选后的几何关联组件。原输入并非混合IQ；接入同条件时差前端并计入漏检与提取成本后，检验是否已能解决跨站归属。
49,R10,Multi-Sensor Multi-Source Localization under Clutter and Uncertainty,"Opel M. 等, IEEE TSP（待出版）, 2026",脉冲声源的分布式多源定位，含杂波、时间抖动、漏检与未知源数。把「每站一个检测、共同解释一个源」的组合当作集合，按 TDOA 残差上界赋代价后装箱求解，同时输出源数、关联与位置。,脉冲点源在均匀介质中以固定速度传播的被动定位，站间需同步。源数未知，观测来自多个单传感器节点。杂波、时间抖动与漏检同时存在；背景是城市狙击枪口爆音定位，三维多边定位最小集合基数为 4。,每站为单传感器，无阵列。算法吃进去的是事件检测器输出的逐站到达时刻列表，不是重叠 IQ，也不含波形、频谱或协方差。检测数量可大于源数，归属未知，也可能纯属杂波；未知量为源数、源位置与检测归属。,未知 K 直接处理：源数是被估输出，无预知源数的步骤，由互不相交集合个数导出。,先把「每站一个检测、共同解释一个源」的组合定义为集合，集合内检测须来自不同站。关键一步是用单源闭式解算器解出该集合的源位置，取各站时差残差的最大值乘传播速度，得到有量纲、可人工设定的伪距上界代价，再按物理门限筛出可接受集合。最后把全局关联写成集合装箱：每个检测最多用一次、总代价最小，并派生贪心与二值整数规划求解器（字典序目标先最大化基数再最小化代价）。与贝叶斯/随机有限集方法相比属确定性组合框架。,需重推适配；输入层级：逐站到达时刻检测列表（已检测、未关联）。失效条件：检测器拆不开时频混叠的多源时该列表不存在；还假定单站对同一源不重复检测、站间同步且至少 4 站。,仿真加实测。仿真 6 个单传感器节点等角布于半径 500 m 圆周；门限 0–160 m 与抖动 ±0.00–±0.10 s 扫描，每档 1001 次。实测为德国 Lehnin 狙击枪口爆音，6 传感器布于约 200 m×400 m，6 源各记录 20 次。,门限趋 0 时平均基数误差趋近 2.0；字典序算法对门限最不敏感、优于贪心代价装箱（图8）。±0.1 s 抖动下中位定位误差约 45 m（图9）。12 个虚警时 2、3 源集合精度仍近 1、召回降至约 0.7（图10、图11）。实测单源 oracle 7–32 m，人为对齐后中位误差 15.7–45.2 m。,未声明公开代码或数据。仿真参数与门限选取规则齐全；求解器超参数、终止容差与实测数据获取方式未给。,作者结论：把杂波、漏检、抖动与未知源数下的多源定位统一为集合装箱问题，伪距门限门控后可同时得源数、关联与位置，基数优先优于代价优先。证据边界：前提为检测列表已给出、站间同步、单站不重复检测、源为脉冲型；未测非脉冲源与源数 >3，实测困难情形系人为构造。,1) 把源数、关联、位置统一为「几何验证的检测集合」上的集合装箱问题，门控代价有长度量纲而非抽象似然值。2) 提出并验证「基数优先的字典序目标」，说明传感器共识数比代价本身更能指示几何可靠性。3) 给出组合复杂度刻画与两种可实现的求解器。4) 用真实声学数据验证 2、3 源组合。,1) 输入依赖检测级事件；时频混叠致峰合并或分裂时，单站入射性假设与输入列表都不成立。2) 集合数随检测数指数增长，检测数 12 时已达 10⁷ 量级；只在 6 站、源数 ≤3、检测数 ≤12 上验证。3) 实测困难情形系人为构造，原始数据下关联平凡；与既有方法无同条件数值对比。,问题有价值、方法自洽、工程可落地，但创新属建模视角重组。价值在把杂波、漏检、抖动与未知源数放进同一离散优化框架，并给出有量纲、可人工设定的门控阈值。短板是与相关工作只有定性比较、实测困难场景人为构造，规模只到 6 站 3 源 12 检测，不支持外推至大阵列。,借鉴集合选择、互斥约束和几何一致性，处理重复候选与漏检。原输入是事件量测，适配到混合IQ需要可靠的多候选提取；杂波场景按实际需求扩展。,检测列表与单站入射性：§II-A 式(9)–(12)；集合与基数：式(13)–(16)；门控与求解器：§II-C；实测：§II-E、§III-B 表I、表II。,02 比较相关｜方法与创新借鉴,漏检与杂波下的关联设计,方法来源；场景扩展,尚待核验,原输入为事件量测并处理杂波与漏检；连续混合IQ能否提供相应候选尚未确认。可借鉴集合选择，但先检查前端条件。
50,R30,Direct Multi-Emitter Tracking Based on the Generalized Labeled Multi-Bernoulli Filter,"Chen 等, IEEE TSP, 2025",提出 GLMB-DMET：由时延补偿后内积矩阵的复 Wishart 分布导出多源似然。仿真 −17 dB 仍能工作，OSPA(2) 比基于 TDOA 的 GLMB 至少小 8 m。,二维平面内运动、数量随时间变化的非合作多发射源跟踪。4 个接收机各配单通道天线，无 DOA、只用 TDOA，数据送中心处理器。源在 5000 m × 5000 m 内近匀速运动，多普勒被明确排除。,每接收机单通道标量接收、无阵列流型；观测是含各源时延与未知信道系数的多源叠加信号加复高斯白噪声。假设源信号功率归一化、不同源信号在任意时延下互不相关；离散化为 4000 个快拍。,未知 K，靠 GLMB 沿时间轴递推、非单次观测内完成，依赖出生先验，上限 6。,用二阶矩替代需要未知源波形的一阶矩似然：对每个候选单源状态，把各站信号按时延循环移位拼成矩阵再取相关矩阵，该矩阵服从非中心复 Wishart 分布。最关键一步是时延匹配时未知波形被完全消去、失配时该项趋于零，故该参数可度量候选状态与真实源的接近程度；再在「不同源时延互不相同」下把多源似然分解为单源似然之积。与已有方法差别：不用量测提取、不依赖 DOA 与阵列、不假设源数已知。,条件适用；输入层级：原始混合 IQ。失效条件：各源信号须互不相关、各源对任意接收机对时延互不相同；需站址已知与站间同步；K 靠运动与出生先验递推，与单次观测内给 K 不一致。,纯仿真。6 个源出现与消失时刻不同，4 个单通道接收机；BPSK、各源载频不同、采样率 4 MHz；100 次 Monte Carlo、4000 快拍。对比 GLMB-TDOA 与真实似然下界；指标为源数估计、OSPA(2)、RMSE 与处理时间。,源数估计（图 4）：−17 dB 本文已能大致跟随真值，GLMB-TDOA 在低于 −11 dB 时无法给出满意估计。跟踪精度（图 5、图 6）：各 SNR 下均优于 GLMB-TDOA，时间平均 OSPA(2) 至少小 8 m。处理时间（表 II）：源数 6 时 0.7260 s，标准实现为 8972.4534 s。,有补充材料（含三个命题证明），主文未说明是否公开代码或数据。参数完整；轨迹与出现消失时刻、随机种子、载频取值未给。,作者结论：二阶矩似然加 GLMB 的直接多源跟踪优于基于 TDOA 的 GLMB。证据边界：支持低至 −17 dB 时直接用接收信号比先提 TDOA 更稳健；但源数是跟踪意义上的基数估计，需运动模型与出生先验、上限 6，不能外推为「单快照未知 K 可行」。,1) 用内积矩阵的复 Wishart 分布替代需要源波形的一阶矩似然，波形不可辨识时仍可得可计算似然。2) 证明多源似然可分解为单源似然之积，使 GLMB 更新可行，并对多源时延相同给出阈值筛选。3) 子粒子实现把源数 6 时的 8972 s 降到 0.726 s。,1) 源数估计依赖出生先验与运动模型（6 分量、概率 0.1），上限为 6，未测源数超过 6。2) 多源似然分解依赖「不同源时延互不相同」，该假设不成立时只给规避策略、无精度实验。3) 「互不相关」是失配项趋于零的基础，未讨论短快拍偏差。4) 排除多普勒、要求窄带；全为仿真。,问题价值高、方法有技术新意、仿真证据较扎实，但「未知 K」这一卖点需严格限定。用二阶矩替代不可辨识的一阶矩似然逻辑闭环、命题有证明；子粒子实现把 8972 s 降到 0.726 s。证据设计规范但全为仿真，出生先验给得具体，源数估计的说服力被先验强度稀释。,已有单天线混合信号的源数和轨迹联合估计，可借鉴集合评价和源身份管理。它使用历史与出生先验，本项目聚焦单次短观测及频谱—位置绑定。,设定：§II-A，p.3317；似然：§III-A，p.3319；GLMB 更新：§III-B，p.3322；图 4—9，p.3325—3328。,02 比较相关｜方法与创新借鉴,变化源数与直接跟踪参照,任务近邻；场景扩展,需针对性改造,原直接跟踪使用历史及出生先验，联合似然还有时差分离条件。不能简单删去跟踪环节便视为一次短观测算法。
51,R19,Multiple Emitters Direct Tracking With Distributed Single-Sensors: Improved Particle Filter Based on Multiple-Frequency Fusion,"Yin 等, IEEE TAES, 2025",同频带多个宽带运动源用分布式单天线直接跟踪时，反复定位加数据关联，轨迹交叉易失效；作者提出 PF-MFF：用多频融合构造消去未知路径衰减的位置谱替代粒子滤波似然，多组粒子分跟各源。,二维平面内近匀速运动的多个远场宽带发射源，由若干地面静止传感器接收；传感器为分布式单天线且时间同步。约束是多个源同处一个频带、发射宽带信号且互不相关；源数被排除在研究范围外、假定已知。,每传感器单通道标量接收，无阵列流型，仅靠多站几何形成「虚拟阵列」；接收信号为各源经路径衰减与时延叠加后加复高斯噪声，波形与衰减均未知。送入处理的是分段 DFT 后的频域协方差与子空间。,已知 K，显式假定：论文称源数非关注点，且贯穿噪声子空间维数、粒子组数与取峰数。,三块。一是粒子滤波框架。二是多频融合似然：对每个频点求跨站协方差并特征分解、套用直接定位的正交关系；单频点下该关系含未知的路径衰减矢量，故不可解。关键一步是同一源在不同频点上的路径衰减相同：把有效带宽内若干频点的关系堆叠成矩阵、取逆并抽取第一个对角元，得到与衰减无关的位置谱。三是用位置谱幂次加权避免谱平坦化，起始时刻取谱的前几个极大值作各源初值、各生成一组粒子独立演进，回避显式数据关联。,条件适用；输入层级：原始混合 IQ（经分段 DFT），位置谱处在协方差/子空间层。须已知源数、源须宽带互不相关、频点与频带需人工选取。失效：源数未知、窄带、各源相干、起始谱无多峰。,仿真加实测。仿真 6 传感器跟踪 4 个宽带源，SNR −12~12 dB、蒙特卡洛 800 次。对比 PF-MUSIC、PF-PM、DPD-MFF、两步法，指标 RMSE。实测 4 节点收 DJI 无人机信号（20 MHz、5.84 GHz），仅 1 源。,5 dB 即可较准跟踪多源轨迹，轨迹交叉时仍能确定各自轨迹（图 3、图 4）。RMSE 随信噪比升高优势越明显，优于 PF-MUSIC、PF-PM，与 DPD-MFF 相近而复杂度更低。耗时（表 III，4 传感器 2 源）：本文 0.5834 s、PF-MUSIC 0.6679 s、DPD-MFF 4.1503 s。,未说明是否公开。仿真参数较完整，未给传感器坐标、随机种子与有效带宽选取方法；实测给出节点坐标、带宽与中心频率。,作者结论：用多频融合改进似然、多组粒子分跟各源，可同频带内多源直接跟踪，轨迹交叉时仍有效。证据边界：限于已知源数、近匀速、各源互不相关、宽带同频带、6 传感器 4 源、SNR 不低于约 5 dB；依赖起始谱峰作初值并随时间累积，非单次短观测方法，实测仅单源。,1) 多频堆叠消去未知路径衰减矢量的位置谱：把单频点下因衰减未知不可解的正交关系按同一信号的多个频点堆叠、取逆后抽取对角元。2) 把该位置谱作为粒子滤波的似然替代品，并用指数加权解决谱平坦化。3) 多组粒子的多源跟踪结构：以起始谱峰初始化并独立演进，回避反复定位与显式数据关联。,1) 源数被显式假定已知且贯穿噪声子空间维数、粒子组数与取峰个数，未评估源数估错的影响。2) 多源验证不完整：仿真固定 6 传感器 4 源，实测仅 1 源与 4 节点，与标题「多发射源」不符。3) 依赖人工选取：起始谱需取多个极大值，有效频点与频带也需人工确定。,问题价值真实：「避免数据关联」与「避免未知路径衰减」都有仿真证据支撑。最有价值的是多频堆叠消去未知衰减的推导，其物理依据「同一信号各频点共享同一衰减」与经典的精简 MUSIC 思路同源。证据强度中等：仿真较完整，但结论均以已知源数为前提，实测只有单源。,借鉴多频位置谱的组织方式。粒子跟踪使用历史信息，当前先研究单次短观测；若后续加入运动，再比较历史对计数、关联和位置的改善。,p.9540 §I 定位；p.9541 §II-B 源数假定已知；p.9542—9543 多频融合位置谱（Alg.1）；p.9544 表 II、III。,02 比较相关｜方法与创新借鉴,多频融合与轨迹历史扩展,方法来源；场景扩展,需针对性改造,完整方法依赖轨迹历史；一次截获不能使用这些先验。帧内多频融合可以单独使用，不能将跟踪结果作为同条件定位结果。
52,R34,Direct Localization of Emitters Based on Sparse Bayesian Learning,"Chen 等, IEEE TVT, 2019",作者把多站被动定位写成稀疏表示问题，并把「字典部分未知」纳入稀疏贝叶斯框架：在三种模型下建立含未知信道衰减的字典，用 EM 结合交替最小化迭代更新，无须数据关联即可直接定位多源。,L（不小于 2）个分离站，每站配多阵元阵列，源为 N 个静止源。三种模型对应三种条件：全局窄带、站内局部窄带，以及用多频观测解开时延与信道衰减乘积模糊的 TDOA-AOA。,每站输出为多阵元矢量，含未知复信道衰减与阵列导向矢量；TDOA-AOA 用若干高信噪比频率上的频域系数作观测。算法吃的是已提取的阵列频域观测。每站至少两个阵元是硬性要求，单天线时导向矢量退化为常数。,已知（按 N 取后验功率最大的 N 个原子）。论文两处称不需要模型阶数，自相矛盾。,把「未知波形导致字典部分未知」交给贝叶斯学习：字典含未知信道衰减，稀疏性由先验方差体现，用 EM 与代理函数交替更新所有参数，最后在原子的后验功率上取峰。最关键一步是改用交替最小化，并证明原算法的独立更新无法保证目标函数单调不增。另一个机理是 TDOA-AOA：多个不同频率上的相位项为一个信道衰减提供多个乘积，从而打破时延与衰减的乘积模糊。,需重推适配；输入层级：已提取的阵列频域观测，不是原始混合 IQ。失效条件：三种模型都要求每站至少两个阵元，单天线时 AOA 类直接失效，TDOA-AOA 需重推为仅含时延项。,全部为仿真。四站，每站为均匀线阵；2 个发射源，两源频率集只有一个分量重合（0.189B）。最大迭代 500，选 5 个频率，每帧 64 点，成功判据 0.02 m。对比 LASSO-Covariance、LASSO-Sample、GMA、DPD、LOST 与 CRLB。,带宽增大时 AOA-Global 在约 0.1 MHz 后急降（1 MHz 时为 0），TDOA-AOA 接近 1；阵元数由 5 增到 11 时 AOA-Local 成功率由约 0.05 升到约 1（图8、图9）。代价是运行时间：单次 23.45 s，而 DPD 0.42 s、LOST 0.22 s、Wax's 0.08 s（表I）。,论文未说明是否公开代码或数据。超参数较全，但 SBL 初始化未给；0.02 m 判据与 0.2 km 网格间隔差四个数量级，未解释。,作者结论：三种 SBL 方法无需数据关联、精度更高或相当，且不需要知道模型阶数。证据边界：实验支持的是四站均匀线阵、2 源、0.02 m 判据的仿真结论；「不需要模型阶数」与算法最后按源数取峰相矛盾，实验也从未改变源数，故缺乏支撑。,1) 把「字典部分未知」（未知信道衰减）通过贝叶斯学习显式建模为可更新参数，使 LASSO 无法处理的两类模型变得可解。2) 给出 TDOA-AOA 的完整推导与机理。3) 指出并修复原算法收敛性缺陷，提出交替最小化。,1) 源数使用前后矛盾：算法最后按 N 取后验功率最大的 N 个原子，论文两处却称不需要模型阶数，且仿真中 N 恒为 2、从未变化。2) 主要实验是每站 8 阵元均匀线阵，无单天线验证。3) 网格字典带来精度上限：0.2 km 间隔与 0.02 m 判据相差四个数量级，论文未说明。,问题选择与建模深度较强，抓住了未知波形使字典部分未知、LASSO 类从原理上不适用这一真实痛点。但有两点削弱结论：一是「不需要模型阶数」与自身取峰步骤相矛盾，且仿真始终固定源数为 2；二是结论都建立在每站多阵元与窄带、同步条件上。,借鉴稀疏位置、增益和噪声交替更新。仅保留跨站时延的模型适合继续推导单天线版本；联合稀疏性能比较可优先选R07等更接近的代表。,§II-A 每站至少 2 阵元，p.5770；§III Algorithm 1 按源数取峰，p.5773；§V-C「不需要模型阶数」一句，pp.5778–5779。,02 比较相关｜方法与创新借鉴,混合TDOA模型的联合稀疏参考,性能对照；方法来源,尚待核验,仅含跨站TDOA的混合模型可继续推导单天线版本；两个AOA模型不能原样退化。优先用更接近的R07核验联合稀疏能力。
53,R03,Direct TDOA geolocation of multiple frequency-hopping emitters in flat fading channels,"Ouyang 等, IET SP, 2017",在频域建立未知波形下的直接时差定位最小二乘模型，把定位代价化为频域互相关矩阵的最大特征值。多源时按已知源数逐个取峰并用 CRB 分辨椭圆置零邻域，两源仿真中分离成功。,多个静止跳频源与 L 个分离接收站的多站被动定位，每站一根天线、全文不出现角度。约束：平坦衰落信道，源信号互不相关、零均值广义平稳，观测时长须足够长使信号到达最近与最远的站，只处理二维平面。,每站 1 根天线，无阵列。算法吃的是频域观测量：对长观测窗内接收复包络做傅里叶变换后取若干系数。模型是所有站共享同一段波形、每站只有一个复信道系数；多源不是靠联合模型，而是靠后端逐峰抑制处理。,已知源数（记作 Q）：「迭代到第 Q 个源就停」为终止条件，无未知源数判据。,写出噪声假设下的最大似然（等价于最小二乘）目标，对未知波形求最小得闭式解，代回后波形与信道都被边缘化，代价函数化为频域互相关矩阵的最大特征值，定位即在二维网格上取最大值，不做任何显式时差估计。多源部分不改代价函数：找到当前最高峰，用该峰位置的 CRB 椭圆把这片网格值置零，再找下一个峰，重复到第 Q 个。与两步法的差别是绕开了「各次时差估计必须彼此相容于同一源位置」这一固有缺陷。,需重推适配；输入层级：已提取的频域观测量，不是原始短时混合 IQ。失效条件：观测过短或时间带宽积不足时分辨椭圆与 CRB 显著变差；需要已知源数；要求平坦衰落与源间互不相关。,"全部为仿真。四个传感器，源在 (70,40) km、第二源间距约 1.41 km。跳带 10 MHz、跳速 10 000 hops/s、BPSK；SNR 0 至 20 dB，每点 200 次 Monte Carlo；对比两步法与 CRB，指标为位置标准差。",单源时直接定位的标准差全程低于两步法，低信噪比段差距最明显，随信噪比升高逼近 CRB（图1）。两源相距约 1.4 km、信噪比 10 dB 时 200 次结果分别聚在两个真值附近（图3），两源精度相当但都比单源偏离 CRB 更远（图4）。结论只在单一间距与单一几何下得到，未测 3 源以上、未做间距扫描。,未说明是否公开代码或数据。傅里叶系数个数与观测时长、信噪比定义、抑制椭圆用的是真值还是估计精度、两步法实现细节均未给。,作者结论：该频域直接定位算法低信噪比下优于两步法且更接近 CRB，多源时其他源影响可用分辨分析消除。证据边界：单源优势只由四站单传感器、跳带 10 MHz、SNR 0–20 dB 的仿真支持；多源只验证了相距约 1.4 km 的 2 源，未做间距扫描。,1) 给出不需已知波形、不需先估时差的频域代价函数，化为互相关矩阵最大特征值，计算量只随站数增长。2) 把未知波形与信道边缘化，回应两步法「各次时差估计不相容」的次优性。3) 提出基于 CRB 的分辨椭圆，把多源可分性变成可计算量。4) 验证 2 源，如实报告偏离 CRB 更远。,1) 需已知源数，终止条件为「迭代到第 Q 个源」，无源数未知判据与判错敏感性分析。2) 多源是「单源代价加逐峰置零」的贪婪流程，非联合估计，合法性建立在未证明的几何论证上。3) 分辨证据单薄：无最小可分辨间距扫描。4) 平坦衰落假设在多径下不成立。,「用频域观测做直接定位」的清晰代表，低信噪比段优于两步法，CRB 椭圆给了可计算的分辨判据。问题意识准：两步法的缺陷不在时差估计精度，而在各次估计缺乏相容性约束。但代价函数与既有文献形式相同，增量有限；证据偏弱：单一几何、最多 2 源、无实测。,借鉴相关位置谱与逐峰抑制，形成低成本多源处理流程。数据具备跳频结构时可作性能对照；未知源数和频谱—位置绑定需补齐。,"§2 式(1)(2) 与假设, p.81；§4.1 最大特征值代价函数, p.82；§4.3 逐峰抑制与迭代终止, p.83；§5 与图1–4, p.83。",02 比较相关｜方法与创新借鉴,跳频结构成立时的传统参照,性能对照；场景扩展,尚待核验,原方法利用跳频结构并给定Q；候选场景未保证可利用跳频。先核对数据是否具备该结构，再决定采用原流程或仅借鉴逐峰抑制。
54,R01,Direct Position Determination of Multiple Radio Signals,"Weiss 等, EURASIP JASP, 2005",把各站阵元输出拼成一条长观测向量，用子空间搜索直接定位置，绕开两步法的角度关联。三站三元阵、3 个同频源时 AOA 失效而它仍能定位。,多个窄带射频发射机的被动定位：L 个基站各配 M 元阵，源静止、视距、单复衰减信道，站间同步精度约 50 ns。窄带假设成立，未知波形时要求各源统计独立。,每站一副 M 元阵、共 L 站；各站复包络是源波形经时延与未知复衰减后叠加噪声。算法吃进去的是把 L 站 M 阵元输出拼成的长向量及其协方差矩阵，跨站拼接是全文关键。,已知源数（记作 Q）：子空间维数、代价函数与 CRB 均按给定 Q 展开，未讨论 Q 的估计。,把 L 站观测拼成一副分布式大阵，沿用 MUSIC 的子空间拟合，候选位置响应落进信号子空间即得分高。最关键一步是把各站未知复衰减当作每个候选位置上的自由参数，模长归一化后取小矩阵的最大特征值，搜索降到二维。与两步法不同：不估角度或时延、直接在信号域搜位置，既无需量测关联，又突破单站可分辨源数上限。,需重推适配；输入层级：原始混合 IQ（各站分段频谱系数）。失效条件：窄带假设不成立、源数未知、源间相干；每站单天线时四站只能分 3 个同频源。集中回传原始数据与本项目一致。,"全部为自造仿真。三站位于 (2,−2)、(2,0)、(2,2) km，3 元均匀线阵或五元圆阵，源 1–3 个，SNR 3–23 dB 与 −5 至 20 dB 两组，快拍 200 或 1000，每点 100 次 Monte Carlo。对比各站独立 MUSIC 或波束形成的 AOA 加三角定位。",SNR 等于 3 dB 时 AOA 约 290 m 量级、直接定位约 110 m 量级；高于约 15 dB 后两者都与 CRB 重合（图1–2）。源间隔 200 m 增到 1200 m 时 AOA 从 110 m 量级降到 10 m 量级，直接定位平稳在约 10–25 m（图3）。阵元数 3、源数 3 时传统 MUSIC 完全失效，直接定位仍有 0 dB 约 140 m、20 dB 约 10 m（图4）。,未提供代码或数据。站址、源坐标、阵型、快拍数与 SNR 范围都给了；波形带宽、采样率与搜索步长未给。,作者结论：直接定位能分辨比 AOA 更多的同频源、精度更高、且无需量测关联，代价是原始信号要集中回传。证据边界：优势只在站数 3 或 4、阵元 3、源数 1–3、窄带单频点、静止源、理想视距的仿真下成立；「无关联问题」只是结构性判断，无对照实验。,一是给出跨站拼接的统一观测模型，把多站定位写成对拼接观测的位置参数化子空间拟合，同时回避量测关联并突破单站可分辨源数上限。二是给出最大特征值判据，把未知波形下的搜索维数大幅压低。三是给出已知波形下按源解耦与各站代价求和的形式，并给出两种情形的 CRB 与有限长观测的频域误差关系。,一是源数被全程当作已知，子空间维数、代价函数与 CRB 都按源数展开，既无估计方法也不讨论判错后果。二是只有窄带建模，没有逐子带或频率—源对应的任何形式。三是证据偏弱：全为理想仿真，Monte Carlo 只有 100 次，无实测，已知波形算例还缺 AOA 对照。,直接定位方向的奠基性工作：把多站联合处理形式化为可解的参数化子空间模型，并给出可执行的降维手段。用拼接观测提高可分辨源数、用最大特征值消去未知衰减，两步化简自洽；创新属框架组合加降维增量。证据强度中等偏弱：全为理想仿真，源数已知这一关键前提未被审视。,借鉴多站联合建模和未知波形消除，作为RF时延接口的推导基础。原阵列配置需核对退化条件；贡献可落在单天线条件下的有效适配与联合输出。,"§II 式(1)–(6) 拼接模型, p.38；式(9)–(12) 最大特征值判据, p.39–40；§4 图1–图5, p.41–43；附录 D 有限长观测误差关系, p.48。",02 比较相关｜方法与创新借鉴,多源DPD模型与未知参数处理,方法来源,需针对性改造,原阵列多源模型可提供联合建模思路；单天线需保留跨站时延，并重建相应可辨条件。不能以原阵列精度代表候选场景。
55,R28,Bandpass Signal Design for Passive Time Delay Estimation,"Nanzer 等, IEEE ACSSC, 2016",研究频谱形状对时延精度的影响，提出「分裂带通」谱参数化，用 MZZLB 分析区间迁移。增大均方带宽可改善中高 SNR 精度，低 SNR 下因新增模糊恶化，MSE 差三个数量级以上。,两个接收点之间单一未知时延的被动估计，时延上界已知。信号是带通系统使用的确定性已知模板波形，时间带宽积远大于 1。全文只处理单源单时延，无多源、无阵列、无空间位置。,单通道观测，含一个时延与一个幅度未知量，噪声在模板谱支撑内为平坦谱。谱形是设计者可指定的确定性分段函数：平坦带通带内恒定、带外为零，分裂带通只在总带宽两端的对称子带上非零。,论文回避未讨论。全文只有一个时延参数与一个观测方程，不存在源数这一变量。,用修正 Ziv-Zakai 下界作统一工具，解析算出平坦与分裂带通的错误概率指数，在小时延处展开、在相关函数周期点取上界，把下界化成可闭式积分的三项。最关键一步是把下界拆成「模糊度」与「均方带宽」两个因子，解析出四个工作区间与转换阈值，再平移到分裂带通。差别在于不提新估计器，只是把经典结论推广到可调的非平坦谱形。,仅机制。输入层级：理想量测之上的「已知模板波形加纯时延参数」层，连已提取时延都不是。失效条件：波形必须已知；只有单源单时延；没有阵列与位置参数；谱形须是设计者指定的确定性函数。,全部为自造仿真。分数带宽 1/100、时间带宽积 50、最大时延为载波周期的 10 万倍、采样率 16 kHz；图 5 扫描子带宽度取总带宽的 1/100 至 1/2 五档。对比只有退化为平坦带通的自我对照，未说明 Monte Carlo 次数。,平坦带通（图 3）：界与估计器在三区间内贴合。分裂带通（图 4，子带占 1/10）有两个模糊主导子区间，转换约 25—30 dB；30—50 dB 更优，45—50 dB 增益超三个数量级。代价是中低 SNR 更差、子带越窄优势区间越窄。数值例：相对均方带宽 2.44，转换区起止左移 3.9 dB 与 4.3 dB。,未提供代码或数据。主要仿真参数可读到；但 Monte Carlo 次数与仿真时长、基带波形形状、候选时延选取规则未给。,作者结论：带通设计分无信息、窄带模糊主导、均方带宽模糊主导、无模糊四区间；增大均方带宽提升中高 SNR 精度，代价是低 SNR 因新增模糊变差。证据边界：「大均方带宽提升高 SNR 精度」是 1983 年界的重参数化；3.9 与 4.3 dB 仅在单点验证。,1) 提出「分裂带通」谱模型，给出均方带宽闭式表达与介于 1 与 3 之间的相对均方带宽标量，使谱形成为单一参数。2) 用 MZZLB 刻画出四区间，识别出平坦带通所没有的模糊主导区与 25—30 dB 转换。3) 给出转换区阈值的解析平移关系。4) 用候选时延保留缓解选错峰。,1) 只处理波形已知的单源单时延，无法支撑多源或多站定位判断。2) 谱形被当作设计者可指定的确定性函数，未讨论由环境或未知源决定时如何得知——这正是本项目源谱未知且混叠的前提缺口。3) 定量结论只扫子带占比一个维度。4) 缺 Monte Carlo 次数与基带波形形状。,性能界推广类会议论文，回答设计问题而非提出新算法。方法合理：在公认紧界框架内展开，把下界拆成「模糊度」与「均方带宽」两个可分别操控的因子。创新中等：「高 SNR 界由均方带宽决定」早已知；证据中偏弱：纯仿真、参数只覆盖单一点，但界与估计器贴合有说服力。,借鉴有效带宽和相关旁瓣的分析，解释为什么定位权重与频谱报告可能不同。其发射谱设计不能直接给出接收权重的最优结论，但可指导诊断和评价。,平坦带通下界：§II-1，p.1087；分裂带通谱与均方带宽：§II-2，p.1088；四个区间：§III，p.1089；图 3—5，p.1090—1091。,02 比较相关｜方法与创新借鉴,频率利用的精度与错峰取舍,方法来源,尚待核验,这是发射谱设计与时差性能分析，不是可直接部署的接收算法。可解释权重取舍，但不能据此判定本场景接收权重最优。
56,R23,Direct Position Determination Method Based on Sparse Spectrum Data,"Zhang 等, ICASSP, 2026",DPD 需各站原始信号全部回传中心站，开销过大；提出各站只保留承载指定能量比例的谱线，再做最大特征值型搜索。数据量降至 1%–20%、计算时间降至 10%–50%，精度几乎不降。,单个非合作辐射源在二维平面上的被动定位，源静止。5 个空间分离的传感器加一个中心处理站，位置与速度精确已知，沿视距接收。信号窄带、多普勒近似为常数；论文中的 K 指传感器个数。,每站只有一路天线，观测域是各站离散傅里叶变换后的复谱向量，不经过时延、角度或协方差等中间统计。以 1 号站的无噪信号为参考，各站相对参考站只差一个时延、一个多普勒频移和一个复增益。,论文回避未讨论：全文按单源建模，代价只取最大特征值，隐式假定只有一个主导源。,用一个选择矩阵只保留各站频谱上一段连续谱线，保留哪一段由「从能量最大的谱线开始累加，直到累计能量占比达到预设能量保留率」决定。最关键一步是把未知波形与未知复增益解析地消掉，得到以最大特征值为代价的位置估计，形式与经典 DPD 一致，只是输入换成稀疏谱。与常规 DPD 的差别只在输入被压缩，判据本身没改。,需重推适配；输入层级：原始混合IQ（复谱向量经选择矩阵压缩）。失效点：位置只有一个，源数为 2 或 3 时须改为取前几个特征值；选频按总能量排序、是全局单源规则。,全部为仿真，无实测、无数据。5 个传感器，先验区域 500 m 见方；BPSK，载频 1 GHz、中频 10 MHz，带宽取 1、2、5 MHz，能量保留率 0% 至 100%，蒙特卡洛 100 次。对比只有常规 DPD 这一条自身基线，指标为位置 RMSE。,定位精度（图 4）：0 dB 下保留率趋 0 时 RMSE 约 10² m，趋近 100% 降到 10⁰ m 以下，接近 100% 回升。开销（Table 1）：保留率 50%／70%／90% 时归一化传输量在 1 MHz 为 1.29%／1.96%／5.47%，5 MHz 为 6.53%／9.91%／19.56%。,论文未说明是否公开。能量保留率扫描范围、带宽与站址坐标已给；采样率、选段算法与网格收敛判据缺失。,作者结论：仅用一小部分稀疏谱数据即可准确定位，是带宽受限下 DPD 的可工程方案。证据边界：「选频压缩后定位仍可用」在单源、窄带 BPSK、已知站址下成立，Table 1 的开销数字最硬；「高但非 100% 的保留率能提升精度」只有一条曲线支撑，属作者主张。,1) 把「DPD 回传原始信号开销过大」形式化为频域选择压缩问题，选频与传播算子在同一个框架内闭合。2) 提出以能量保留率为唯一旋钮的选频规则，把数据率与算法配置解耦，也是「公共选频」的现成对照规则。3) 给出带宽与能量保留率两维下的归一化传输量与计算时间量化表。,1) 全文只有单源，模型、代价与实验都不含多源。2) 选频规则是按总能量排序的连续谱段截断，多源各占多个分离谱段时只能保住能量最大的一段，天然漏掉弱源。3) 内部不自洽：速度与网格步长单位混乱，同一节先说精度有损失、后说保留部分谱反而更好。,问题选得准：DPD 回传原始信号确实是多站系统落地的瓶颈，转成频域选择压缩有工程价值。创新程度偏弱：核心机制与一比特量化 DPD 属同一类工程折中，判据仍是最大特征值型 DPD。证据强度不足：单一场景、单一波形、只有 100 次蒙特卡洛、无 CRB 参照。,借鉴高能量选频和通信—计算取舍，构造低成本公共选频规则。原方法含运动且为单源，当前先迁移选频机制，再检查重叠弱源是否被遗漏。,信号模型与能量保留率：§2–3.1，p.21602；压缩模型与代价：§3.2，p.21603；仿真设置：§4.1；RMSE 曲线与开销表：p.21604。,02 比较相关｜方法与创新借鉴,稀疏选频与在线成本,方法来源；场景扩展,常规适配即可,指能量选频规则，可直接构成公共选频组件；原运动单源定位器不直接沿用。检查不同站主导源变化时是否丢失可用观测。
57,R22,Pairwise Neural Cross-Correlation for Accurate Estimates in Low SNR,"Dominguez, IEEE MILCOM, 2025",提出成对神经互相关（PNCC）损失：让网络变换两路含噪 IQ，最大化变换后与未变换信号的互相关，无需真值标签。时延 MAE 降 49.4%，TDOA 定位 MAE 降 22.8%。,单个发射源、单天线的成对接收信号，即同一辐射源在两个接收位置的两次观测。任务限定为时延、多普勒频移、盲载频三个标量参数估计。下游仿真用 4 个接收机、1 个发射源，接收机位置无误差。,输入是原始复数 IQ，每个信号 32768 个时间步，仿真采样频率 2 MHz，经 Rician 衰落并加高斯白噪声。每个接收位置只有一路天线，不涉及阵列；变换网络输入 2 通道 IQ、输出复波形。,论文回避未讨论：全篇以单源为前提，数据集明确为 4 接收机、1 发射源。,结构是学习式前端加物理后端两段，创新在损失设计：先把两路信号各自归一化，用带绝对值的余弦相似度衡量它们与对方经参数平移后的相关程度，再取 1 减之。最关键一步是让变换后的信号与未变换的信号互相关，而不是两个都变换后再互相关，因此不需要真值标签，只需在真值参数处把互相关幅度顶起来。与既往构造真值互相关信号做监督的做法差别就在这里。,条件适用，仅限单源、且仅限「成对同一源两次观测」这一输入形态。输入层级：原始混合IQ。失效条件：一旦叠加同频异源分量，模型无法区分「本源的峰」与「他源的峰」。,全部为仿真，无实测。数据集为 8 类调制、65000 个信号，每个 32768 步，按 80%/10%/10% 划分，信噪比 −20 至 20 dB；TDOA/FDOA 数据集 4 接收机、1 发射源。对比纯回归基线与同结构同权重的 NREG；指标为 MAE。,表 II：互相关模式下时延 MAE 从 0.4399 降到 0.2227（作者称降 49.4%）；摘要另给多普勒降 27.2%、盲载频降 76.3%。下游 TDOA 定位 MAE（表 IV）由 219.1 m 降到 169.1 m（22.8%），FDOA 速度 MAE 改善仅 1.57%。盲载频任务方向相反。,代码公开（github.com/WDot/pncciq），训练超参数给全；数据集是否发布未说明，预测网络结构需转引。,作者结论：PNCC 把原始 IQ 变换成互相关峰更接近真值的形式，降低三项参数 MAE。证据边界：收益只在单源、32768 点仿真下成立；TDOA 定位 MAE 的 22.8% 改善还要求接收机位置已知。盲载频结论相反，FDOA 的 1.57% 不宜作强结论。,1) 提出并验证不需要真值互相关标签的训练目标：在两路信号各自的变换版本与对方未变换版本之间最大化互相关幅度。2) 用同结构同权重、仅换损失的 NREG 消融证明收益来自损失设计而非参数容量。3) 把估计器接入显式 TDOA/FDOA 几何求解器，证明前端提升可传递到下游定位。,1) 全篇只有单源：两路信号始终来自同一源，不存在第二个同频源的干扰项。2) 无实测数据，衰落用正弦和模型生成，未覆盖非平稳干扰与硬件失真。3) 下游绝对误差量级很大（TDOA MAE 在 169 至 445 m 之间，位置半径上限 3000 m）。,把损失函数设计作为主要创新点：低信噪比下让网络直接产出可用于相关性检测的信号形态，省掉构造真值标签的负担。创新程度属中等：本质是在「学习式去噪加相关」范式上换了监督信号，且该监督仍需要真值参数。最主要的问题是任务空间太窄：单源、单参数、无同频共存、无实测。,借鉴复IQ共享变换与相关峰监督。多源扩展应保留多个有效峰并减少强源主导，再评价弱源漏检、错误峰和后续关联；无需重新发明相关器。,核心主张与代码：§I–II，p.1327–1328；NREG 消融与评估模式：§IV，p.1330；下游 TDOA/FDOA 结果：§IV-B，p.1332。,02 比较相关｜方法与创新借鉴,RF相关峰学习前端,方法来源,尚待核验,原复IQ相关前端面向单源。保留多峰、补关联后是否已足够，需要同场景适配；不能仅因输出单源就排除其前端。
58,R48,Multi-Source Weighted Localization Based on Cascaded DOA-TDOA,Fang、Li、Zhao、Xu，Sensors，2026，26(5)，1614,先用DOA完成粗定位与关联，再逐源波束形成，选择参考站并做加权TDOA精定位。,多个已知数量的远场RF源，每站理想线阵，二维静止定位。,输入各站阵列宽带信号；先做分频DOA估计，以几何一致性关联，再对每个源进行空间滤波。,明确已知K，DOA搜索和逐源循环均使用K。,DCS-SOMP估角、几何匹配、宽带MVDR分离、参考站选择，以及D-GDOP加权WLS细化。,没有站内阵列时无法直接获得原方法的DOA和空间分离能力；不作为单天线原样基线。,四站、每站四阵元、双源；SNR和采样率扫描，500次Monte Carlo；另有五站WLS权重实验。,作者报告比所选TDOA／混合方法更低误差；主要证明阵列分离与级联流程的效果，无盲计数或频谱报告评价。,开放14页全文，算法1明确主要流程；仍需核对信号生成、时延和权重实现细节。,支持利用阵列先分离再TDOA定位；不能把多源加权这一标题等同本项目单天线能力。,把多源DOA关联和宽带空间分离用于改善后续TDOA，再以几何权重精化。,源数已知；额外阵列观测；未给短混合IQ、未知K和频谱—位置联合任务的验证。,较相关的流程与几何权重参考，原算法不列为优先直接性能对照。,借鉴源相关的参考站选择和几何权重。原法靠站内阵列先分离，单天线需要替代的逐源信息；先完成有效关联，粗细反馈按收益决定是否保留。,全文14页；第3页§2已知K与阵列配置，第5–7页DOA匹配与MVDR，第9页D-GDOP，第10页Algorithm 1，第11–12页仿真。,02 比较相关｜方法与创新借鉴,逐源参考站选择与粗细处理,方法来源；场景扩展,需针对性改造,原流程已知K并靠站内阵列DOA和MVDR先分离源。单天线缺少该分离信息，需要替代前端，源相关参考站选择可单独借鉴。
59,R24,A Riemannian Manifold-Based Spatio-Temporal Joint Interference Mitigation Method for Direct Position Determination,"Zhou 等, IEEE WCL, 2026",针对 DPD 在间歇干扰源下退化，把观测分段、逐段估计协方差，用正定矩阵流形上的黎曼均值融合压制干扰，再构造协方差拟合型 DPD 代价。仿真中在中低信噪比下优于多种对比方法。,远场无源定位，多个期望源加多个干扰源，波形未知。核心假设是二者时间行为不同：期望源全程活跃、干扰源只是间歇活跃，这是区分机制的唯一依据。几何为若干阵元组各自布站，按 TDOA 建模。,每个阵元组有多根天线（仿真 5 根），形成「多站加每站小阵列」的联合观测。观测是各站复基带信号经分块变换与逐段协方差估计得到，属协方差层。总体协方差中不显式含干扰项。,已知 K（隐含给定）：源数与干扰源数固化在导向矩阵中，仿真设定为 2 加 2。,对同一频点在各段上估计出的多个协方差取黎曼均值（几何平均），把间歇干扰在统计量层面稀释掉，不必显式找出干扰方向。最关键一步是避免反复做矩阵平方根与矩阵对数，改用 LE 距离作近似，并把代价化成广义特征值形式，定位退化为在位置网格上求标量谱的最大值。相对已有单频窄带做法，实质改动是把多个频点的失配聚合成一个代价。,需重推适配，且成本很高。输入层级：已提取时延或协方差。失效条件：需每站多根天线才能形成角度信息；还需逐窗协方差满秩；最根本的是依赖「部分源全程活跃、另一部分源间歇活跃」的时间先验。,仿真：4 个阵元组近似共线、等间距 20 km，每组 5 阵元；2 个期望源与 2 个干扰源，干扰源每段以概率 0.5 独立激活。有效带宽 120 kHz 内取 8 个频点，采样率 1.2 MHz。对比 6 个方法，500 次蒙特卡洛，指标 RMSE。,干扰压制（图 1，信噪比 10 dB、信干比 −5 dB）：Tyler 与收缩协方差法谱中仍有干扰诱导峰，两种黎曼均值方法则在期望源位置形成主导峰。定位精度（图 2）：角度两步法与 Tyler 始终劣于两种黎曼均值方法，其中 LE 距离法在中低信噪比更好。结论只在激活概率 0.5、信干比 −5 dB 下取得。,论文未提及代码或数据。站址、阵元数、源坐标、时间段数与快照数、频点数、采样率与干扰激活概率均已给出，但变换块长未给。,作者结论：用黎曼均值融合各段协方差、用 LE 距离构造协方差拟合准则，仿真表明相对常规方法在间歇干扰下的鲁棒性与定位精度都有改善。证据边界：只在「期望源全程活跃、干扰源以 0.5 概率间歇激活」下其 RMSE 优于四个对比方法；干扰压制只有谱图定性对比。,1) 把 DPD 的协方差拟合从单频窄带扩展到多频点上的黎曼距离失配聚合，并化为广义特征值形式。2) 提出用黎曼均值融合逐段样本协方差，把「期望源全程活跃、干扰源间歇活跃」的先验转化为统计量层面的压制。,1) 立场性局限：方法的目标就是压制一部分源，被压制的源被定义为干扰并排除在定位输出之外。2) 期望源数必须已知，且代价只给出位置上的一个标量谱，未提供逐一检出各源位置的峰检测规则。3) 干扰压制缺乏定量证据：激活概率与信干比都只有单点取值。,问题选得准但解法带明显的前提依赖，创新点属于把已有工具重新组合进 DPD 框架。价值在于把「时间行为不同」这一先验转化成协方差层面的几何平均。合理性问题在于总体协方差中没有干扰项、干扰被默认为已彻底消除，支撑这一点的只有一个激活概率 0.5 的仿真点。,借鉴多窗协方差的稳健汇总，用于有实际污染需求时的扩展。原法依赖阵列和时间行为假设，需重建单天线接口，并区分应抑制污染与待恢复弱源。,问题定义：§I，p.5397；假设与逐段协方差：§II–III-A，p.5398；LE 距离与特征值：§III-B，p.5399；图 1：§IV，p.5400。,02 比较相关｜方法与创新借鉴,间歇污染的稳健统计,方法来源；场景扩展,需针对性改造,原方法依赖阵列及持续目标／间歇干扰的区分。当前全部目标都需恢复，且没有站内阵列；只在相应污染扩展中重建接口。
60,R20,High Accuracy Source Localization Based on Parallel Factor Analysis of TDOA in the Cross Correlation Domain,"Li 等, IEEE TCOM, 2025",把各站互相关谱组织成三线性 PARAFAC 模型，一次解出全部 TDOA，另给多径鲁棒的 DPD。其 RMSE 最贴近 CRB，实测约 5 m 误差处累积分布达 1。,单个非合作辐射源的被动定位，源静止。仿真用 4 个同步接收传感器、1 号站作参考站，分非多径与多径（设 G 条传输路径）两种场景。要求各站同步、参考站不含多径。,每站一根天线，站间靠互相关而非阵列增益取信息。算法吃进去的不是原始 IQ，而是参考站与其余各站的互谱；作者还用共轭反转构造镜像互相关，把矩阵维数扩成两倍降噪。,论文回避未讨论：全文只有单源，源不是可计数维度；多径路径数 G 不是源数。,把各站相对参考站的互谱拼成三线性 PARAFAC 张量，用交替最小二乘分解，再由归一化后的列间比值取相位，一次解出全部时差，最后用 Chan 算法解位置。最关键一步是把多径写进时差矩阵、对每个候选位置做正交投影——信号只在真实源位置同相汇聚，定位化为求根。与逐站搜谱峰相比不受采样间隔分辨率限制。,条件适用；输入层级：已提取时延（实为参考站与其余各站的互谱）。失效条件：多个信号同时占据同一频带时需先做源分离，作者明确划为本文范围之外。,自造仿真加实测。仿真 4 个传感器、1 个源，OFDM，采样率 25 MHz，信噪比 −15 至 10 dB；多径 G = 2。对比 GCC、SDC、FD-DPD 等 5 种方法。实测 QPSK，载频 720 MHz，带宽 20 MHz，40 组数据。,无多径（图 8）：−15 dB 至 10 dB 区间所提 DPD 的 RMSE 最低且最贴近 CRB；时差误差累积分布（图 7）显示 90% 以上的情况误差小于 20 ps。多径下（图 9、图 11）仍最优；实测（图 13）约 5 m 误差处累积分布达到 1。全部结果均为单源。,论文未说明是否公开。几何、波形、采样率与搜索区给得较细；交替最小二乘的初值与收敛阈值未给。,作者结论：时差估计法精度与鲁棒性优于传统方法，无需插值即可同时给出多个时差；多径 DPD 优于其他先进方法。证据边界：「一次给出全部时差、不受采样间隔限制」扎实；「多径下更优」只在一组特定两径参数下成立；方法只在单源下验证。,1) 给出把跨站互谱组织成三线性 PARAFAC 模型的构造，共轭反转扩维是可验证的降噪手段。2) 从分解因子的列间比值一次解出全部时差，绕开谱峰搜索与采样间隔分辨率限制。3) 提出以正交投影为几何汇聚机制的多径鲁棒 DPD。,1) 全文只有单源，多源同频带被作者自己排除在范围外。2) 输入固定在互谱层，未讨论低信噪比短观测下互谱估计偏差的传播。3) 多径分支依赖参考站不含多径、源静止等较强假设。,问题价值明确，方法有实质内容：共轭反转扩维、比值式时差提取、几何汇聚加求根的多径 DPD 有辨识度。证据强度在同类文献中偏上：有 CRB 对照与 5 种对比方法。短板是单源贯穿全文、多径只测一组参数，且精度优势有多少来自张量分解未作消融。,借鉴互谱张量和多站时差提取，可作为单源或已分离源的定位后端。用于混叠多源前须解决归属问题，多径处理作为条件扩展。,单源局限与同频多源排除声明：§VI，p.7102；三线性模型与共轭反转扩维：§III-A；比值式时差提取：§III-C；实测 5 m 累积分布达 1：§V。,02 比较相关｜方法与创新借鉴,互谱张量与多径后端,方法来源；场景扩展,尚待核验,互谱张量后端主要评价单源。需要先获得可靠逐源互谱；候选场景中该前提是否满足，应先于后端比较核验。
61,R31,Multi-TDOA Estimation and Source Direct Position Determination Based on Parallel Factor Analysis,"Li 等, IEEE IoTJ, 2023",把各天线 DFT 数据组织成「频点—分段—天线」张量并构造 PARAFAC，三线性分解一次估出多个 TDOA。仿真 RMSE 优于三种对比方法，实测 12 组散点接近真实位置。,单个辐射源由 L 个位置已知的单天线监测站同步接收，含空中平台弱多径与地面多径两种建模。关键约束：站址已知、站间同步、源数固定为 1、目标占用频带事先给定；背景为无人机与校园非法辐射源定位。,每站单天线，观测是含未知时延与衰落系数的单源信号加噪声。DFT 后在已知频带内抽频点、构造三维张量写成 PARAFAC 形式，因子矩阵为已知抽取矩阵、源谱与时延矩阵；分段数仿真 100、实测 27。,回避未讨论：面向单源，不存在源数估计。论文中反复出现的 K 是分段数，不是源数。,把各天线频带内数据堆成三维张量写成 PARAFAC，用交替最小二乘迭代求解，并给出分解唯一性条件（两站以上即可保证唯一）。最关键一步是利用抽取矩阵已知同时解置换模糊与加速收敛，再由时延矩阵逐列归一化消去衰落、用频差与行相位差解时延模糊，得到不受采样间隔限制的超分辨 TDOA。多径分支不显式估时延，直接对位置网格用几何时延向量与估计时延矩阵逐频点做非相干相关。,条件适用；输入层级：原始接收信号。触发条件：源数为 1、站间同步、目标频带已知可抽取、天线数不少于 2。失效条件：两个以上同频混叠源时单源单时延结构不成立；频带未知无法启动。,仿真加实测。仿真 4 个监测天线、OFDM（6 MHz、频点 8），多径第二径为第一径 1.25 倍，对比 DPD-LS、DPD-FD、TDOA-SDC 并给 CRB。实测校园 4 天线、125 MHz、716 MHz、15 MHz，12 组数据。,耗时（表 II）：DPD-PARAFAC 0.666323 s，DPD-FD 25.200672 s。多径与无多径下直接定位类均优于 TDOA 类，TDOA-PARAFAC 靠超分辨时延估计优于 TDOA-SDC。误差 CDF（−10 dB）DPD-PARAFAC 最好；多径谱主径峰清晰但仍有部分伪峰。,未说明是否公开代码或数据。站址、采样率、频点数、网格步长均给出；分段与频点选取准则、收敛门限未给。,作者结论：PARAFAC 两法能获得传播时延矩阵，TDOA-PARAFAC 不受采样频率限制，DPD-PARAFAC 在多径下优于直接定位方法。证据边界：以单源、站间同步、频带已知并已抽取频点为前提；不能外推到多源同频混叠；实测仅 12 组且无定量误差统计。,1) 构造面向时延的三维 PARAFAC 模型，用抽取矩阵已知同时解模糊与加速收敛。2) 给出从时延矩阵获取多个 TDOA 的闭式步骤：归一化消衰落、用频差解模糊，不受采样间隔限制。3) 提出时延矩阵与几何时延向量逐频点相关的定位代价函数以抑制多径。4) 给出复杂度与耗时对照。,1) 仅处理单源：标题的「Multi」指多站相对时延而非多信源，未讨论多源分离或源数未知。2) 目标频带与频点数被当作已知前提，未讨论频带未知或被其他源占用。3) 全部实验源数为 1，无源间距变化或相邻源可分性实验。4) 实测仅 12 组，只有散点图与 CDF，无误差定量统计。,工程性强但设定受限的工作。价值在把频率维纳入张量分解、用已知抽取矩阵消模糊、用频差做超分辨时延。创新属已有 PARAFAC 工具的适配组合；证据中等：仿真对比充分且有 CRB，但全部限定单源，实测只是定性展示。该文不能当作多源直接定位的能力证据，标题易误读。,借鉴多频、多站信息组织与消模糊方法。原文的多TDOA对应单源多个站对，作为单源或分离后组件使用；多源扩展需增加观测归属处理。,单源模型与 K 为分段数：§II；张量构造：§III-A，p.7408；TDOA 闭式估计：§III-C，p.7409；实测：图 13—15，p.7413。,02 比较相关｜方法与创新借鉴,多频张量时差与单源后端,方法来源；场景扩展,尚待核验,多TDOA对应单源多个站对。张量组件需可靠逐源输入，混合多源归属问题没有由原后端直接解决。
62,R16,Extending GCC-PHAT using Shift Equivariant Neural Networks,"Berg 等, Interspeech, 2022",混响与噪声下 GCC-PHAT 退化，作者把可学习滤波前置于 GCC-PHAT，用平移等变架构加循环填充保证学习不破坏时延，后端按分类输出时延；仿真平均绝对误差 2.65 cm。,声学场景下的单一声源时延差估计。两个麦克风位于三维混响房间、声源发未知宽带语音（16 kHz）；只估一对麦克风的单个时延，不做多源与坐标求解。,观测是两路单通道时域波形：声源信号经房间冲激响应（含混响）再叠白噪声；信号、冲激响应与噪声均未知，两麦克风相对位置已知。,回避未讨论：只面向单源双麦克风，不存在源数问题，全文无源数或谱峰计数概念。,三段结构：可学习前端加经典互相关加可学习后端分类器。关键一步是用平移等变约束保住时延结构：输入整体移位、输出也相应移位，故每层卷积前做循环填充；前端两路共享权重、输出多路滤波结果后各自做 GCC-PHAT。由等变性可推出理想无混响无噪下滤波后仍是真实单位脉冲，即学习不会弄丢时延。差别在于以往把网络叠在相关函数输出上（如 PGCC-PHAT）会破坏该保证。,仅机制；输入层级：原始混合 IQ（两路单通道时域波形）。但只处理双麦克风单源，输出一个标量时延，不涉及多源、源数与坐标。失效条件：多源共存时「滤波后仍得单位脉冲」的保证不成立。,全部为仿真（Pyroomacoustics 镜像源法），音频用 LibriSpeech（16 kHz）。混响 0.2~1.0 s、SNR 0~30 dB。对比 GCC-PHAT 与 PGCC-PHAT；指标为平均绝对误差、10 cm 阈值准确率与 RMSE。,0.2 s 混响、30 dB 下（平均绝对误差／10 cm 准确率）：GCC-PHAT 5.54 cm／82.9%；PGCC-PHAT 8.59 cm／71.5%；本文 2.65 cm／98.1%（图 4）。消融：交叉熵 5.13 cm／86.5%，均方误差 8.38 cm／71.9%。首层换普通卷积 5.38 cm。,代码公开（GitHub ngcc）。仿真工具、坐标、窗长、优化器与层数均给出；未给填充细节、滤波器初始化与随机种子。,作者结论：所提方法持续提升相对 GCC-PHAT 与 PGCC-PHAT 的时延精度，并在噪声与回声足够小的极限下保证样点精度内恢复时延。证据边界：该保证只对单源、纯时延、无噪无混响成立，且限两麦克风、语音、时延不超过约 23 个样点；多源与实测均未验证。,把可学习滤波放在 GCC-PHAT 之前而非之后，并用平移等变性加循环填充作为架构约束，给出前端在理想条件下不破坏时延信息的推导。用多通道共享权重滤波、逐通道互相关与概率融合的结构，加「回归即分类」交叉熵训练并与均方误差对照。,1) 只处理单源、双麦克风、单个时延，单位脉冲保证建立在单源纯时延关系上。2) 声学专用：信道是房间冲激响应，与射频短时混叠观测的物理条件不同。3) 精度提升是经验结果而非理论保证，混响与低 SNR 下仍会失败。,动机清楚、机制具体、消融扎实的会议短文。问题价值中等，创新与证据强度均中等偏上（消融充分但全为仿真、单一场景）。核心贡献不是「用网络提精度」，而是「用等变性约束保证网络不破坏要估计的物理量」，其把可微物理算子嵌在可学习模块之间的范式对本项目最有价值。,借鉴共享、时移等变处理，减少网络预处理对时差信息的破坏。由声学单源扩展到复IQ和多源相关峰时，分别检查相位结构、峰选择和定位收益。,p.1791 摘要与 §1 问题背景；p.1792 平移等变定义、循环填充与单位脉冲保证；p.1794 图 3、图 4 与表 1 消融。,02 比较相关｜方法与创新借鉴,保留时移结构的学习前端,方法来源,常规适配即可,指共享等变滤波与相关器组件。复IQ实现可适配，但原单源峰模型不能直接代表全部未知源；多峰提取和归属另行核验。
63,R12,A Direct Position-Determination Approach for Multiple Sources Based on Neural Network Computation,"Chen X. 等, Sensors, 2018",多源直接定位中 ML 与 MUSIC 计算量大，故用「协方差降维归一化加逐区检测—滤波—回归网络」替代峰值搜索。4 站 6 阵元线阵 2 源仿真低信噪比段优于 MUSIC-DPD。,视距被动定位，用于侦察的超短波信号。4 个观测阵列、每阵列 6 阵元均匀线阵；源为静止远场窄带且互不相关，源数小于阵元数，只做二维、只用到达角。约束：需预知源的大致区域并划分，每子区域最多一个源。,每站是 6 阵元均匀线阵。算法吃进去的是阵元输出的样本协方差矩阵（快拍数默认 200），取第一行元素、按实部虚部拼成实向量并归一化后各站拼接，不是原始 IQ。信号为零均值复高斯，噪声功率假定已知。,不估计源数（列为未来工作）：以逐区二值检测替代，须预定区域数且每区最多一源。,把全局峰值搜索换成「区域划分加模块化网络回归」。先由协方差减已知噪声功率、取第一行拼实向量并归一化，使输入不依赖信号与噪声功率；再由每个子区域一个检测网络输出该区有无源，一个空域滤波网络把含全部源的混合输入映射为只含本区源的输入，最后由径向基网络输出二维坐标。与已有方法相比，不做特征值分解、不做谱峰搜索、不迭代，训练集规模由区域划分控制而非随源数指数增长。,需重推适配；输入层级：已提取二阶统计量（样本协方差取第一行并归一化）。触发条件：每站须多阵元，信息全在非对角元；四站单天线时协方差退化为标量即失效，且要求源不相关、噪声功率已知。,"纯仿真。4 站位于 (±2000, ±2000) m；2 个源，子区域 300 m×300 m，信噪比 −10 至 35 dB 扫描，每点 500 次 Monte Carlo。对比 MUSIC-DPD 与 ML-DPD，指标为 RMSE 与耗时。",检测正确率 98.1%（图10）。≥15 dB 与 ≤10 dB 时 RMSE 均低于 MUSIC-DPD，高信噪比近 ML-DPD（图14–16）。耗时 0.0383 s，MUSIC-DPD 1.2027 s、ML-DPD 6.3508 s；−10 dB、源距 1000 m 时 MUSIC-DPD 失效，本法能分开。,未说明是否公开代码与数据。仿真参数与网络结构给全；初始权重、学习率、停止准则与子区域数选取准则未给，且无实测。,作者结论：可在不知道源数下完成多源直接定位，最大优势是接近瞬时。证据边界：仅成立于每站多阵元、每子区域至多一源、源不相关、噪声功率与源大致区域已知，且全部为仿真。不能外推：其「不需知道源数」非盲计数，而是子区域二值检测，两源同区即失败。,1) 用「区域划分加每区一套网络」控制训练集规模，并诊断出单级网络训练集随源数指数增长与多源标签排列歧义两个问题。2) 给出可复现的降维：线阵加不相关源时协方差第一行即可表示全部协方差，减噪加归一化消除功率依赖。3) 引入「空域滤波网络」中间级，学混合协方差到单源协方差的映射。,1) 前提「每子区域最多一源」很强；解决的是多源分散而非同频混叠。2) 输入须多阵元协方差，且源不相关、噪声功率已知；单天线站、相干源、宽带源未讨论。3) 没有源数估计：只输出某区有无源的二值结果，全局源数不上报。4) 证据全为仿真；分辨率结论依赖再细分区域，需更多内存与网络。,思路清晰、工程完整，但科学边界很窄。用区域划分加检测—滤波—回归三级控制训练集规模，确解决了标签排列歧义与训练集爆炸两个真问题，输入设计可复用。能力上限被「每区最多一源」锁死：它不在信号或频率域分源，而用空间区域划分避开混叠，故不能证明同频混叠可分辨。,借鉴分区检测、过滤和坐标回归，降低全域求解成本。面向单天线需更换物理输入，并处理同一区域多源和未知数量；这些适配的用途由完整系统结果说明。,区域划分与单级网络不收敛：§3；检测级不需已知源数：第5页；输入降维与减噪归一化：§3.1、Remark 4；耗时与分辨：Table 3、§4.10 图30。,02 比较相关｜方法与创新借鉴,区域检测与粗细定位结构,方法来源,需针对性改造,原输入依赖阵列且每子区至多一个源。需重建单天线时延表示和同区多源输出，不能只换输入维度后沿用原能力结论。
64,R05,Direct Position Determination for Multiple Signals Without Prior Knowledge of Source Number,"Liu 等, IEEE WCL, 2025",用各站多个非零时延上的空时相关矩阵构造可联合对角化的矩阵族，推出只依赖候选位置的代价函数，再粗到细网格搜索取谱峰。四源仿真中它能分辨，而由特征值估计源数的 MUSIC 型失效。,分布式基站的二维平面被动定位。L 个相距较远的基站，每站一副 M 元均匀线阵；Q 个静止源、源数未知。约束：各站频率与时间同步，各源到各站复信道系数非零，源信号互不相关但在非零时延上时间相关。,每站是 M 元均匀线阵而不是单天线，观测为各阵元的下变频复包络。位置只通过各源到达角随位置变化进入模型，没有站间传播时延项。算法吃的是各站多个非零时延上估计的空时相关矩阵（256 快拍、时延数 8）。,未知源数直接处理，实际由谱峰个数隐含给出源数；论文无判决阈值与计数正确率实验。,用多个非零时延上的空时相关矩阵替代零时延协方差：噪声时间上不相关使非零时延处噪声项自动为零，低信噪比下比 MUSIC／MVDR 类更稳。关键一步是消去冗余参数：对残差平方和求最小，先后消去与其余源正交的辅助向量、由时延权重与信道系数合成的未知向量，代价函数只剩一个二次型，最大值为只含位置的小矩阵特征值。它与 MUSIC／MVDR 的差别是形式上不显含源数，但推导先以已知 Q 个源为前提。,需重推适配；输入层级：已提取的二阶统计量（非零时延空时相关矩阵），位置信息只隐含在各站到达角中。失效条件：每站单天线时阵列响应退化为常数、与位置无关，代价函数失去分辨力，方法失效。,全部仿真。6 站每站 7 阵元均匀线阵；4 个源发 BPSK，中频 30、50、70、80 MHz。对比 MVDR 型与源数已知、由特征值估计两种 MUSIC 型，指标为 RMSE、3 倍根号 CRLB 阈值的可分辨概率，2000 次 Monte Carlo。,四源场景（信噪比 0 dB）下 MVDR 型、源数已知的 MUSIC 型与本方法都给出四个峰，源数由特征值估计的 MUSIC 型失效（图1、2）。本方法低信噪比段 RMSE 优于其余三种（图3）；可分辨概率曲线右移最少，但未给最小可分辨间距数值（图4）。结果均建立在每站 7 阵元、六站几何、四源分处四个中频之上。,未见代码或数据公开声明。参数大体齐全；但网格层数与切换准则、峰值检测判决规则（直接影响源数输出）、是否需对角加载均未给。,作者结论：基于多个空时相关矩阵联合对角化结构的方法可从空间谱同时得到源位置与源数、无需源数先验，低信噪比下精度优于 MUSIC／MVDR 类。证据边界：只支持每站 7 阵元的六站同步几何下谱峰与真值对应；不能外推到单天线多站，同频同带多源未测。,1) 用非零时延上的空时相关矩阵族替代协方差构造代价函数，噪声时间不相关使噪声项自动消失，低信噪比下更稳。2) 用对消向量与拉格朗日消元把代价函数化简为只依赖候选位置的形式，信道系数与时延权重被自动消除。3) 给出四源场景下与由特征值估计源数的 MUSIC 型的分辨对照。,1) 「未知源数」未实现为盲计数：无判决阈值，源数由谱峰数隐含；推导先以已知真实源集为前提，未验证估出的源数是否正确。2) 位置信息全来自各站到达角，单天线时模型对位置失去敏感。3) 四源分处四个不同中频，未测同频多源。4) 6 站 7 阵元 256 快拍远高于本项目资源门槛。,典型的「用更丰富的统计量加更巧的代换代价函数」绕开源数先验的短文：创新中等偏上，但证据链在关键处是断的。用非零时延相关矩阵抑制噪声成立；但「未知源数」是回避而非估计，与需要判决与虚警控制的盲计数有实质差距。唯一证据是两张信噪比 0 dB、源间距很大的谱图。,借鉴非零时延统计和未知参数消除，探索短观测下的构谱方式。原模型依赖阵列角度响应，需改为跨站时延；谱形成和源数判决分别设计。,"§I（无源数先验）, p.2591；§II 到达角型位置响应, p.2591；§III-B 代价函数, p.2592；§IV Fig. 2–5, p.2594。",02 比较相关｜方法与创新借鉴,无需预先给K的构谱思路,方法来源,需针对性改造,位置响应依赖站内阵列角度；原式令阵元数为1后丢失位置依赖。需建立跨站时延接口，并补完整计数规则。
65,R29,Direct Position Determination in Presence of Uncertain Propagation Loss,"You, IEEE TVT, 2026, 75(3)",把位置与信道状态参数放进同一最大似然代价联合估计，用分块坐标下降求解，并推导位置与信道参数的 CRLB。精度优于两步法，但信道参数联合估计只在损耗指数有部分先验时才改善定位。,单个静止非合作源与 L≥2 个时频同步的运动接收机，站址与速度由 GPS 提供，各站采集后送中心站处理。信道为视距、对数距离路径损耗加阴影衰落与未知初相；不涉及多源与源数，多径列为未来工作。,每站单天线单通道，收带通信号，窄带展开后含相对时延、多普勒与复幅度三类未知量。采样后经 DFT 写成矩阵，未知量含源位置、损耗指数、小尺度衰落、初相与发射基带波形；仿真 1024 点、100 kHz。,已知 K 且恒为 1。模型只有一个发射信号与一个位置，未讨论多源或零源。,把 RSS／路径损耗信息显式纳入直接定位的似然函数、与多普勒联合，对位置与信道状态参数做联合最大似然估计。最关键一步是用未知波形的最大似然解把它消去、再近似消掉未知初相，得到相位不敏感的代价函数；位置只能通过相对幅度、相对时延与多普勒进入代价，绝对参考功率不可辨识。与已有方法的差别是传统直接定位只用 TDOA／FDOA／DOA 几何信息，且本文不假定损耗模型参数已知；求解用分块坐标下降轮流更新。,需重推适配；输入层级：原始混合 IQ（直接定位类）。失效条件：模型只有单源单位置；多普勒依赖站运动，本项目为静止站；损耗指数无先验时论文自身结果显示 RSS 不带来增益。,全为数值仿真。3 个单天线站与 1 个源；BPSK、带宽 25 kHz、载频 403 MHz、采样 1024 点；SNR −15 至 10 dB、步长 5 dB，每组 1000 样本。对比两步法与不同先验水平的 CRLB，指标为位置与信道参数 RMS 误差。,CRLB（表 I）：两类参数均未知时 780.7 m 至 43.9 m（六档），与把幅度当完全未知完全相同；两类均已知时 507.8 m 至 28.6 m；两步法 3553.1 m 至 168.3 m，差约一个量级。定位（图 1）：联合估计优于两步法，损耗指数有先验时一致更好；小尺度先验取零（图 2）无法逼近界。,未见公开声明。仿真参数较完整；停机阈值与迭代上限、网格分辨率未给，随机种子与平台未说明。,作者结论：位置与信道状态参数可联合估计；只有相对小尺度衰落参数可估；损耗指数的部分先验在小尺度未知时仍有助于定位，两类参数都未知时精度不再提高。证据边界：结论仅在单源、单径、窄带、站间同步、接收机运动（提供多普勒）下成立；未验证多源、宽带、静止站、无功率标定。,1) 把 RSS／路径损耗信息与直接定位放进同一似然框架，且不假定损耗模型参数已知。2) 消去未知波形与初相后得到只依赖相对幅度、时延与多普勒的紧凑代价函数。3) 给出位置与信道参数的 CRLB，并指出幅度全未知与两类参数全未知的界相同。4) 给出分块坐标下降算法与复杂度分析。,1) 模型只覆盖单源，未给多源扩展，未讨论源数问题。2) 收益前提苛刻：损耗指数无先验时信道信息不带来定位增益，而该条件在无功率标定系统中难以满足，论文未讨论如何获取先验。3) 依赖接收机运动（多普勒需站速非零），静止站只以实验显示更差。4) 纯仿真且只与两步法比较。,问题定位清楚的短文，价值在「边界刻画」而非新算法。消去波形与初相、信道参数相对化都是标准做法；有分量的是用 CRLB 指出信道状态信息的可用边界。证据中等：全部仿真、单源、单径；与两步法比较信息量较低。对本项目无功率标定、多源混叠的短时 IQ 不能直接落地。,若后续确认传播损耗失配是主要困难，再提高该方向的实施优先级。未知链路参数已有研究，必须区分精确、估计和分布先验提供的收益。,仅相对小尺度衰落可估：Abstract，p.5151；代价函数：§III-A，p.5152；CRLB 表 I：§IV，p.5153；结论：§VI，p.5155。,03 相关性较低｜拓展阅读,未知传播损耗的条件参照,场景扩展,尚待核验,原方法研究单源未知传播损耗及先验边界。可用于核对增益知识的公平性，多源扩展的适用性尚未验证。
66,R35,Importance sampling based direct maximum likelihood position determination of multiple emitters using finite measurements,"Hao 等, Signal Processing, 2021",多源直接最大似然定位需要多维穷举。作者用 Pincus 定理加重要性采样把多源联合优化解耦成若干低维子问题，在有限观测下非迭代地逼近精确最大似然。,Q 个相邻的窄带源，由若干分离接收站接收（仿真 3 站），每站配多阵元天线阵（仿真 3 元均匀线阵）。源静止、各源波形相互独立且不相关。背景是蜂窝上行半合作场景，源与站时钟不同步。,每站为多阵元天线阵，接收复包络含阵列响应、未知复信道衰减、已知发射波形与未知发射时刻；算法吃的是分段后的频域系数。波形被明确假定为已知，每段 5 个频点、10 段。,已知，建模时即固定。阵列流型与最小二乘解都显式含源数，全文未讨论源数未知。,先把问题写成非线性回归并做集中似然：给定位置与发射时刻，信道增益的最优解是线性最小二乘，回代后消掉增益。最关键一步是用 Pincus 定理把求最大值变成求期望，再设计可因式化的重要性函数，把整体采样拆成每源一组低维采样、并解析消去发射时刻，得到只含位置的单源似然。与已有方法的差别是它不靠观测趋于无穷的近似，而是在有限观测下逼近精确最大似然。,需重推适配；输入层级：原始混合 IQ 经分段频域变换后的系数。两个决定性前提本项目不具备：发射波形必须已知，以及每站为多阵元天线阵。,"全部为数值仿真。3 个基站；2 个相邻源位于 (0,500) m 与 (0,−500) m（间距 1000 m）；每站 3 元均匀线阵。每段 5 个频点、10 段，带宽 20 kHz，Monte Carlo 300 次。对比最优最大似然、单源最大似然与 MVDR 类，指标为 RMSE 与 CRLB。",MVDR 类的 RMSE 在所有分段数上约 500 m，完全分不开这两个相邻源；单源最大似然从 10 段的约 215 m 降到 100 段的约 120 m；本文方法在实现数 2000 时贴合最优最大似然（约 100–110 m）。带宽 20 kHz 时 MVDR 约 560 m、单源最大似然约 210 m、本文约 105 m（Fig. 4–Fig. 6）。,论文未说明是否公开代码或数据。载频、采样率与网格步长未给；正文与图题的 SNR 自相矛盾（正文 15 dB、图题 5 dB）。,作者结论：该方法可在有限观测资源下逼近精确多维最大似然解。证据边界：实验支持的是 2 源相距 1000 m、每站 3 元阵、10 段的仿真结论；未验证 3 源以上、更小源间距与实测，且全部依赖「波形已知」与「源间独立不相关」两个未放松的假设。,1) 把 Pincus 定理与重要性采样引入多源直接定位，给出有限观测下逼近精确最大似然的非迭代估计器。2) 给出可因式化重要性函数的设计：把多源联合采样拆成每源一组低维采样，并解析消去发射时刻。,1) 强依赖已知发射波形，只以蜂窝前导序列说明其合理性，未讨论波形未知或需联合估计的做法。2) 每站需多阵元：每站为 3 元均匀线阵，未给单天线时的退化分析与性能损失。3) 仿真覆盖窄：全部为 2 源、3 站、3 元均匀线阵。,思路清晰，抓住了多源直接定位的要害：困难不在要不要做最大似然，而在有限观测下无法用「解耦成单源」的近似得到它。但说服力被「波形已知、每站多阵元、源间独立不相关」三条未放松的假设限制在窄域内；其 ML 参考用真位置初始化，不是可实现的对照。,可借鉴非凸联合定位求解，但原模型和真值辅助初值限制直接可比性。先检查当前AP搜索是否漏掉更好解，再决定是否引入该类全局求解参照。,集中似然与最小二乘消去信道增益见第3页 §3；Pincus 定理与重要性采样见第3页 §4；仿真设定见第7页右栏；Fig. 4–Fig. 6，pp.8–9。,03 相关性较低｜拓展阅读,高维联合求解与已知波形扩展,方法来源；场景扩展,需针对性改造,原方法需要已知波形和阵列信息，候选场景没有这些先验。可借鉴优化工具，完整算法需要重新建立未知波形目标。
67,R36,TDOA-Based Passive Localization for Multidisjoint Sources Without Time Synchronization,"Si C. 等, IEEE Sensors Journal, 2025",全异步网络中每个传感器各有未知钟差，观测来自多个互不相交源。作者利用「同一传感器相对参考站的钟差在所有源的时差观测中相同」这一共模结构，把源位置与钟差写成联合估计问题。,L 个互不相交的未知源，由 M+1 个位置已知的传感器接收（仿真 11 个传感器、10 个产生时差）。网络完全异步，各传感器钟差互不相同且未知。源与传感器静止。,输入不是接收信号，而是已按源对应的时差量测。每个源提供 M 个时差观测，量测等于源到传感器的距离差加该传感器钟差再加噪声。不涉及接收波形、阵列或频率信息，每个传感器只输出一个标量时差。,已知，在测量模型与未知参数向量中固定出现，仿真固定为 2 源，论文未讨论源数未知。,用「同一传感器相对参考站的钟差在所有源之间完全相同」这一共模结构，把源位置与钟差写成统一联合估计问题。最关键一步是用分块矩阵求逆证明联合估计与逐源独立估计的 CRLB 之差为正半定，即联合不劣于独立。求解为三段式：把量测方程移项平方后伪线性化、用半定规划松弛粗估钟差与位置，再用高斯—牛顿联合精化。,仅机制；输入层级：已提取并已按源对应的时差量测，不是接收信号。其核心未知量各站独立钟差在本项目站间同步条件下不存在，且本项目同频带混叠多源不满足「互不相交源」前提。,全部为蒙特卡洛仿真。三维、2 个源、11 个传感器，钟差按均匀分布随机取样后固定（真值量级 0.2–16 m）；时差噪声为零均值高斯，噪声功率在 10⁻⁶ 至 10³ m² 之间扫掠，1000 次蒙特卡洛。对比真值初始化的最大似然、闭式解与一个含钟差的半定规划方法。,场景一（源在网络外）中，噪声功率不超过约 10⁰ m² 时本文方法与真值初始化的最大似然都达到 CRLB；场景二中该半定规划方法逼近 CRLB 但仍劣于本文。小噪声区本文偏差比闭式解低 20 dB 以上、比该半定规划低约 6 dB。运行时间 1.6852 s，比对比方法快约 2.8 倍，但慢于闭式解（0.0007 s）与最大似然（0.0024 s）。,论文未说明是否公开代码或数据。传感器坐标由两张表给出，源位置、钟差真值、噪声功率范围与求解器均已给出，主要曲线可复现。,作者结论：所提三段式方法不使用钟差先验或显式同步，在中低噪声下达到 CRLB。证据边界：实验只支持 2 源、10 个传感器、噪声功率不超过约 10¹ m² 的仿真；「联合优于独立」由 CRLB 不等式解析保证，实验未跑逐源独立估计的数值对照。,1) 指出并利用完全异步网络中「传感器对钟差在所有源之间相同」这一共模结构，把多源位置与钟差写成统一联合估计问题。2) 用分块矩阵求逆严格证明联合估计不劣于逐源独立估计。,1) 输入是已按源对应的时差量测，该量测如何获得完全不在论文范围内，数据关联与 TDOA 提取均在其范围之外。2) 只处理源与传感器均静止、传感器位置精确已知的场景。3) 实验仅三维、2 源、10 个传感器，未测 3 源以上或接近可辨识边界的行为。,新意在于「共享结构加 CRLB 比较加两段半定规划配高斯—牛顿」的组合，最有价值的是把「联合优于独立」证明出来。但实验都建立在未被检验的前提（逐源时差已知且归属正确）之上，论文只用 disjoint 一词带过；其输入层级是已关联量测，精度不能与直接定位类方法直接比较。,借鉴联合估计和条件分析。原输入是已按源对应的时差，异步扩展还需补齐混合IQ前端、关联和可辨条件；当前同步任务不增加钟差未知量。,三级异步对比见表I（第3页）；测量模型与可辨识条件见第4页 §II；CRLB 比较与正半定证明见第5–6页 §III；三段式算法见第9–10页 §IV-C。,03 相关性较低｜拓展阅读,异步量测后端扩展,方法来源；场景扩展,需针对性改造,原输入是已按源关联的时差，主要处理共享钟差。当前同步混合IQ还需前端与关联，异步扩展须另查可辨条件。
68,R06,Direct position determination based on rotating single-baseline interferometer for multiple time–frequency aliased sources,"Zhang 等, Chin. J. Aeronaut., 2026",把单基线干涉仪的旋转合成为虚拟均匀圆阵，用「相对偏移」（互功率谱比自功率谱）消去未知发射信号，再做空间平滑 MUSIC。三源时频混叠下它能同时定位全部源，传统与相位差方法失效。,Q 个窄带远场源与单个运动观测站，站上只有一条固定长度的单基线干涉仪、绕一端天线逆时针旋转；观测分多个批次，每批完成一整周旋转。前提：源与站在单批内近似静止，各源信号时频混叠甚至可能相干，源数已知。,观测站只有两根天线构成的一条基线。算法吃的是双天线在多个旋转角、多个批次上的原始采样，经功率谱与互功率谱处理后使用，不是阵列协方差矩阵。每段模型为各源未知发射信号经时延与未知复衰减后叠加白高斯噪声。,已知源数（记作 Q），由外部提供，「本文不处理该问题」；未讨论未知或估错影响。,用已知且受控的基线旋转把时间观测合成为空间孔径：一批次内若干旋转角上截获信号，等价于在半径为基线一半的圆周上布放同样多的虚拟天线。关键一步是定义「相对偏移」：取中心频率处两天线的互功率谱与自功率谱之比，在「各源初始相对偏移近似不变」下未知发射功率谱被约掉，从而把未知信号乘未知信道化归为已知结构流型。再把虚拟圆阵映射为虚拟均匀线阵，用前后向空间平滑 MUSIC 去相干，不改硬件即取得同等能力。,需重推适配；输入层级：原始混合 IQ（多角度、多批次）。失效条件：旋转角由观测站控制且已知，单批次只能给出带相位模糊的位置线簇，须至少三个批次交会才能解模糊；本项目静止短观测不具备该信息。,全部仿真。BPSK，载频 1 GHz、带宽 1 MHz、每段 240 点；批次 40、每批 15 个截获区间；含 1 源与 3 源。对比单基线相位差法、传统直接定位与实体圆阵直接定位，指标为 RMSE 与代价谱是否出峰，Monte Carlo 1000 次。,三源时频混叠是核心证据：相位差法与传统直接定位的谱不出现峰，实体圆阵与本方法都给出三个与真值对应的清晰峰（图8）。三源下前两者 RMSE 全信噪比范围平坦停在 10² 至 10³ km 量级，后两者逼近各自 CRLB，高信噪比处 10⁻¹ km 量级（图9(b)）。单源时实体圆阵与本方法「略低于」传统方法（图7）。,未提供代码（致谢仅列基金号）。主要仿真参数已给；搜索网格分辨率、旋转角分布、子阵长度准则、信噪比换算与随机种子未给。,作者结论：把旋转运动的时间积累转为空间孔径，配合相对偏移估计与虚拟线阵，可在只用一条单基线的条件下同时定位多个时频混叠源，避免在用设备改硬件。证据边界：仅在单站旋转单基线、40 批次、每批 15 段、3 个源的仿真下验证；未做更多源、宽带、多径与实测验证。,1) 把旋转单基线干涉仪的直接定位从单源扩展到多时频混叠源，给出不需增加物理天线的路径。2) 提出「相对偏移」中间变量，把未知发射信号解析约掉，使原本秩不足的位置方程可解。3) 完成虚拟圆阵到虚拟线阵的建模，把去相干 MUSIC 框架接到旋转单基线上，并给出可分辨源数上限。,1) 依赖已知且受控的旋转，虚拟阵列与解模糊能力来自批次内扫过的旋转角，未讨论运动不可控时的退化。2) 假设硬且无敏感性验证：初始相对偏移近似不变、批内谱平稳未量化。3) 只有 1 源与 3 源、源在已知平面、仅 BPSK 仿真、无实测；与实体圆阵的对比时间积累对同时接收不对等。,工程导向明确、机制巧妙但适用域很窄；三源混叠下「传统方法无峰、本方法三峰清晰」是有说服力的定性证据。局限明显：全部能力都建立在「已知且受控的运动」这一免费资源上，其误差敏感性与假设边界未量化。创新上相对偏移是已有消信号做法与阵列合成的组合，新意在场景适配。,借鉴通过受控运动增加观测多样性的思路。当前静止短记录没有这类信息，先保留为移动平台扩展；不将其精度直接套到现有系统。,"摘要与贡献, p.1–3；假设 A1–A4（源数外部提供）, p.4；§3.1「at least three batches」与 Fig.3, p.4；§3.3–3.4 相对偏移与虚拟线阵, p.5–7；§5 与 Fig.8–9, p.9。",03 相关性较低｜拓展阅读,运动增加可辨信息的扩展,方法来源；场景扩展,需针对性改造,原方法依靠受控旋转及多批次合成阵列，当前一次静止短观测不提供该信息。仅迁移消除未知波形等机制，不能直接照搬完整定位器。
69,R15,A Lightweight End-to-End Multi-Source Localization Framework in Urban Environments via Local Radio Map Construction,"Zhang 等, IEEE TCCN, 2026",作者提出 E2E-MSL：轻量 U 型网络重构局部无线电地图，可微定位模块读出变数量源坐标，打通定位损失反传到建图的通路；mLE 0.125 m、OSPA 0.233 m。,城市环境中多个未知源在同一频带内同时发射。观测是移动终端在已知位置采到的复合 RSS，属空间稀疏采样的功率标量，不是基带波形也不是阵列快拍。要求对可变源数泛化，无需改结构或重训。,每站是单个移动传感终端，只有一路 RSS 标量，无阵元维度、无相位与复数信息。观测量是二维 RSS 功率采样图加建筑布局图，多源复合 RSS 在瓦特域求和后转 dB。,未知 K 直接处理：mean-shift 不需预设簇数，源数由地图结构决定。,端到端两级结构。第一级用 U 型编码器-解码器，从稀疏采样图与建筑布局重构局部无线电地图，只在以源为中心、半径 r 的区域内保留 RSS 值、区域外置零。第二级把不可微后处理全换成可微算子：可微坐标选择按地图强度给每个像素连续软权重，让梯度从错误区域回流；再用可微鲁棒 mean-shift 迭代，聚类权重即该位置的归一化 RSS 强度。差别是把 map-based 方法第二阶段断掉的梯度通路打通。,需重推适配。输入层级：已提取功率量测（RSS 采样图＋建筑布局图），无相位与频率。本项目是四站单天线短时 IQ，非移动终端密采样。失效：软选择依赖的三分类强度结构不成立。,"公开数据集 VaryTxLoc，由 WinProp 射线追踪加真实建筑布局仿真生成，34,560 样本，2.0 GHz、带宽 10 MHz；源数取 1、3、5、7。对比 TL:DL、cGANPeak、IMNet、LRM-MSL；指标为 mLE、OSPA。",（表 II）E2E-MSL mLE 0.125 m、OSPA 0.233 m 最低，相对 LRM-MSL（0.213 m、0.459 m）分别改善 41.3% 与 49.2%。1/3/5/7 源各配置下 mLE 均最优，7 源时仍为 0.127 m。替换四种建图骨干后加端到端优化一律改善，说明收益来自框架级机制。,代码与数据集均公开（E2E-MSL 与 LRM-MSL）；骨干未给逐层通道表，未给随机种子与采样点规则。论文全部为仿真。,作者结论：E2E-MSL 把局部无线电地图构建与可微定位模块集成，让定位损失回传到构建阶段，且该模块无需源数先验即可估计源坐标。证据边界：结论只在 RSS 标量强度观测域成立，端到端为何有效也只有指标佐证。,1) 打通定位损失反传到建图网络的梯度通路，并用替换四种骨干的实验证明收益来自框架级机制。2) 可微坐标选择用连续软权重加复值坐标表示，一次标量乘法同时调制横纵坐标。3) 物理信息 mean-shift 把聚类权重换成地图强度，一个机制同时完成去背景与定数。,"1) 变源数的上界与可分条件未刻画：只测到 7 源，未分析两源相距多近会被合并。2) 数据集 34,560 与三段划分之和相差 4,320，论文未说明。3) 端到端机制缺少直接证据，基线全部为作者复现。",问题选得准，抓住 map-free 与 map-based 之间的两难，用「把不可微后处理全换成可微算子」回应。复值坐标加软权重、物理信息聚类权重代价低、动机明确。证据上「换四种骨干后收益仍一致」是较强的机制性证据，但实验建立在单一仿真数据集与单一频点上。,借鉴物理后处理与网络联合训练的实现。原输入为RSS和建筑信息，当前无需构造同样地图；联合反馈是否保留由本系统收益决定，城市传播作为后续场景。,p.1 摘要与「首个同时实现端到端优化与变源数泛化」的定位；p.2 贡献列表；p.6—7 可微定位模块；p.10 表 II 与 p.12 表 VI。,03 相关性较低｜拓展阅读,联合训练与传播地图扩展,方法来源；场景扩展,需针对性改造,原法以RSS及建筑信息构造局部地图，与少站相干IQ输入不同。需要重新定义表示和定位接口；联合训练机制可单独借鉴。
70,R26,A TDOA Localization Method of HF Source Based on Dual-branch CNN and Transfer Learning,"Xia 等, IEEE WCL, 2025",双支路 CNN 加迁移学习的高频 TDOA 定位：仿真预训练，实测只重训预测头。仿真平均误差 14.37 km，实测 34.26 km，优于五种对比方法。,HF 天波传播的单源定位，7 个全向天线接收站布于中国不同城市、GPS 同步后送融合中心。只做单源经纬度回归；约束是电离层时变，实测数据极少、迁移阶段只有 6 个参考源。,每站 1 根天线，无阵列。网络吃的是已解算的距离差向量，加归一化时间与频率，共 8 维输入，输出经纬度 2 维。仿真中距离差由 IRI-2016 加 Haversine 生成后叠噪声，时延估计被跳过。,回避：输出固定 2 维经纬度，8 个源是样本划分、不是同时多源。,距离差与时间、频率分两路并行：一路多尺度标准卷积，一路多尺度空洞卷积，各自池化后拼接，再逐元素乘加融合，全连接头输出经纬度。最关键一步是迁移只冻结两支路与融合模块、重训预测头并加 Dropout，依据是仿真与实测的距离差「局部趋势一致、幅值有差异」。与依赖「电离层高度沿各路径相同」的 SDP、CGP、RSS 相比换成数据驱动回归，与 FNN、RNN-GV 的差别就是这套模块级迁移。,需重推适配，实质接近仅机制。输入层级：已提取时延（距离差向量）。失效条件：多源同频带混叠时相关峰不可分，也没有时延到源的对应关系，须补时延估计、数据关联、源数判定三段上游处理。,仿真加自建实测。仿真 7 站、100 个测试源、参考源 1000 至 80000，只报 10 dB 与 20 dB 两档 SNR，对比 FNN 与 RNN-GV；实测带宽 9 kHz、发射功率 500 kW，8 个源中随机取 6 个作参考，重复 100 次。,仿真（表 I）：SNR 20 dB、50000 个参考源时 14.37 km，同条件 FNN 25.14 km。实测（表 III）本文 34.26 km、FNN 48.36 km。迁移消融 359.78、90.67、40.38、34.26 km；模块消融 25.78 km 反劣于 18.16 km，论文未解释。,无公开代码或数据。学习率、训练轮数、Dropout 率、层规模已给；批量大小、优化器、初始化与实测站址坐标未给。,作者结论：双支路 CNN 加迁移学习可用于 HF 源定位，仿真优于对比方法，实测约 34 km。证据边界：以「输入是已解算且已关联到该源的距离差」为前提，前提失效未验证；对比方法调优细节未给；实测仅一个时段、8 个源，误差 20.30—50.93 km。,1) 双支路（标准卷积加空洞卷积）加特征融合的 CNN，把时间与频率显式作输入通道补偿电离层时变。2) 把仿真预训练加实测微调落到模块粒度，仅 6 个参考源下误差降约一个数量级。3) 给出异构物理量混合输入的归一化与降噪配方。4) 完成仿真与实测闭环对照并给出区域误差分布。,1) 绕过最难两步：直接吃已解算的距离差，不讨论距离差属于哪个源，输入却按源组织。2) 不做多源、不涉及源数，输出层固定 2 个神经元。3) 消融有未解释的非单调结果。4) 只报两档 SNR、实测单时段，无公开代码数据。5) 「神经网络尚未用于 HF 源定位」与自引文献冲突。,工程性强、边界很窄的短文。价值在模块级迁移配方与把时间频率作环境补偿输入，不在精度本身；双支路加多尺度池化加逐元素融合属常规组合，结构创新有限。短板明显：输入是理想距离差加高斯噪声，绕过时延估计与关联；输出固定二维只能单源回归，精度数字复现性低。,借鉴模块级微调和环境信息融合。原输入是已提取的单源时差，当前主任务仍需解决混合IQ前端与关联；若开展天波或实测迁移，再提高比较优先级。,信号模型与输入维度：§II-A，p.2；双通道结构与冻结理由：§II-B，p.2；表 I、表 II 与图 3：p.3—4；表 III、表 IV：p.4—5。,03 相关性较低｜拓展阅读,传播失配与实测迁移,方法来源；场景扩展,需针对性改造,原方法处理已提取的单源天波时差及传播偏差。候选场景还缺混合IQ前端和关联，当前主径场景也不需要其天波模型。
71,R13,A Neural Network-Based DPD Algorithm For Low SNR And Off-Grid,"Wei Z. 等, IEEE SAM, 2026",针对低信噪比与有限数据下传统直接定位退化，把多站采样协方差按实部、虚部、相位拼成三通道张量，用多尺度池化与级联空洞卷积两支路提特征、通道注意力融合后回归源坐标。,远场窄带多源直接定位。4 个基站、每站 16 阵元均匀线阵；3 个源，信号为高斯随机过程加高斯白噪声。目标是在信噪比 −12 至 −2 dB、快拍 50–500 下估计连续坐标，源数固定已知。,每站是 16 阵元均匀线阵。算法吃进去的是协方差域的采样协方差矩阵：先构造「空间拼接协方差矩阵」，再按实部、虚部、相位堆叠成三通道张量，实际输入 3×32×32，论文未给出拼接算子定义。,已知 K：输出维度硬编码为两倍源数，与它批评 MUSIC 需预知源数矛盾。,把基站协方差张量当类图像处理，用多尺度卷积骨干提特征后直接回归坐标。第一条支路沿通道分三组、各用不同窗口最大池化聚合不同感受野再上采样拼接，与输入逐元素相乘保留细节；第二条支路级联递进，每级把原始输入加回后再做下一个空洞卷积；融合模块做全局平均池化与 1×1 卷积得通道描述子，先 Sigmoid 再 Softmax 加权求和。相较需多维搜索的 ML 类与需已知源数的 MUSIC 类，属端到端回归。,需重推适配；输入层级：已提取协方差（16 阵元阵列多快拍估计）。触发条件：须每站多阵元；四站单天线时按论文构造只有 2×2 协方差、仅 3 个实自由度，两支路失去意义。,纯仿真。4 基站每站 16 阵元均匀线阵，3 个源随机分布于 250–300 m 见方区域；主实验 500 快拍，每点 500 次 Monte Carlo。对比只有「一个 CNN」与 MUSIC，该 CNN 结构未给出；指标 RMSE，未用分配匹配。,变信噪比（图2）：−12 至 −2 dB 全程 RMSE 最低，低信噪比端 MUSIC 最高。变快拍（图3）：−2 dB 下 50 快拍时略劣于 CNN，100 快拍及以上反超，两种深度方法在所有快拍数下均优于 MUSIC。论文未给 RMSE 数值表，只能读出量级（低信噪比端约米级、高信噪比端约 10⁻¹ m）。,未提及公开代码或数据。网络结构与训练配置已给；损失函数、空间拼接协方差构造、空洞率与 CNN 基线结构未给。,作者结论：在噪声环境下精度与鲁棒性优于 MUSIC 与 CNN。证据边界：仅成立于 4 基站 16 阵元线阵、3 个已知源、500 快拍充分估计协方差。外推限制：「更优」成立于非对称设定（MUSIC 同样需已知源数）；CNN 基线未披露，无消融，全为仿真。,1) 把直接定位建模为回归而非分类，输出连续坐标，反驳「分类实现受网格量化限制」。2) 提出协方差实部、虚部、相位三通道表示并当作类图像张量，使视觉骨干可迁移到协方差域。3) 提出可变池化窗口聚合支路与级联空洞卷积支路，并用双归一化融合，但无消融支撑。,1) 与设计矛盾：批评子空间类需预知源数，自身输出维度却硬编码为两倍源数。2) 无模块消融，三条支路是核心主张却无对照。3) 关键细节缺失致不可复现：拼接协方差、损失函数、空洞率与信噪比定义未给。4) 信噪比范围两处不一致，仅覆盖源数 3。5) 「离格」与「高分辨」缺量化证据。,问题定位合理，把定位改造成回归以摆脱网格量化也站得住。但证据强度距承诺有明显差距：它批评子空间法需已知源数，自己却硬编码输出维度，「优于 MUSIC」成立于非对称条件。三模块无消融，对照只有未披露结构的 CNN，只有仿真与两张图；创新属已有构件新组合。,借鉴协方差编码和离网坐标回归。原方法使用阵列且固定源数，本项目需跨站时延表示与可变数量输出；作为结构参考，优先采用已有更完整方案中的有效部件。,信号模型与采样协方差：§II；输出维度与三通道张量：§III-A 式(5)(6)；三条支路与回归头：§III-B；实验设置与结果：§IV-A、图2、图3。,03 相关性较低｜拓展阅读,协方差表示与离网回归设计,方法来源,需针对性改造,原模型为阵列协方差及固定源数回归；需跨站时延输入和可变源集合。针对候选场景的收益尚未验证。
