"编号","标题","作者年份","一句话概括","研究对象与场景","信号与观测模型","是否已知源数","核心方法","对混合IQ的适用性","实验条件","主要结果","可复现性","论文结论与支持边界","主要贡献","主要局限","总体评价","与本研究的关系","证据定位"
"R01","Direct Position Determination of Multiple Radio Signals","Weiss A. J., Amar A., EURASIP Journal on Applied Signal Processing，2005，2005(1)，第 37–49 页（收稿 2003-12-25，修回 2004-06-08）","针对多站 AOA/TOA 两步定位在相干同频多源下的量测—源关联难题与 M−1 可分辨源数上限，作者提出直接把各站阵元输出拼成一条长观测向量并做最大似然／MUSIC 式子空间搜索的直接定位（DPD）方法：未知波形分支把代价函数化简为只依赖位置 p 的 D 维搜索（平面情形为二维），已知波形分支把代价函数按源解耦为逐源 L 项求和；Monte Carlo 显示低 SNR 下 DPD 的 RMS 误差明显低于独立 AOA，并在 M=3 阵元、Q=3 个同频源时 AOA 完全失效而 DPD 仍可定位。","对象为多个窄带射频发射机（通信或雷达发射机）的被动定位。几何配置为 L 个基站（base station）分布式布站，每站一副 M 元天线阵（数值例中用 ULA 或 5 元圆阵），每个发射机到各站为视距（LOS）传播，信道为未知复标量衰减 b_ℓq（不含多径结构描述）。源为静止（""the sources are assumed to be stationary""），各站之间时间同步精度约 50 ns（GPS 级别）。关键约束：信号带宽远小于阵孔径传播时间倒数（窄带假设）；观测时长 T 被切成 K 段，每段长度 T/K 需远大于最大站间传播时延；未知波形时要求各源统计独立、互不相关。应用背景为蜂窝电话呼救定位、频谱监测与执法。","每站单阵（阵元数 M），站数 L，源数 Q。第 ℓ 站阵输出复包络见式(1)：r_ℓ(t) = Σ_{q=1}^{Q} b_ℓq a_ℓ(p_q) s_q(t − τ_ℓ(p_q) − t_q^(0)) + n_ℓ(t)，0 ≤ t ≤ T。将 T 分为 K 段，每段做 DFT 得式(2)的频域模型，频点下标 j=1,…,J，段下标 k=1,…,K。式(3)定义 s̃_q(j,k) ≜ s_q(j,k)e^{−iω_j t_q^(0)} 与 ã_ℓ(j,p_q,b_ℓq) ≜ b_ℓq a_ℓ(p_q)e^{−iω_j τ_ℓ(p_q)}，式(4)给出 r_ℓ(j,k) = Σ_q ã_ℓ s̃_q + n_ℓ。式(5)(6)把 L 个站拼成 r(j,k) = A(j)s̃(j,k)+n(j,k)，其中 A(j) 为 ML×Q。未知量为各源位置 p_q（平面 D=2，空间 D=3）、各站复衰减 b_ℓq（共 (L−1)Q 个复数）与信号谱 s̃_q(j,k) 快拍；噪声 n 为时间与空间白、零均值、方差 η、与信号不相关。观测域为各段 DFT 系数的跨站拼接向量及其协方差 R(j)（式(7)）。数值例中快拍数 K 为 200 或 1000，J=1（单频点），单段长度 4.5 ms。","已知K（源数 Q 在算法中被显式使用，论文未讨论如何估计 Q）。具体使用位置：式(8)下方正文明确「U_s(j) is an ML × Q matrix consisting of the eigenvectors of R(j) corresponding to the Q largest eigenvalues」，即源数决定子空间维数；式(22) F3 = Σ_{q=1}^{Q} F3(q) 与式(23)(24)的 â_q 逐源分解同样按 Q 展开；式(A.2)的 P、B 矩阵维数由 Q 给定，CRB 亦按已知 Q 推导。论文正文与数值例均未给出 Q 的估计步骤或误判 Q 的影响分析，属「论文未说明」的缺口。","两步。第一，建立跨站拼接模型（式(5)(6)），把 L 个站 ML 维观测当作一副「分布式大阵」；未知波形分支沿用 MUSIC 思路（论文第 2 页 §2 与 §3.1 明确「following the steps leading to the MUSIC algorithm [17]」，即 Schmidt 1986）：对每频点由 R(j) 取 Q 个最大特征向量构成 U_s(j)，代价函数 F(p,b) = Σ_j ā^H U_s U_s^H ā（式(8)）。关键的未知量消除：若直接搜索 p 与 b，需 2(L−1)+D 维搜索；作者用式(9)把导向矢量的结构写成乘积 ā(j,p,b) = Γ(j)Hb（Γ(j) 为对角阵，H = I_L ⊗ 1_M），代入后 F(p,b) = b^H H^H [Σ_j Γ^H U_s U_s^H Γ] H b（式(10)），由于假设 ‖b‖=1，最大值即矩阵 D(p)（式(11)）的最大特征值，于是式(12) F(p) = λ_max[D(p)]，搜索维数降为 D 维（平面二维），且 D(p) 只有 L×L 维，计算量小。注意此处 b 由最大特征向量隐式解出，不再显式搜索；s̃ 则由 MUSIC 子空间结构（正交投影）消除，不需要已知波形。第二，已知波形分支（§3.2）按 [18] 的代数步骤：写出对数似然（式(15)），用 R̂_ss（式(14)）与 R̂_sr（式(16)）定义 Â(j) = R̂_sr^H R̂_ss^{−1}（式(20)）；在「信号互不相关 → R̂_ss(j) 渐近对角」的假设下代价函数按源解耦，F3 = Σ_q F3(q)（式(22)），每个 F3(q) 只含一个源的参数；再用式(24)把 b 最小二乘解出代回，在 |a_ℓ(j)|=1 假设下（式(25)(26)）得到式(29)：F4(q) = |H^H w_q|² = Σ_{ℓ=1}^{L} |Σ_j e^{iω_j τ_ℓ(p)} a_ℓ^T(p) â_q^{(ℓ)}(j)|²，即 L 个独立站代价函数之和。作者据此指出这正是 DPD 优于「各站独立最大化代价函数」的原因。与已有方法的主要差异：(a) 不做 AOA/TOA 独立估计再三角定位，而在原始跨站信号域直接搜索位置，天然回避「哪个 AOA 属于哪个源」的关联问题；(b) 用拼接后的 ML 维观测取代单站 M 维观测，从而突破 AOA 的 M−1 同频源上限。","需重推适配；输入信息层级：原始混合 IQ（各站各段 DFT 系数，未经时延或 AOA 提取），属于最接近原始观测的层级。判定的触发条件与失效条件：1. 窄带假设——论文要求「信号带宽远小于阵孔径传播时间的倒数」，本项目短时宽带 IQ 多子带混叠不满足，需按子带重推导向矢量与模型；2. 已知源数 Q——U_s 取 Q 个特征向量、式(22)按 Q 分解，本项目 K=0/1/2/3 未知，本方法不能直接调用；3. 源需互不相关——已知波形分支依赖 R̂_ss 渐近对角，相干源会使解耦失效（论文对未知波形分支亦假设信号统计独立、零均值联合高斯）；4. 集中式传输——论文第 43 页结论明确 DPD「requires raw signal data to be transferred to a common processor」，本项目为四站集中处理，这一点反而是有利条件；5. 单天线站退化——若每站 M=1，则 ML=L，同频源可分辨上限退化为 L−1，四站仅能分 3 个同频源，且式(25) |a_ℓ(j)|=1 与 ULA 导向矢量推导需重新表述；6. 本方法不做「逐源占用频段」估计，也不输出频率—源对应关系，模型只含单一载频 ω_j 下的窄带包络。","全部为自造仿真（无实测、无公开数据集）。共用几何：Test Case 1–4 基站位于 (2,−2)、(2,0)、(2,2) km（L=3）；Test Case 5 四站位于 (−2,−2)、(−2,+2)、(2,−2)、(+2,+2) km。单源案例：发信机 (0,1.5) km，ULA 3 元（M=3），200 快拍、每拍 4.5 ms，单频点（K=200, J=1），信号为「窄带随机高斯波形调制的载波幅度」，接收端未知波形，衰减矢量 b=[1,0.8,0.4]^T，SNR（以收到最强信号的基站计）3–23 dB、步长 2 dB，每 SNR 点 100 次实验（Monte Carlo 次数 N=100）。两源案例：两发信机 (0,+1.5) 与 (0,−1.5) km，Q=2，b=[1,0.8,0.4]，其余同上。源间隔扫描案例：发信机 (0,+Y) 与 (0,−Y)，100 快拍，SNR=20 dB，Y 从 200 m 变到 1200 m。三源案例：发信机 (0,1.5)、(0,−1.5)、(−1,0) km，Q=3，M=3，1000 快拍，各站衰减相等 b=[1,1,1]。五元圆阵已知波形案例：L=4，M=5，Q=1，K=1000，J=1，b=[1,0.1,0.1,1]（两站 0 dB、两站 −10 dB）。对比方法：各站独立 MUSIC 或波束形成的 AOA 估计（再做三角定位），以及作者在附录 B/C 推导的 CRB 与性能分析（PA）曲线。评价指标：式(30) 定义的 RMS 位置误差（单位 m），N 次实验的均方根。SNR 变化范围在 Test Case 4 中改为 −5 至 20 dB。论文未给出带宽、采样率的具体数值，也未给出基带信号的具体谱形参数。","1) 单源、未知波形（图 1，第 42 页）：SNR 3–8 dB 区间 DPD 明显低于 AOA，例如 SNR=3 dB 时 AOA 约为 290 m 量级而 DPD 约 110 m 量级；SNR≳15 dB 后两者与 CRB 重合，说明高 SNR 下 DPD 的增益消失、退化为理论界。2) 双源（图 2，第 42 页）：同一模式下 DPD 仍优于 AOA，高 SNR 时两者等同 CRB，作者指出「At very high SNR, modeling errors will dominate the performance」，即结论仅在有限 SNR 与无模型误差的理想仿真下成立。3) 源间隔扫描（图 3，第 42–43 页）：Y 从 200 m 增到 1200 m，AOA 的 RMS 从 110 m 量级单调降到 10 m 量级，而 DPD 在整个区间基本平稳（约 10–25 m），说明 AOA 对源角间隔敏感、DPD 不敏感；该结论仅在 M=3、Q=2、两源关于原点对称这一特定几何下验证。4) 三源、M=3（图 4，第 43、43–44 页）：MUSIC 类传统 AOA 因 M−1=2 < 3 完全失效，DPD 仍给出随 SNR 单调下降的 RMS（0 dB 时约 140 m，20 dB 时约 10 m），验证了式(6)拼接提高可分辨源数的主张。5) 已知波形、4 站 5 元圆阵、单源（图 5，第 43 页）：DPD 与 CRB 曲线随 SNR 下降，SNR=1 dB 时约 120 m、8 dB 时约 45 m；论文未给出该情形下 AOA 的对比曲线。6) 图 6（第 43 页）给出四站三源、未知波形下的代价函数等高线，呈多峰结构；论文未说明该图对应的 SNR 与是否会出现伪峰误判。7) 附录 D 给出有限长观测的频域模型误差：E{|S_1|²}/E{|Δ|²} = T_1/(2D)（式(D.3)），并指出要获得 20 dB 比值，观测时长 T_1 应为 200D（D 为站间时延），正文每段长度取 T/K，Test Case 1 中「the snapshot length ensures that the errors introduced by the finite-length FFT are 30 dB below the signal level」。","论文未提供代码或数据链接（2005 年期刊，正文无相关声明）。仿真参数给得较完整：站址坐标、源坐标、阵元数与阵型、快拍数与每拍时长、SNR 范围与步长、Monte Carlo 次数（100）、衰减矢量 b、对比方法（MUSIC/波束形成 AOA）均有明确数值，理论上可复现主要曲线。未给全的部分：随机高斯波形的产生方式与带宽、基带采样率、MUSIC 谱峰搜索的网格步长、三角形定位的具体实现、F 矩阵（附录 C 性能分析）的数值计算细节；也未给出迭代停止准则（方法本身是全网格搜索，无迭代）。作者自评的局限：第 43 页 §5 明确 DPD 的代价是「要求把原始信号数据传到中心处理器」，而传统方法只需传 AOA/TOA 估计；第 42 页指出极高 SNR 下模型误差（有限长 FFT、标定误差、同步误差、传播误差）将主导性能。","第一层（作者结论）：DPD 可定位比 AOA 更多的同频源，且精度优于传统 AOA；它不遇到各站 AOA 量测的关联问题；其代价是需要把原始信号传到中心处理器。第二层（实验实际支持的结论）：(a) 「DPD 在低 SNR 下优于独立 AOA」在 Q=1、2、3 且 M=3、L=3（或 4）、窄带、单频点、静止源、理想视距与无标定误差的仿真条件下成立；(b) 「DPD 可处理 M−1 以上的同频源」在 Q=3、M=3 的三源算例中得到验证，但仅在源数已知且 ML=9 > Q=3 的前提下，且论文未测试 Q 接近或超过 ML 的边界；(c) 「无关联问题」属于方法结构性的定性判断，论文未设置专门的关联失败对照实验来量化；(d) 结论未外推到宽带信号、相关／相干源、运动源、非视距、阵列标定误差或含模型误差的实际数据——论文明确说极高 SNR 下模型误差会主导；(e) 全部结论建立在源数 Q 已知这一未讨论的假设上。","1. 给出跨站观测拼接的 DPD 统一模型（式(5)(6)），把多站定位写成对 ML 维拼接观测的位置参数化子空间拟合，从而在结构上同时回避两步法量测关联难题并突破单站 M−1 同频源上限。2. 提出式(9)–(12)的导向矢量分解，把未知波形下的多源搜索从 2(L−1)+D 维压到 D 维，且判据矩阵只有 L×L 维；这是本文最有方法论价值的化简，s̃ 与 b 被解析消除。3. 给出已知波形下的代价函数按源解耦（式(22)）与 L 项求和形式（式(29)），并据此给出「DPD 优于各站独立最大化」的机理解释。4. 提供已知／未知波形两种情形的 CRB（附录 A、B）与未知波形下的封闭形式性能分析（附录 C），以及有限长观测频域模型误差的量化关系（附录 D 式(D.3)）。","1. 源数 Q 被全程当作已知量：U_s(j) 取 Q 个特征向量、式(22) 按 Q 分解、CRB 按 Q 推导，论文未提供 Q 的估计方法，也未分析 Q 误判（漏源或过估）的后果，而这是实际系统最先要面对的问题。2. 只做窄带建模：式(1)(2) 与导向矢量 a_ℓ(p_q) 均为单频窄带形式，论文未给出宽带逐子带处理或频率—源对应的任何形式化，因此无法回答「各源占据不同频段」时的频率分配问题。3. 未知波形分支的可行性依赖强假设：L 个站的信号包络相同、各源统计独立零均值联合高斯、噪声时空白、各站衰减噪声一致，且假设某一站衰减为实数并做 ‖b‖=1 归一化以消除尺度模糊（第 39 页 Remarks (2)），实际信道下这些假设的松弛余地未被评估。4. 实验证据强度有限：全部为自造理想仿真，Monte Carlo 仅 100 次，无实测数据、无与其他 DPD 变体（如多频融合、行列式谱）的横向对比，且已知波形算例（图 5）未给 AOA 对照，无法核验该分支的相对增益。","该文是 DPD 方向的奠基性工作，价值主要在于把「多站联合处理」这一思想形式化为可解的参数化子空间模型，并给出可实际执行的降维手段（式(9)–(12)）。方法合理性方面，用拼接观测提高可分辨源数、用最大特征值消去未知衰减，两步化简在数学上是自洽的，式(29) 把代价函数写成 L 项之和也为其相对 AOA 的优势提供了机制层面的解释，而非仅有仿真现象。创新程度方面，DPD 的原始思想早于此文（作者自引 [19] 的 2004 年单源版本），本文的增量在于多源扩展与未知波形下的降维；「MUSIC 思想 + 位置参数化导向矢量」属已有框架的组合，作者本人也在文中明确承认借用了 [17][18]。实验证据强度中等偏弱：算例覆盖了 Q=1,2,3 与已知/未知波形、源间隔扫描与阵元数瓶颈等有价值的对照点，但全部为理想仿真且无外部对比方法，源数已知这一关键前提更是未被审视。实际应用价值方面，原始数据需集中回传这一代价在四站被动系统中可以接受，方法在窄带同频多源场景下确有优势。","(1) 覆盖程度：R01 并未覆盖本项目想解决的问题。它覆盖的是「多站窄带同频多源的直接位置确定」，属于定位环节的物理求解器；它完全不涉及源数 K 的估计（假设已知）、不涉及逐源占用频段估计、不涉及频率—源—位置三元对应，也不涉及短时（4096 点量级）低快拍下的学习式建模。它与本项目重合的只有「直接由接收信号估位置」这一接口定义。(2) 同条件基线：可作「需重推适配」层级的位置求解器候选，但不能直接当同条件基线。要成为基线至少需三处适配——把式(2) 的单频窄带模型改成逐子带（19 个子带）模型并给出频率维代价函数；把 Q 已知改成由本项目第三章预测的 K 驱动（K 已知时式(8) 的 U_s 取 K 列即可，这反而是最省事的对接方式）；对四站单天线（M=1）情形重推可分辨条件——此时 ML=4，同频源上限为 3，恰好覆盖本项目 K=2/3 的场景，但式(25) 的 |a_ℓ(j)|=1 与 ULA 推导需改写。此外，若源在频带上部分分离，本方法对同一频点的子空间维数要求会降低，需明确是按子带分别定位还是联合定位。(3) 创新空间压缩：压缩有限，但必须正视两点。其一，「直接用跨站原始观测做位置搜索、不需要已知波形、不需要先做时延估计」这一条已被 R01 在窄带条件下实现，本项目不能把「端到端直接由 IQ 出位置」本身当作新意。其二，式(29) 的 F4(q)「多站代价函数求和」与式(12) 的「最大特征值消除未知衰减」说明未知量解析消除的思路在该领域早已成形，任何「学习权重后仍需传统求解器收尾」的方案都要与这两条做机制层面的区分。R01 未压缩本研究的核心候选创新（逐源定位权重相对公共选频的独立价值），因为它根本没有频率维自由度：J=1、单频点、不区分各源频段。(4) 可直接借鉴的机制与须避开的陷阱：可借鉴——式(9) 的 Γ(j)Hb 分解与式(12) 的 λ_max[D(p)] 判据，是本项目细 DPD 阶段可用的解析求解器骨架，尤其适合四站单天线（L=4，D(p) 为 4×4，非常廉价）；附录 D 的 E{|S_1|²}/E{|Δ|²}=T_1/(2D) 可用来论证本项目 4096 点短观测在多大站间基线下会因有限长 FFT 引入模型误差，是短时观测的定量警戒线。须避开的陷阱——不要把 Q（源数）当作已知量写进方法描述而不交代其来源；不要把 ‖b‖=1 与「信号包络各站相同」当成本项目可用的成立前提；R01 的 L 项求和判据只依赖单站自己的数据，若直接照搬会抹掉跨站相位一致性，反而可能弱化「逐源频率权重」能带来的增益。","标题与摘要、关键词：第 37 页；模型与式(1)–(6)：第 38 页 §2（式(1) 在同页右栏上部，式(3)–(4) 在同页右栏下部）；「噪声时空白、信号独立」及未知量参数计数、式(7)：第 39 页左栏；U_s(j) 由 R(j) 的 Q 个最大特征向量构成、式(8)、式(9) 的 Γ(j)Hb 分解：第 39 页右栏；式(10)–(12)「只需 D 维搜索」「D(p) 为 L×L」：第 40 页左栏；§3.2 已知波形的式(13)–(20)：第 40 页；式(21)–(29)，其中「R̂_ss 渐近对角→代价函数解耦」（式(22)）与「L 个站代价函数之和→DPD 优于各站独立最大化」（式(29) 及其下方文字）：第 41 页左栏；§4 NUMERICAL RESULTS 的式(30) 与 Test Case 1 参数（三站坐标、源 (0,1.5) km、M=3、200 快拍 / 4.5 ms、K=200、J=1、3–23 dB、100 次实验、b=[1,0.8,0.4]）：第 41 页右栏；Test Case 2 与图 2 说明、Test Case 3 与「AOA 对源间隔敏感」、Test Case 4 与「MUSIC 失效但 DPD 有效」的原文措辞：第 42 页左栏至右栏；图 1—图 3 图注（含各图参数）：第 42 页；图 4、图 5 图注与 Test Case 5、图 6 与 §5 CONCLUSIONS、附录 A 起点：第 43 页；附录 A 的式(A.1)–(A.10) 与附录 B 的式(B.1)(B.2)：第 44 页；附录 B 的式(B.3)–(B.13)：第 45 页；附录 C 的式(C.1)–(C.9) 与「cov{p̂_q}」关系式：第 46 页；附录 C 的式(C.10)–(C.18) 与 ULA 情形式(C.19)–(C.22)：第 47–48 页；附录 D 的式(D.1)–(D.3) 与「20 dB 需 T_1 = 200D」：第 48 页；参考文献 [1]–[22]（含 [17] Schmidt、[18] Li 等、[19] Weiss 2004 单源 DPD）与作者简介：第 48–49 页。（说明：第 37 页为标题页，版面上无印刷页码，其页码范围由页眉的「2005:1, 37–49」给出；其余各页印刷页码见页面左上／右上角。）"
"R02","High Resolution Direct Position Determination of Radio Frequency Sources","Tirer T., Weiss A. J.，IEEE Signal Processing Letters（IEEE SPL），2016，vol. 23, no. 2, pp. 192–196","针对多个未知波形发射源、源数未知的直接定位（DPD）问题，作者把 DPD 与 MVDR（最小方差无畸变响应）思想结合，构造每个候选位置上一个受 w^H ā(p,α)=1 约束的最小输出能量权向量，得到一个只需在平面上（二维）或空间中（三维）搜索的高分辨空间谱，从而在单源 ML（DPD-SML）与 MUSIC 类 DPD（DPD-MUSIC）之外提供第三条路线；仿真显示该谱在低/中 SNR 下误差小于 DPD-SML，并在高 SNR 下与 DPD-MUSIC 相当。","射频发射源的无源定位。几何配置为 L 个空间上广泛分离的 M 元接收阵列，各阵列内部阵元间距远小于源到站距离；论文明确指出该方法也可用于「空间上分离的单天线传感器」这一特例（p.195 §V）。源数未知，源静止、发射源与阵列在观测区间内均静止（故无多普勒频移）。信号为未知波形的窄带（或至少单个阵元孔径内带宽足够窄）信号，多个发射源在同一接收信号中同时存在。应用背景为需要把各站观测集中处理的单步直接定位，替代先估 AOA/TOA 再几何交汇的两步法。","接收端为 L 个 M 元阵列，第 ℓ 个阵列的复包络观测为式(1) r_ℓ(t)=α_ℓ a_ℓ(p) s(t−τ_ℓ(p))+n_ℓ(t)。α_ℓ 为未知复标量（路径损耗），a_ℓ(p) 为阵列响应，s(·) 为未知波形，n_ℓ(t) 为白、零均值、圆复高斯噪声。观测区间 [0,T] 被划分为 J 段，每段长度 T/J，要求 T/J ≫ max_ℓ{τ_ℓ(p)}；第 j 段第 k 个 Fourier 系数满足式(2) r̄_ℓ(k,j)=α_ℓ a_ℓ(p) s̄(k,j) exp(−i2πf_k τ_ℓ(p))+n̄_ℓ(k,j)。定义式(3) ā_ℓ(k,p,α_ℓ)=α_ℓ a_ℓ(p) exp(−i2πf_k τ_ℓ(p))，跨阵列堆叠得到式(5)(6) r̄(k,j)=ā(k,p,α) s̄(k,j)+n̄(k,j)，其中 α=[α_1 … α_L]^T 且约束 ‖α‖=1（式(7)）。关键的中间统计量是式(14) 的每个频点样本协方差 R̂_k=(1/J)Σ_j r̄(k,j) r̄^H(k,j)，维数 LM×LM，由 J 段快拍估计，再以块对角方式组成式(20) 的 Σ̂=blkdiag{R̂_1,…,R̂_K}（文中 K 在此处表示使用的频点个数，不是源数，易与源数混淆）。未知量为：各源的波形（或频域系数 s̄(k,j)）、跨站复增益 α、噪声方差（推导中假定已知且各站相同）、以及源的位置 p 和源数。输入层级是「各站原始 IQ 分 J 段后做 DFT 得到的频域系数与频点样本协方差」，不是已估时延。","未知K直接处理（主判据）；补充：源数由 CFAR 阈值后处理取峰确定。依据：摘要与 §I（p.192）明确「The method does not require knowledge of the number of emitters」，§I 指出 DPD 谱可给出热力图，「Determining the number of emitters (and their locations) can be performed as a final step using Constant-False-Alarm-Rate (CFAR) methods inspired by radar and sonar literature [6]」；§V（p.195）重申「can be implemented without knowing or estimating the number of sources」。算法本体（式(21)–(28)）中不含源数 K，逐个网格点 p 只优化一个 L×1 的 α，因此高分辨估计量本身与源数无关；唯一的 K 是式(8)(9)(11)(12) 中频点求和上限的「频点数 K」，属于频域系数个数而非信源数。论文未给出 CFAR 的具体门限设定与虚警率数值。作为对照，对比方法 DPD-MUSIC 使用了基于频域 MDL 的模型阶数估计（§IV，p.194，引用文献[5]），即需要源数或阶数估计。","整体思路是把 DPD 的「单步定位」框架与 MVDR 的「最小输出能量 + 无畸变约束」结合，构造一个对多源、未知源数鲁棒的高分辨位置谱。推导链条为：(1) 由 i.i.d. 圆复高斯假设，ML 等价于最小二乘，对单源写出式(8)(9) 的 DPD-SML 准则，把未知的频域信号 s̄(k,j) 解析消去（式(10)），得到式(11)(12) 的只依赖 p 与 α 的形式；(2) 用式(15)(16) 把 ā(k,p,α)=Λ_k(p)Bα 写成显式结构，Λ_k(p)=diag{a_1^T(p)e^{−i2πf_k τ_1(p)},…,a_L^T(p)e^{−i2πf_k τ_L(p)}}，B=I_L⊗1_M，于是式(18) 给出 DPD-SML 的位置谱为 Σ_k B^H Λ_k^H(p) R̂_k Λ_k(p)B 的最大特征值；(3) 借用 MVDR 思路，在式(22) 约束 w^H(p,α)ā(p,α)=1 下最小化式(21) 的输出能量 w^H Σ̂ w，解得式(23) w_opt=Σ̂^{−1}ā/(ā^H Σ̂^{−1}ā)，代入后得式(24) Q̃_HR(p)=max_{α:‖α‖=1} 1/(ā^H(p,α)Σ̂^{−1}ā(p,α))；(4) 利用 Σ̂^{−1}=blkdiag{R̂_1^{−1},…,R̂_K^{−1}}（式(25)）与式(27)(28)，最终得到式(28) Q̃_HR(p)=λ_max((Σ_k B^H Λ_k^H(p) R̂_k^{−1} Λ_k(p) B)^{−1})，即在 L×L 小矩阵上求最大特征值。与已有方法的主要差异有三点：一是用 MVDR 型自适应加权替代 ML 的特征值谱（把式(18) 的 λ_max 换成式(28) 的「逆矩阵的 λ_max」），用自适应零陷压制其他源造成的偏置；二是每个候选位置 p 上把跨站复增益 α 当作 ‖α‖=1 约束下的自由参数搜索（等价于允许未知的跨站相位/幅度不一致），这一步是把「未知波形 + 未知信道复增益」消掉的关键；三是所有频点上的谱贡献在 Σ_k 处非相干相加，且共享同一个 α（即不区分「哪个频点属于哪个源」），因此频率正交性并未被显式用作分源手段。可二维搜索（平面几何）或三维搜索（一般情形）完成。","直接基线候选；输入信息层级：原始混合 IQ（各站原始采样，分 J 段做 DFT 后取频域系数与频点样本协方差 R̂_k）。判定依据：论文的 DPD 框架要求把各站接收信号（可采样后）集中送到处理中心（§I，p.192），输入就是多站共频混合 IQ；模型允许各源在同一观测中叠加，且明确「can work even with spatially separated single sensors (using only delays)」（§V，p.195），即 M=1 的多站单天线情形被覆盖，此时 LM=L（四站即 4×4）。失效/受限条件有四条需重点注意：(a) 式(2) 的频域相移近似要求每段长度 T/J ≫ max 时延差，即分段不能太短，短观测下可用分段数 J 受限；(b) 式(28) 需 R̂_k^{−1}，论文在 7 元阵实验中明确出现 R̂_k 奇异并「used small diagonal loading in order to invert it」（§IV，p.194），即 J < LM 时必须对角加载，加载量论文未给出数值；(c) 各源必须在同一频带内、且信道复增益 α_ℓ 不随频点变化（式(3) 中 α_ℓ 与 k 无关），等价于平坦信道假设；若某源只占部分频段，模型没有为它单独置零的机制；(d) 论文假设源在观测区间内静止、无多普勒，且各站同步（相位级同步，用于构造跨站相移 e^{−i2πf_k τ_ℓ(p)}）。","全部为仿真（§IV，p.194–195，无实测数据说明）。几何：4 个单传感器分别位于 (100,−150)、(100,−50)、(100,50)、(100,150) km（Fig. 1）；2 个发射源位于 (−1.5,−50) 与 (1.5,−50) km，间距 3 km；信号为未知波形的平坦窄带高斯信号。信道衰减建模为 α_ℓ=1+δ_ℓ，δ_ℓ 为零均值圆复高斯、标准差 0.1、每个传感器每个源独立抽取。观测：J=6 段，每段 64 个 Fourier 系数，对应频率最高到 150 kHz（Fig. 2–Fig. 4）；Fig. 5/6 的谱实验改为 4 个源（增加 (0,−51) 与 (0,−49) km）并将段数提高到 J=20，SNR=30 dB。SNR 扫描范围 −10 dB 至 30 dB，每个 SNR 点做 250 次 Monte Carlo。对比方法：DPD-SML（式(18) 的单源 ML 估计量）、DPD-MUSIC（文献[2] 的 MUSIC 类 DPD，配频域 MDL 阶数估计，文献[5]）。第二个实验把每个单传感器替换为 7 元均匀线阵，半波长间距，阵列平行于 y 轴（此时 R̂_k 奇异，加小对角加载并「slightly modified」MDL 以只用非零特征值）。第三组实验固定 SNR=30 dB，扫描两源间距，评估 RMSE 随间距变化（Fig. 4）。评价指标：RMS miss distance（定位误差 RMSE，单位 m）。论文未给出带宽的具体数值（只给 150 kHz 上限与 64 个频点）、未给出采样率、未给出网格搜索步长、未给出对角加载量。","1) 单传感器（M=1）情形（Fig. 2，p.195）：DPD-HR 明显优于 DPD-SML；在低与中等 SNR 下也优于 DPD-MUSIC，原因是「the model order estimation is prone to errors」；在高 SNR 下 DPD-MUSIC 反超，三者中最优（§IV，p.195 正文）。2) 7 元阵情形（Fig. 3，p.195）：低 SNR 下 DPD-HR 优于其他两法，高 SNR 下与 DPD-MUSIC 相当；论文指出相对 Fig. 2 的增益「somewhat less than the expected coherent integration gain due to the small separation between the sources」。3) 两源间距扫描（Fig. 4，SNR=30 dB）：DPD-HR 与 DPD-MUSIC 性能相当，而 DPD-SML「has a large error, even when the sources are fairly distant, mainly due to a bias, resulting from the presence of the other source」。4) 谱形态（Fig. 5 vs Fig. 6，4 源、J=20、SNR=30 dB）：DPD-SML 谱在 y 方向呈连片条带、无法分辨相邻两源，DPD-HR 谱给出 4 个清晰可分的尖峰。以上结果的成立条件：源为窄带平坦谱、各站相干同步、每段长度远大于时延差、信道复增益跨频点恒定；论文未测试宽带源、频率不重叠的多源、运动源、J 很小的短观测、非同步站、多径信道，也未给出 CFAR 取峰的实际性能（未测试源数估计成功率）。","未提及代码或数据公开（无 code/data availability 声明）；仅说明彩色图可在 IEEE Xplore 获取，DOI 10.1109/LSP.2015.2503921。可复现性中等偏弱：站坐标、源坐标、J 与频点数、SNR 范围、Monte Carlo 次数、信道扰动标准差（0.1）、阵元数与阵型均给出，仿真可复现；但未给出采样率与信号带宽的具体值（只给「up to 150 kHz」与 64 个频点）、未给出位置搜索网格步长或搜索范围、未给出 7 元阵情形下「small diagonal loading」的具体加载量、未给出 CFAR 门限设定、未给出 MDL 的修改细节（只说「slightly modified」）。作者自评的局限仅有一句：「Performance analysis of the method, focusing on its resolution, will be published in the near future」（§V，p.195），即分辨率理论分析在本文中缺失。","第一层（作者结论）：把 DPD 与 MVDR 结合可得到多源定位的高分辨谱；该估计量不需要知道或估计源数；可用于空间分离的单传感器（仅用时延）而不只是阵列；对多源其性能优于 DPD 波束形成器，并在低中 SNR 下优于带模型阶数估计的 MUSIC 类 DPD；方法可推广到更复杂场景，分辨率分析将另文发表。第二层（实验实际能支持的结论）：实验只支持「在 4 站（或 4 个 7 元阵）、2 个共频带窄带静止源、信道复增益跨频点恒定的仿真条件下，式(28) 的位置谱比式(18) 的 DPD-SML 更少受他源偏置影响，且在低中 SNR 下不需要阶数估计这一点带来相对 DPD-MUSIC 的优势」。以下外推缺乏证据：(a)「不需要源数」这一主张只被「估计量本身不含 K」支持，源数的实际获得依赖 CFAR 后处理，而论文未做任何源数估计成功率的实验，因此「未知 K 下能正确分出几源」在本文中并未验证；(b) 高 SNR 下 DPD-MUSIC 更好这一结果反过来说明该方法的优势区间只在低/中 SNR；(c) 论文只用 2 源（谱图用 4 源）验证，未检验 3 源以上、源间距离接近分辨极限时的表现；(d) 未验证短分段（小 J）与需要对角加载时的性能退化。","1) 提出了一个不含源数的 DPD 高分辨准则（式(28)），把 MVDR 最小输出能量约束引入位置谱构造，并用 ‖α‖=1 下的 α 优化把未知波形与未知跨站复增益一并消去，使多源定位不依赖模型阶数估计。2) 给出了该准则的闭式化简：把 LM×LM 的求逆问题化归为 L×L 矩阵求最大特征值（式(27)(28)），使计算量只随站数 L 增长而与阵元数/快拍数的显式特征分解无关，作者据此强调只需二维搜索。3) 实验上定量揭示了 DPD-SML 在多源下的偏置问题（Fig. 4），并用谱图（Fig. 5/6）给出高分辨与低分辨的直观对照，说明偏差来自其他源的存在而非噪声。4) 明确把 CFAR 后处理作为源数确定的途径（仅提出，未验证）。","1) 源数确定只有一句 CFAR 的设想，没有任何源数估计实验、门限设定或虚警率指标；论文中「不需要源数」只能理解为「估计量形式不含源数」，不等于「能自动给出源数」。2) 信道模型过强：α_ℓ 与频点 k 无关（式(3)），等价于平坦信道假设；且 α_ℓ=1+δ_ℓ、标准差 0.1 的随机复增益对应极小的幅度/相位扰动，未测试大相位失配（例如站间相位不同步）下的表现。3) 对分段的强依赖未被系统检验：式(28) 需 R̂_k 可逆，7 元阵实验中已出现 R̂_k 奇异并靠「small diagonal loading」补救，但加载量、J 的下限、J 与 LM 的关系均未讨论；论文也未报告少量分段（短观测）时的性能曲线。4) 频率信息只被非相干求和（Σ_k）、且所有频点共享同一 α，等价于假设各源占用同一频带；论文未讨论频率不重叠或部分重叠的多源分辨能力，也没有任何用频差帮助分源的实验。","方法层面的价值高于实验层面的价值。其真正可迁移的机制是把「跨站未知复增益 α」当成每个候选位置上的自由参数并对 ‖α‖=1 做最大化——这一步使定位准则只依赖位置而非波形与信道，从而使源数从估计量中消失；把 MVDR 无畸变约束引入位置谱（式(22)–(28)）则把自适应零陷能力带进 DPD，这是相对式(18) 的 DPD-SML 与需要阶数估计的 DPD-MUSIC 的实质差异，也解释了 Fig. 4 中 DPD-SML 的偏置被消除的原因。创新程度为「中等、机制型」：DPD 与 MVDR 均为既有工具，贡献在于组合方式与闭式化简，而非新的可辨识性理论。实验证据强度偏弱：只有仿真、只有 2 源（谱图 4 源）、只有一个几何（4 站几乎位于一条直线上，x 均为 100 km，与两源连线近似正交）、源间距固定为 3 km，未见分辨极限的扫描；最关键的「未知源数」主张恰恰没有专门实验支撑，作者的结论「can be implemented without knowing or estimating the number of sources」在证据上属于形式论证加 CFAR 设想。实际应用价值在于它为「同一频带内多源、源数未知」的无源定位提供了一个计算量低（L×L 特征值 + 二维网格）且可自动态加权的谱估计器，适合作为传统基线；但其对平坦信道与长分段相位的依赖使其在低 SNR、短观测、相位失配场景下需要重新检验。","(1) 覆盖程度：R02 已经覆盖了本项目最担心的两点中的两点——「四站单天线（M=1）多源直接定位」与「源数未知（估计量不含 K）」：它给出的谱式(28) 在 4 个单传感器、2 个共频带源下确实给出两个峰，且不需事先给 K，源数由 CFAR 后处理取。但它没有覆盖本项目的问题本身：它不做「逐源频带占用」估计、不做「频率—源—位置」对应，也不做源数 K 的显式输出与计数（本项目第三章的核心任务）；它的热力图是「位置维度」的，不含频率维度，因此频率只被非相干求和（Σ_k）而没有一个「按源分配频率权重」的自由度。(2) 能否作为同条件基线：可以作为直接基线候选，但需要适配三项：把 M=1、L=4 代入 Λ_k(p) 与 B=I_L⊗1_M 后，式(28) 退化为 4×4 矩阵求最大特征值，计算上完全可行；需要为本项目的短观测决定 J（分段数与每段长度），而 T/J ≫ max τ 这一条件在 4096 点量级观测下会成为硬约束，必须显式核对，并确定 J<LM 时的对角加载量；需要把各站的时延模型换成四站的 TDOA 几何。(3) 是否压缩创新空间：部分压缩，压缩的是「未知 K 直接出多源位置」这一条——R02 已经证明不需要源数即可生成多源位置谱，因此本项目不能把「不需要已知 K 就能定位」本身当作创新。但它没有压缩本项目的核心创新边界：R02 没有任何「逐源频率表示」或「把频率信息用于分源」的机制（α 跨频点恒定、Σ_k 为非相干等权求和），所以「短混合观测下逐源定位权重比公共选频+传统求解器更有价值」这一命题在 R02 中既未被证明也未被证伪，恰好构成本项目需要自行验证的空白；同时 R02 不做源数输出，本项目第三章的源数计数任务也不在其覆盖范围内。(4) 可借鉴机制与需避开陷阱：可直接借鉴 (a) 把跨站未知复增益 α 作为每网格点自由参数并在 ‖α‖=1 下最大化，用这一技巧消掉未知波形与信道，本项目细 DPD 的空间谱生成可以照此避免依赖波形先验；(b) 用 R̂_k^{−1} 的 MVDR 型加权抑制「他源偏置」，这正是本项目 K=2/3 时多源互相干扰的直接对策；(c) 只有 L×L 的小矩阵特征值分解这一低计算量路径。必须避开的陷阱：(i) 不要沿用「α 与频点无关」的平坦信道假设而不加检验——本项目若要利用频率差异分源，就必须允许逐频点的复增益/功率差异，否则退化为 R02 的等权 Σ_k；(ii) R̂_k 求逆对分段数 J 的依赖必须显式报告（含对角加载量），否则短观测下的失败会被误判为方法缺陷；(iii) 不能把「估计量不含 K」等同于「能给出正确的 K」——本项目第三章的源数计数必须自行验证，并在相同热力图输入下对比 CFAR 取峰与学习式计数的差异。","「不需要源数」的主张：摘要（p.192）与 §I（p.192，CFAR 段）、§V（p.195）；DPD 需集中传输原始信号、两站法只传中间参数的对比：§I，p.192；MUSIC 需要已知或估计源数、需要大量快拍、相干信号需额外处理：§I，p.192；信号模型式(1)–(3)：§II，p.193；J 段划分与 T/J ≫ max τ 条件、频域近似式(2)：§II，p.193；‖α‖=1 约束式(7)：§II，p.193；DPD-SML 推导式(8)–(12)：§III，p.193；样本协方差式(14)：§III，p.193；Λ_k(p)、B=I_L⊗1_M 与式(15)(16)：§III，p.194；式(18) DPD-SML 位置谱：§III，p.194；式(19)(20) 的 Σ̂=blkdiag 定义：§III，p.194；MVDR 约束式(21)(22) 与解式(23)：§III，p.194；式(24)(25)(26) 与式(27)(28) 的 λ_min/λ_max 化简、L×L 矩阵说明：§III，p.194；四站坐标、两源坐标、α_ℓ=1+δ_ℓ（σ=0.1）、J=6 段×64 频点、最高 150 kHz、SNR −10~30 dB、250 次 Monte Carlo、对比方法名单：§IV，p.194；7 元阵设置、半波长间距、R̂_k 奇异与对角加载、修改 MDL 只用非零特征值：§IV，p.194；Fig. 1 几何（p.195）；Fig. 2 单传感器 RMSE-SNR（p.195）；Fig. 3 七元阵 RMSE-SNR（p.195）；Fig. 4 RMSE-源间距（p.195）；Fig. 5 DPD-SML 谱、Fig. 6 DPD-HR 谱（4 源，J=20，SNR=30 dB，p.195）；结果解读正文与「高 SNR 下 DPD-MUSIC 反超」「DPD-SML 因他源偏置误差大」：§IV，p.195；结论与「分辨率分析将另文发表」：§V，p.195；参考文献[2]（已知源数的多源 DPD）、[5]（MDL 阶数估计）、[6]（CFAR）：p.196；基金与投稿信息：p.192 脚注（Israel Science Foundation Grants 503/15、965/15）。"
"R03","Direct TDOA geolocation of multiple frequency-hopping emitters in flat fading channels","Ouyang 等（Xinxin Ouyang, Qun Wan, Jingmin Cao, Jinyu Xiong, Qing He），IET Signal Processing，2017，卷11，第1期，第80–85页，doi: 10.1049/iet-spr.2016.0299（ISSN 1751-9675；2016 年 5 月 26 日收稿，8 月 5 日录用，9 月 9 日 E-First）","针对传统两步法（先估 TDOA 再解算位置）在跳频（FH）信号低信噪比下精度退化的问题，作者在频域建立未知波形下的直接 TDOA 定位最小二乘模型，把定位代价函数化为频域互相关函数（CCF）矩阵的最大特征值，并给出 CRB 与定位分辨椭圆；对多跳频源，提出「按已知源数 Q 逐个取峰 + 用 CRB 椭圆范围将该峰邻域置零」的逐峰抑制流程，仿真中在四站单传感器、源间距约 1.4 km 的条件下把两个源分开。","研究对象是 Q 个静止的跳频（frequency-hopping, FH）发射源与 L 个分离接收传感器构成的多站被动定位系统（§2，第81页）。约束条件：(1) 直视/平坦衰落信道（标题与 §2：每站—每源只有单个复标量信道系数 β_{l,q}，代表信道衰减与信号路径相移）；(2) 源信号间互不相关，且均为零均值、广义平稳（WSS）复高斯随机过程假设（§2 假设 i）；(3) 观测时长 T 需足够长，使信号能到达最近与最远的接收机（§2 假设 ii）；(4) TDOA 以 1 号站为参考、假设 τ_1(P_q) = 0（式(2) 前一句）；(5) 只处理二维平面定位（论文说明推广到三维是直接的），且只讨论静止源、不考虑相对运动导致的 FDOA。应用背景为军用/民用跳频通信的干扰源与非合作源定位（§1，第80页）。","L 个分离接收机，每站单传感器（仿真中四个传感器位于 (10 km, 0)、(20 km, 0)、(0, 10 km)、(0, 20 km)，第83页 §5）；无阵列（全文不出现 DOA/导向矢量）。复包络模型为式(1)：r_l(t) = Σ_{q=1}^Q β_{l,q}s_q(t − τ_l(P_q)) + n_l(t)，其中 s_q(t) = Σ_{h=1}^H s_{q,h}(t − (h−1)T_d) 为 Q 个 FH 源中第 q 个的基带信号（H 个跳、每跳时长 T_d），n_l(t) 为与 s(t) 互不相关、各站间也互不相关的白高斯噪声。TDOA 定义见式(2)：τ_l(P_q) = (‖Z_l − P_q‖_2 − ‖Z_1 − P_q‖_2)/c。观测域为频域：式(3) ř_l(f_m) = (1/T)∫_{−T/2}^{T/2}r_l(t)e^{−j2πf_m t}dt，f_m = m/T，m = 0,1,2,...；FH 信号只占总跳带 W 的一部分，M 为所用傅里叶系数的个数（M 的取值论文未给）。向量记号见式(4)：ř_l = [ř_l(f_1),...,ř_l(f_M)]^T、s̄ = [s̄(f_1),...,s̄(f_M)]^T、n̄_l、β = [β_1,...,β_L]^T。式(5) 定义 A_l(P) = diag{e^{−j2πf_1τ_l(P)},...,e^{−j2πf_Mτ_l(P)}}，满足式(6) 的酉性；单源观测模型为式(7) ř_l = β_l A_l(P)s̄ + n̄_l。**注意式(7) 中所有站共享同一个 s̄、且只有一个 β_l，即该式是「单一公共波形」模型**；Q 个源的式(1) 并未直接扩展为向量形式，多源情形是在 §4.3 通过「谱峰逐峰抑制」处理的。未知量为：源位置 P、未知波形（频域系数 s̄）、每站复信道系数 β_l（幅值与相位均未知）。快拍数为 M 个频域傅里叶系数（对应长观测窗 T）。","已知K。依据：§4.3（第83页）多源定位步骤明确写「Suppose the number of emitters is Q, then the steps ... iv. If i = Q, break; else i = i + 1, return to ii」——迭代终止条件直接使用源数 Q；§2 式(1) 的数据模型也以 Q 写入。仿真只测了 Q = 1（图1、图2）与 Q = 2（图3、图4）两种情况，没有 Q > 2 的结果。论文未讨论 Q 未知时如何确定循环终止（无阈值判据、无模型阶数估计步骤），也未讨论 Q 估计错误时的后果。","分单源算法与多源扩展两层。
1. 单源直接定位（§4.1，第82页）：白高斯噪声下 MLE 与 LSE 等价，故目标为式(20)(21)：P̂ = arg min_P Q_ML(P)，Q_ML(P) = min_Θ Σ_{l=1}^L ‖ř_l − β_l A_l(P)s̄‖²，Θ = {s̄; β}。对未知波形 s̄ 求最小得闭式解式(22)（各站的 ř_l 经 A_l^H(P) 相位补偿后按 |β_l|² 加权求和再归一化），代回后式(23)(24) 化简，并定义式(25) Y_l(P) = vector(A_l^H(P)ř_l) = [ř_l(f_1)e^{j2πf_1τ_l(P)}, ..., ř_l(f_M)e^{j2πf_Mτ_l(P)}]^T 与式(26) Y(P) = [Y_1(P), ..., Y_L(P)]（M×L 矩阵）。最终代价函数化为**频域互相关（CCF）矩阵的最大特征值**：式(29) B(P) = Y^H(P)Y(P)（L×L），式(30) Q̃_ML(P) = max_β β^H B(P)β/(β^Hβ) = λ_max(B(P))，式(31) P̂ = arg max_P λ_max(B(P))。即「在二维网格上搜索 CCF 矩阵最大特征值的位置」（摘要，第80页）。与两步法的主要差异：不做任何显式 TDOA 估计，直接把未知波形与未知信道通过 s̄ 的闭式解与 β 的最大化（特征值）边缘化掉，因此避免了「各次 TDOA 估计量不一致」这一两步法固有缺陷（§1，第80页，作者反复强调 TDOA 量测必须彼此相容于单一源位置）。
2. 定位分辨分析（§4.2，第83页）：把定位目标函数视为二维谱，其峰瓣宽度由信号带宽决定，从而决定定位分辨能力；给定 TDOA 估计精度 CRB_τ 与几何矩阵 G，用式(32) 给出峰瓣椭圆（置信椭圆）的半长轴 a、半短轴 b 与倾角 θ，其中 C = (c²/W²)G。作者明确指出「当另一个 FH 源落在这个椭圆内时，很难把它辨识出来」——即分辨判据是定性几何判据。
3. 多源扩展（§4.3，第83页）：不改动代价函数，而是按已知 Q 做逐峰抑制（successive peak suppression）：i. 在包含所有源位置的网格上计算每个格点的 λ_max(B(P))，令 i = 1；ii. 搜索 λ_max(B(P)) 的第 i 个峰，得到第 i 个源位置估计 P_i；iii. 用式(32) 以 P_i 为中心算出第 i 个椭圆范围，**把落在该椭圆内的格点值全部置零**；iv. 若 i = Q 则结束，否则 i = i + 1 回到第 ii 步。该机制的关键是「用 CRB 椭圆而不是固定邻域半径」来定义抑制范围，其依据是椭圆外的峰不可能由该源产生。","需重推适配；输入信息层级：已提取的频域观测量（对长观测窗内的接收复包络做式(3) 的傅里叶变换后取 M 个系数），不是原始短时混合 IQ，也不是 TDOA 量测。判定依据：式(1)(3) 明确以「长观测 T 足以让信号到达最近与最远接收机」与「FH 信号占据跳带 W 的一部分」为前提，M 个傅里叶系数构成唯一观测，全程不出现采样率、符号率、短时窗或快拍的概念；定位是在二维网格上逐点计算 λ_max(B(P))（仿真为 2 km × 2 km、步长 10 m，即约 4×10⁴ 个格点）。失效条件：(1) 波形假设不成立时失效——式(7) 要求存在一个所有站共享的公共频域波形 s̄，即各源互不相关且各站接收的是同一源的同一段信号（单源模型）；多源是靠谱峰抑制而非联合估计处理的。(2) 观测过短或时间带宽积不足时失效——式(13) 的 CRB(τ) ≈ 3/(π²T·B·W·SNR) 与式(32) 的分辨椭圆都随观测时宽带宽积减小而变差，本项目 4096 点短观测下峰瓣椭圆会显著变大，逐峰抑制的分辨假设不再成立。(3) 源间相关或有同频同时重叠分量时失效——源互不相关是 §2 显式假设。(4) 需要已知 Q。(5) 平坦衰落假设（每站每源一个复标量）在频率选择性信道下失效。(6) 非跳频信号时，式(13) 中的单跳带宽 B 与总跳带 W 需重新定义（论文只在结论中表示「相信可扩展」）。","全部为仿真，无实测。§5（第83页）：四个传感器位于 (10 km, 0)、(20 km, 0)、(0, 10 km)、(0, 20 km)；源位于 (70 km, 40 km)（单源与双源实验共用该场景），第二个源加在 (69 km, 41 km)，两源间距约 1.41 km。跳带 10 MHz，跳速 10 000 hops/s，跳数 H = 10，调制 BPSK，数据率 20 kbps；仿真未给出 M（傅里叶系数个数）与实际观测时长 T 的数值。搜索网格为真值位置附近 2 km × 2 km 的区域，步长 10 m。SNR 从 0 dB 变到 20 dB，每个 SNR 做 200 次 Monte Carlo 实验（SNR 的具体定义论文未说明）。对比方法：LSE（传统两步法，先用广义互相关估计 TDOA，再用最小二乘估计位置）与 CRB。评价指标：位置估计的标准差（图1、图4，单位 m，对数坐标），以及 200 次估计结果的散点分布（图3）。多源实验使用 DG-1、DG-2（逐峰抑制得到的第 1、2 个源估计）与 DG-AVG。","1) 单源精度（图1，第84页）：横轴 SNR 0–20 dB、纵轴标准差 10⁰–10³ m 对数刻度；DG 曲线全程位于 LSE 之下，低 SNR 段差距最明显（0 dB 处 LSE 约为数百米量级，DG 约为其一半以下，CRB 最低），随 SNR 升高 DG 渐近逼近 CRB 且与 LSE 的差距收窄（§5 第83–84页原文结论）。2) 定位谱与分辨椭圆（图2，第84页）：SNR = 20 dB 下单源的二维 CCF 代价函数热图（x 轴 6.8×10⁴–7.2×10⁴ m，y 轴 3.8×10⁴–4.2×10⁴ m），峰值附近的峰瓣范围可由式(32) 计算出的黑色虚椭圆描述，验证了分辨椭圆模型与实际峰瓣形状的一致性。3) 双源分辨（图3，第84页）：对两个相距约 1.4 km 的源，在 SNR = 10 dB 下 200 次直接定位结果分别聚集在两个真值位置附近，作者据此声称「the effect of peaks produced by other emitters can be eliminated by the proposed method」。4) 双源精度（图4，第84页）：DG-1、DG-2 与 DG-AVG 的标准差随 SNR 下降，两源性能彼此相当（可比）；但与图1 单源情形相比，两个源的标准差偏离 CRB 更远，作者解释为两源间距过小；作者仍主张 CRB 能近似预测双源性能，从而认为多源直接定位方法「efficient」。结果成立/未检验的范围：双源实验只有一个固定的源间距（约 1.41 km）与一个固定的几何（四站正方形布局），未做源间距扫描、未做几何/H/带宽/跳速的敏感性分析、未测 Q ≥ 3、未测源间相关与同频重叠、未给实测验证。","论文未说明是否公开代码或数据。可复现性缺口较多：(1) M（傅里叶系数个数）与观测时长 T 的具体取值未给；(2) SNR 的定义（参考点、带宽归一方式）未给；(3) 逐峰抑制步骤 iii 中椭圆内的格点置零，与式(32) 的椭圆尺寸直接相关，而式(32) 依赖 CRB_τ（式(13)）中的 B、W、SNR，未说明仿真中对 CRB_τ 是用真值计算还是估计；(4) 网格步长 10 m 与高 SNR 下 CRB 量级（图1 中 20 dB 附近约为 10¹ m 量级）相近，论文未讨论网格量化对结果的影响；(5) 对比方法 LSE 的实现细节（广义互相关的加权方式、迭代初值、收敛准则）未给。理论部分的可核查性较好：从式(20) 到式(31) 的推导链条完整，式(18) 与文献[5] 的既有结果一致，式(22)–(24) 的化简逐步给出。作者自评局限：只在结论中表示 FH 源的情形已分析，「相信向其他类型发射源与场景的推广是可行的」（§6，第84页），即明确承认未验证其他波形类型。","第一层（作者结论，§6 第84页）：在高斯噪声假设下从频域 LSE 模型推导出 FH 源的直接 TDOA 定位算法；分析了 CRB 与定位分辨；算法优于传统两步法、尤其在低 SNR 下，且更接近 CRB；给出了多源直接定位的步骤，其他源对定位谱的影响可通过分辨分析消除；FH 源的情形已分析，向其他类型发射源与场景的推广「we believe ... is feasible」。第二层（实验实际支持的结论）：在四站单传感器、源位于 (70, 40) km、跳带 10 MHz、H = 10、SNR 0–20 dB、200 次 Monte Carlo 的仿真下，单源时 DG 的标准差低于两步法 LSE 且随 SNR 升高逼近 CRB；两源相距约 1.4 km 时用「椭圆置零 + 已知 Q = 2」能分别给出两个源的位置估计，两源精度相当。外推限制：分辨能力只由一个源间距（约 1.4 km）支撑，且该间距与椭圆尺寸同量级（作者自称「small separation」）；Q ≥ 3、源间距小于 1.4 km、同频重叠、相关源、频率选择性信道、三维定位、非跳频波形均未测试；「推广到其他类型发射源可行」只是作者的判断，论文未提供任何证据。此外，低 SNR 优势的量化幅度在图中可读但论文正文未给出数值门槛（例如取得 50% 精度改善对应的 SNR），因此结论缺少可直接引用的定量边界。","1) 给出了一个不需要已知波形、也不需要先估 TDOA 的频域直接定位代价函数，并把它化为频域 CCF 矩阵的最大特征值（式(28)–(31)），其形式等价于对未知信道系数 β 做最大化（消除），使定位只需在二维网格上做小矩阵（L×L）特征值计算——这是相对 DPD [19]–[23] 在实现上的简化，也是论文的主要方法贡献。2) 把未知波形与未知信道在同一框架内边缘化掉，从原理上绕开了两步法「各次 TDOA 估计彼此不相容」的固有次优性（§1 第80页、§5 图1），这是对两步法批评的直接回应，也给出 CRB 作为定量基准。3) 提出基于 CRB 的定位分辨椭圆（式(32)）并用它定义多源逐峰抑制的抑制范围（§4.2、§4.3），使「多源是否可分」这一判断从经验阈值变为与几何、带宽、SNR 相关的可计算量。4) 明确给出多源算法流程并对 Q = 2 做了 Monte Carlo 验证，同时诚实报告了两源结果偏离 CRB 更远这一负面事实（§5 第84页）。","1) 源数 Q 需已知：多源算法第 iv 步以 i = Q 作为终止条件（§4.3，第83页），论文未给出 Q 未知时的终止判据（如谱峰显著性阈值或模型阶数估计），也未做 Q 估计错误的敏感性分析，因此该方法不能用于未知源数场景。2) 多源处理是「单源代价函数 + 逐峰置零」的贪婪流程，不是联合多源估计：§4.1 的模型式(7) 只有单个公共 s̄ 与单个 β_l，多源的合法性完全建立在「椭圆外不会产生其他源的峰」这一几何论证上（§4.2 第83页），论文没有给出该论证的证明，也没有分析两源相互作用导致的谱畸变（例如一个源的旁瓣抬高了另一个源位置的代价函数值时如何判断）。3) 分辨能力的证据单薄：只有一组源间距（约 1.41 km）的散点图（图3）与两条标准差曲线（图4），没有像同类工作那样做间距扫描以给出「最小可分辨间距」，也没有给出椭圆尺寸与成功率的定量对应关系（论文只说「当另一个源落在椭圆内时很难辨识」）。4) 仿真设定与真实应用的落差未讨论：SNR 定义未给、M 与 T 未给、跳带 10 MHz 与数据率 20 kbps 的组合在物理上如何对应未说明、BPSK 单调制类型未做推广；此外搜索网格步长 10 m 与高 SNR 段 CRB 同量级，可能构成精度瓶颈而未被讨论。5) 平坦衰落假设（每站每源单个复标量 β_{l,q}）在多径环境下不成立，而论文标题与全文都以此为前提，未做频率选择性信道的对比。","本文是「用频率域观测做直接定位」这一路线的清晰代表，方法推导完整、目标函数形式优雅（最大特征值搜索），且与两步法的比较在低 SNR 段有明确优势，CRB 与分辨椭圆的引入使论文在「能否分辨两个源」这个问题上给出了可计算的判据而不是经验阈值，这在同类会议/期刊工作中属于较为扎实的处理。问题意识也准：两步法的真正缺陷不在 TDOA 估计精度，而在各次估计之间缺乏相容性约束，作者与 Weiss 的 DPD 系列工作一致地抓住了这一点。但创新程度需要客观看：其核心代价函数的推导与 [5][22][24][25] 的结果关系密切（论文自己说明式(18) 与 [5] 相同、两步法在渐近意义上与直接定位等价），真正的增量在于频域化的代价函数与多源逐峰抑制流程；而多源部分本质上是用已知 Q 的贪婪取峰加椭圆置零，与「未知源数下直接处理」还有实质距离。实验证据的强度偏弱：单一几何、单一间距、Q ≤ 2、无参数敏感性分析、无实测，且缺少 M 与 T 等复现必需参数。综合判断：可作为「单天线多站 + 频域直接定位」这一基线类别的参考实现与文献依据，其 CRB 椭圆作为分辨判据的思路有较高借鉴价值；但其多源能力不宜被高估，也不宜作为未知源数场景的方法依据。","(1) 覆盖程度：部分覆盖，是本项目中与「四站单天线 + 直接定位」几何最接近的一篇。它做到了「不估 TDOA、不依赖已知波形、在分离单传感器站的多站几何下直接定位」，与简报 1.3 中「传统方法是否已经能在单天线多站下分开多源且不用已知 K」这一威胁直接相关；但它**需要已知 Q**，多源能力由「已知 Q + 逐峰抑制」实现，且只验证了 Q = 2、间距约 1.4 km 的一个场景。因此它覆盖了「单天线多站直接定位可行」这一条，未覆盖「未知 K 直接处理」这一条。(2) 同条件基线：可以，且是本项目必须核对的基线候选之一，但需要适配。(a) 源数需固定为已知（本项目 K=2/3 分支可给定 K 后使用，K 未知时不适用）；(b) 观测条件需置换：R03 依赖长观测窗内的 M 个傅里叶系数与 10 MHz 级跳带的时间带宽积，本项目为 4096 点短观测、未知波形且非跳频，需把式(3)(5)(13) 中的单跳带宽 B、总跳带 W 重新解释为本项目子带结构下的等效带宽与总处理带宽，并重新推导分辨椭圆（式(32)）的尺寸——这一点必须做，否则无法判断本项目多源在粗/细网格上是否可分；(c) 需把其二维网格搜索与 10 m 步长替换为本项目的粗网格（81×81）与细网格（401×401 或 41×41/10 m）；(d) 它的「公共选频」是直接使用整段跳带的 M 个傅里叶系数，与本项目「公共选频」的等价形态需要在同一子带划分下定义，否则比较不公平。(3) 是否压缩创新空间：压缩两条，需明确记录。第一，**「单天线多站几何下的直接定位（不经过 TDOA 估计）」已有先例且已在低 SNR 下优于两步法**——本项目不能把「直接利用接收信号做多源定位」本身作为创新点，第四章的创新必须落在「短观测 + 未知 K + 逐源频率权重」上。第二，**「频域 CCF 矩阵最大特征值作为定位代价函数」与「多频联合（此处为整段跳带）」是一类已实现的成熟做法**，即简报所称「公共选频 + 适用传统求解器」的一个具体实现：它使用全部 M 个频域系数联合处理而不区分源，且在 Q = 2、间距 1.4 km 时成功分离——这正是本项目候选创新需要超越的对照形态。因此本项目必须明确回答：在 4096 点短观测下，逐源定位权重相比这种「公共（宽带）联合 + 传统求解器」是否仍有独立增益，并给出在同一子带划分、同一几何、同一 SNR 下的对照实验。R03 未压缩「未知 K 直接处理」与「逐源占用频段恢复」这两条。(4) 可直接借鉴的机制：· **频域 CCF 矩阵最大特征值（式(29)–(31)）作为细 DPD 的定位代价函数**：它天然把未知波形与未知信道系数消除掉，且每个格点只需 L×L 矩阵特征值计算，是本项目在细网格上实现「公共选频 + 传统求解器」对照的高性价比选择；· **用 CRB 椭圆（式(32)，C = (c²/W²)G）显式给出「多源可分性」的几何判据**：本项目在绘制粗/细网格空间谱时，可以按同样思路叠加理论分辨椭圆，把「两个源能否分辨」从主观观察热力图变成可核对的计算，这一点可直接补强第三章 K 预测与第四章多源解码的证据链；· **逐峰抑制 + 逐峰邻域置零**：作为已知 K（本项目 K=2/3 分支）时多源输出的备选机制，其「用理论分辨尺度而非常数半径定义抑制范围」的做法优于简单的非极大值抑制；· **图2 的「代价函数热图 + 理论椭圆叠加」证据形式**，可作为本项目空间谱结果展示的模板；· **把「两步法的不相容性」而非「TDOA 估计精度」作为论证直接定位必要性的切入点**（§1 第80页），这一论证角度可用于本项目第四章的动机写作。必须避开的陷阱：· 绝不要把「已知 Q + 逐峰抑制」写成或等价实现为「未知 K 直接处理」——R03 的终止条件显式需要 Q；· 其单源代价函数在多源下没有任何联合估计机制，不要把它当作「多源联合定位」的理论最优基准，也不要用它的双源精度去推断更多源或更近距离的行为；· 分辨椭圆只是定性判据（论文只给了「落在椭圆内很难辨识」的说法），不能作为严格的可分性保证；· 观测时宽带宽积差异是量级性的（10 MHz 跳带 + 长观测 vs 4096 点短观测），不得直接引用其精度量级作为本项目在短观测下的性能预期；· 其全部结论建立在源间互不相关与平坦衰落之上，本项目若源间存在相关或频率选择性的站间信道，需先检验这两条假设是否成立。","标题与摘要第80页（直接 TDOA 定位、频域 CCF 矩阵最大特征值、CRB、单源分辨分析、多源扩展）；§1 第80页（两步法次优性的论证、FH 信号定位的既有工作 [1,2]、[15] Carter、[16] Stein、[2] Sadler、[17] Wang、[18] Goetz、[3] Chan、[19]–[25] Weiss 的 DPD 系列、[26] Fowler 的分布式 DPD）；§2 式(1) 与源信号展开、式(2) TDOA 定义、两条假设 i/ii 第81页；式(3) 频域傅里叶系数、式(4) 向量记号、式(5) A_l(P)、式(6) 酉性、式(7) 单源观测模型 第81页；**§3 式(8)–(11) 第81页（单源 FIM）、式(12)–(19) 第82页（CRB 与角度参数化、式(13) CRB(τ) ≈ 3/(π²T·B·W·SNR)、式(18) 与 [5] 一致、式(19) I_A^{-1} = c²CRB_rG）**；§4.1 式(20)–(28) 第82页（MLE/LSE、式(22) 对 s̄ 的闭式解、式(25) Y_l(P)、式(26) Y(P)）；式(29)–(31) 第83页（B(P) = Y^HY、最大特征值代价函数）；§4.2 式(32) 第83页（分辨椭圆半长轴/半短轴/倾角、C = (c²/W²)G、「落在椭圆内的另一源难以辨识」）；**§4.3 第83页（多源逐峰抑制四步流程与「iv. If i = Q, break」的已知源数要求）**；§5 第83页（四传感器坐标、源坐标 (70, 40) km、跳带 10 MHz、跳速 10 000 hops/s、H = 10、BPSK、20 kbps、2 km × 2 km 网格、步长 10 m、SNR 0–20 dB、200 次 Monte Carlo、第二个源 (69, 41) km）；图1 第84页（单源标准差 vs SNR：DG/LSE/CRB）；图2 第84页（SNR = 20 dB 的 DG 二维谱与式(32) 椭圆）；图3 第84页（SNR = 10 dB 下两源 200 次直接定位结果散点）；图4 第84页（两源标准差 vs SNR：DG-AVG/DG-1/DG-2/CRB、偏离 CRB 更远的解释）；§6 第84页（结论与「向其他类型发射源推广可行」的判断）；参考文献 [5][22][24][25][27] 第84–85页（式(18) 与 [5] 一致、两步法渐近等价的结论出自 [22]、FH 信号 TDOA 的 CRB 出自 [27]）。"
"R04","TDOA Based Direct Positioning of Co-Channel Signals Using Cyclic Cross-Spectral Functions","Nan Xia, Runlin Xiang, Baohui Xing, Danyang Gao，IEEE Communications Letters，2024，Vol. 28, No. 2，pp. 303–307（DOI: 10.1109/LCOMM.2023.3347620；2023-11-09 投稿，2023-12-16 录用，2023-12-26 在线，2024-02-13 定稿；作者单位：大连工业大学信息科学与工程学院）","针对同频（co-channel）多源在时域与频域完全重叠、致使常规两步 TDOA 方法相关峰模糊失效的问题，作者提出基于循环互谱函数的直接定位方法：先用参考接收机循环域幅度谱的直方图阈值判决同时估计同频信号个数与其循环频率，再按循环频率做""谱切片""分离各源构造加权循环互谱函数，最后用随机定位点加匹配函数做粗估计、再以迭代采样（重采样＋搜索范围递减）精化位置；仿真与校园外场实测中，定位精度优于两步法及三种已有的直接定位方法 [11][12][13]。","J 个共信道（同中心频率、不同位置、不同符号速率）的发射源，被 M 个分布式接收机同步采集。发射源为静止目标（论文未讨论运动），应用背景为无线电监测中的被动定位。论文明确的关键约束为三条：信号之间相互独立、信号与噪声独立、同频信号具有""相同的中心频率但不同的位置与符号速率""（§II 左栏末段）。所有接收机同步采集后把时间序列数据传到数据处理中心集中处理（§IV 首段），即集中式而非分布式处理；参考接收机取接收信号强度最强的那一个。","每接收机为标量（式(1) r_m(t) = Σ_{j=1}^{J} a_{j,m} s_j(t − τ_{j,m}) + v_m(t)，无阵列流型，等价于每站单天线）。a_{j,m} 为第 m 个接收机与第 j 个源之间的信道系数（复标量，与频率无关）；τ_{j,m} 为相对时延，由式(2) τ_{j,m} = (f_s/c)(||x_j − y_m|| − ||x_j − y_1||) 给出，y_1 为参考接收机且 τ_{1,1} = 0；v_m(t) 为加性高斯白噪声，零均值、方差 σ²。观测域：先做循环互谱（式(3)，频域索引 k，循环频率 α），再在循环域切片上构造匹配函数；不确定的未知量为源波形、信道系数 a_{j,m}、源数 J、循环频率 α_j、噪声方差。快拍/分段数：论文用""采样点数 K""表征数据量，仿真中最优取 K = 4000（Table I），采样率 f_s = 3 MHz。式(3) 中的 K 被明确为 the total number of samples。","需另定阈值后处理取峰（论文确实估计源数，但依赖人工设定的阈值与直方图分箱）。依据：1) §III-A 用参考接收机（仅第 1 个接收机）的循环域幅度谱 F(α) = (1/K)Σ_{k=0}^{K−1}|R_1^α(k)|（式(5)）；2) 阈值由直方图给出——把幅度谱归一化、按 Δh 分区间、算经验概率（式(6)），取噪声最多的区间 h_{i'}，令 T_h = h_{i'} + 2Δh（§III-A 右栏）；仿真中固定取 Δh = 0.05、T_h = 0.25（§IV）；3) 判决式(7)：α̂_j = α_j 若 F(α_j) > T_h，否则为 0，据此""estimate the number of co-channel signals and their corresponding cyclic frequencies""；4) 源数估计没有独立的准确率评价——论文只报告位置 RMSE，未给出 K 估计的检测率/虚警率或 K 估计错误对定位的影响。注意：J 在式(1)(3)(7) 与式(14) 的求和中均作为上界出现，即估计出的源数是后续所有环节的输入。","三步，全部围绕""循环域谱切片""展开。
1) 粗估计（§III-A，式(5)–(11)）。利用循环平稳性：高斯噪声在非零循环频率处循环谱近似为零（V_m^α ≈ 0），因此式(3) 在 α = α_j 处退化为单源形式式(4) R_m^α(k) = a_{j,m}S_j^α(k)exp{−i2π(k/K + α/2)τ_{j,m}}，即""循环频率切片""天然把同频源分离。用参考接收机的循环域幅度谱直方图定阈值 T_h 后由式(7) 同时判出源数 J 与各自的循环频率 α̂_j。再构造加权循环互谱函数式(8)：H_{j,m}(k) = R_1^{α̂_j}(k)[R_m^{α̂_j}(k)]*/|R_1^{α̂_j}(k)|²，其解析结果恰为 (a_{j,1}a*_{j,m}/|a_{j,1}|²)exp{i2π(k/K + α̂_j/2)τ_{j,m}}，即把目标源的时延信息保留、把无关项约掉。随后在给定区域内撒 N 个随机定位点 x^n，按式(2) 算对应候选时延 τ^n，用匹配函数 exp{−i2π(k/K + α̂_j/2)τ^n} 与 H_{j,m}(k) 相乘求和得式(9)：H_m^n = (a_{j,1}a*_{j,m}/|a_{j,1}|²)δ(τ^n − τ_{j,m})，即当且仅当候选点与真实位置一致时匹配函数取最大。跨接收机用连乘式(10) H^n = Π_{m=1}^{M}|H_m^n| 构造联合谱函数，位置估计取式(11) x̂_j = argmax_{x^n}(H^n)。
2) 迭代采样精化（§III-B，式(12)(13)）。以粗估计位置为初值，按式(12) 在上一步估计位置附近生成新的随机定位点 x_{j,l}^n = x̂_{j,l−1} + ω_{j,l−1}u^n（u^n 为零均值正态扰动），按式(13) 让搜索半径 ω_{j,l} 随相邻两次估计的距离差按比例收缩（ω_{j,0} 为初值）。误差 ||x̂_{j,l} − x̂_{j,l−1}|| < ε 时停止，否则 l ← l+1 回到式(8)。
3) 与已有方法的主要差异：不需要先估计 TDOA 再解算（一步直接定位）；不需要信号波形先验；用循环频率而非载频或功率把同频源分开；式(10) 的跨接收机连乘是可分辨性的关键——只有在所有接收机上候选点都匹配时联合谱函数才取大值。","条件适用；输入信息层级：原始混合 IQ（各接收机标量时域采样，论文在循环域自行提取统计量，不需要外部时延/DOA/量测输入）。触发该判定的具体条件（满足则适用，不满足则失效）：a) 各源必须在**循环频率**上可分——论文明确研究对象为""same center frequency but different positions and symbol rates""，仿真用两个 BPSK 基带信号、循环频率 α_1 = 1 MHz 与 α_2 = 0.8 MHz（即符号速率不同），并把循环频率差随机生成在 (0.2α_1, 0.5α_1) 区间内以保证可分；b) 源信号必须是循环平稳的且在该循环频率上有非零循环谱；c) 噪声在 α_j 处的循环谱近似为零（论文以 V_m^α ≈ 0 为前提）；d) 源之间独立、信号与噪声独立（§II）。失效条件：若多源符号速率相同（循环频率相同）或信号非循环平稳，则循环域切片无法分离，方法退化/失效——论文自己指出""When the cyclic frequencies of signals are close to each other, as the number of transmitters increases, the mutual influence in the cyclic frequency domain becomes larger, resulting in reduced positioning accuracy""。另注：论文对""相同频带内混叠""的表述是""completely overlap in both time and frequency domains""，但这里""frequency domain""指的是**频谱域（载频/带宽）**，不是循环域；论文并未处理频谱占用本身的分割问题。","数据来源：仿真 + 校园外场实测（§IV-A 仿真、§IV-B Outdoor Experiment 实测）。仿真几何：监测区域面积 36 km²，发射机与接收机均随机布放，参考接收机取接收信号强度最强者；接收机数 M 在 4/5/6 之间变化，源数 J 在 1–5 之间变化。信号：两个共信道 BPSK 基带信号，循环频率 α_1 = 1 MHz、α_2 = 0.8 MHz，采样率 f_s = 3 MHz；SIR = 10log10(P_1/P_2)，SNR = 10log10(P_1/σ²)；SNR 扫描范围 (−5 dB, 20 dB)，SIR 扫描范围 (−4 dB, 8 dB)。位置真值举例 x_1 = [−2149, −469.4]^T、x_2 = [2494, 1762]^T（Fig.2）。样本量/复杂度：Monte Carlo 500 次（式(14)）；位置点数 N = 200、采样点数 K = 4000 为最优配置（Table I）；迭代 4 次（Fig.2）、M ≥ 5 时 3 次即稳定（Fig.3(a)）；参数扫描：K = 2000/3000/4000/5000、N = 100/200/300/400、ε = 3/4/5/6、ω_{j,0} = 50/100/150/200；最终取 ε = 5、ω_{j,0} = 100、Δh = 0.05、T_h = 0.25。对比方法：two-step method（[8] 循环平稳 TDOA 估计 + [9] 迭代约束加权最小二乘定位）、DG method [11]（Ouyang 等）、DG method [12]（Xia 等，同组前作）、DG method [13]（Li 等）。评价指标：RMSE（式(14)）、最小/最大/平均定位误差（Table II）。外场实测：5 个接收机、2 个发射源，BPSK 信号循环频率 1 MHz 与 0.8 MHz，发射功率分别 30 W 与 20 W，中心频率 900 MHz，采样率 3 MHz，用 GPS 做时间同步；Fig.6 给出布站示意（图中标注的收发距离为 178 m、248 m、176 m、317 m、180 m、336 m、421 m、181 m）；共 50 次独立实验。","1) 参数敏感性（Table I，第305页，每项单变量扫描）：采样点数 K 由 2000 增至 5000，RMSE 从 57.6 m 降到 12.7 m（2000/3000/4000/5000 分别 57.6/34.5/13.6/12.7 m）；位置点数 N 从 100 增至 400，RMSE 从 27.6 m 降到 11.9 m（100/200/300/400 分别 27.6/13.2/12.4/11.9 m）；误差阈值 ε 从 3 增至 6，RMSE 从 10.9 m 变差到 25.6 m（3/4/5/6 分别 10.9/11.7/13.1/25.6 m）；初值 ω_{j,0} 从 50 增至 200，RMSE 从 28.3 m 降到 12.2 m。2) 单次定位（Fig.2，第306页，SIR = 0 dB、SNR = 5 dB）：真值 x_1 = [−2149, −469.4]^T、x_2 = [2494, 1762]^T，迭代 4 次后估计为 x̂_1 = [−2147; −467.7]、x̂_2 = [2504; 1762]，联合估计误差 15.8 m。3) 接收机数与源数的影响（Fig.3，第306页）：接收机数由 4 增至 6、源数由 2 增至 4 时 RMSE 递减；M ≥ 5 时 3 次迭代即可稳定。4) SNR/SIR 影响（Fig.4，第306页，J = 2、M = 5）：Fig.4(a) SIR = 0 dB 下随 SNR 提高定位精度改善；Fig.4(b) SNR = 5 dB、SIR = 0 时各方法误差最小；所提方法在整段范围内误差最小。5) 源数增加（Fig.5，第307页，SNR = 5 dB、M = 5、迭代 4 次、同频信号功率在 [0.6, 1] 内随机取值）：随同频信号数由 1 增至 5，各方法 RMSE 均上升，所提方法在全部数量下最低。论文对这一结果给出的机制解释是：循环频率差越大越易分离，循环频率接近时随发射机数量增加、循环域互影响增大、定位精度下降（§IV-A 第306页右栏）。6) 外场实测（Table II，第307页，50 次独立实验）：所提方法最小误差 11.2 m、最大 19.6 m、平均 15.3 m；two-step 方法 15.5/29.4/23.6 m；DG[11] 30.2/51.8/36.4 m；DG[12] 19.3/35.1/26.1 m；DG[13] 21.9/39.2/29.6 m。结果成立条件：全部实验都在""同频但循环频率不同""的前提下进行，且循环频率差被刻意保持在 (0.2α_1, 0.5α_1) 以上；论文未测试循环频率相近或相同的场景，也未测试源数估计错误时的表现，未测试非循环平稳信号，未给出 K 估计准确率指标。","论文未说明是否公开代码或数据。仿真参数给出较完整（区域面积、接收机/发射机随机布放、循环频率、采样率、SNR/SIR 定义与扫描范围、K/N/ε/ω_{j,0}/Δh/T_h 的取值与扫描过程、Monte Carlo 500 次），关键超参的选取过程（先定 N、再定 K 等）也有交代，具备仿真复现的基本条件；但随机布放的具体坐标、随机种子、σ² 与 P_1/P_2 的具体数值论文未说明（只给 SNR/SIR 的 dB 值）。外场实测部分只给出 Fig.6 的布站示意与距离标注，未说明原始数据是否公开、未给出接收机型号与硬件参数、未给出噪声与干扰环境的刻画，且实测只有 2 个源、源数固定，无法据此复现 K 估计环节。作者自评的局限：循环频率接近时随源数增加循环域互影响增大、定位精度下降（第306页右栏）；两步法在低 SNR 下时延估计不准导致定位精度下降（第306页右栏末段）。算法本身的收敛性、可分离极限、阈值 T_h 的自适应性问题论文未讨论。","第一层（作者结论，§V）：针对同频发射机提出直接定位方法，因信号循环频率不同，先提取谱切片，再用加权循环谱函数直接估计发射机位置，最后用迭代方法精化定位精度；仿真表明所提算法优于其他联合定位方法。第二层（实验实际支持的结论与条件）：在""同频但循环频率（符号速率）不同、循环频率差足够大、信号循环平稳、噪声在目标循环频率处无循环谱""这类条件下，用循环域谱切片确实能把多个同频源逐个分离并直接定位，5 接收机、2 源场景平均误差 15.3 m 是实测支持的结论；所提方法相对 two-step 与三种 DG 方法的优势在给定 SNR/SIR 范围与源数 1–5 内成立，且随源数增加优势保持。结论的适用条件与外推限制：论文的""同频""仅指载频与频带相同，其可分辨性来自**循环频率**差异而非频谱占用差异，因此不能外推到符号速率相同或信号非循环平稳的多源场景；源数估计虽有明确公式（式(7)）但无独立定量验证，K 估计的可靠性不能从本文结论推断；实测仅覆盖 2 源、5 接收机、3 MHz 采样率的单一配置。","1) 首次（就本文所引文献范围而言）把循环互谱函数用作同频多源直接定位的可分性工具：由式(3) 在 α = α_j 处退化为式(4) 这一性质，用""循环频率切片""在数学上把同频源分离开，绕开了两步法在干扰下的相关峰模糊。2) 用参考接收机的循环域幅度谱直方图（式(5)(6)）同时给出源数 J 与循环频率 α̂_j，即把""源数估计""与""可分辨维度的选择""合并成一步，这是与两步法和三种已有直接定位方法的实质差别。3) 提出式(8)(9)(10) 的加权循环互谱匹配结构：式(8) 把信道系数比 a_{j,1}a*_{j,m}/|a_{j,1}|² 显式约出，式(9) 用 δ(τ^n − τ_{j,m}) 把定位问题化为候选点匹配峰搜索，式(10) 用跨接收机连乘抑制单站伪峰。4) 给出迭代采样精化（式(12)(13)）与完整的仿真＋外场实测证据（Table I、Table II），实测平均 15.3 m 优于对比方法，是同类方法中少见的带有实测数据的验证。","1) 可分辨性对循环频率差高度敏感且被实验刻意保护：仿真中循环频率差固定在 (0.2α_1, 0.5α_1) 内随机取值、循环频率设为 1 MHz 与 0.8 MHz（相差 20%），论文没有测试循环频率差趋近于零（即符号速率相同或相近）时的性能，也没有给出可分辨的循环频率差下界；论文自己承认循环频率接近时循环域互影响增大（第306页右栏），这是可分辨性的真实边界而非边缘情形。2) 源数估计无独立验证：式(7) 的 T_h 判决给出源数，但论文只报告位置 RMSE，未给出源数估计的检测率/虚警率，也未考察源数估计错误如何传播到定位结果；且 T_h 的构造（式(6)）依赖直方图分箱参数 Δh（仿真固定 0.05）与""最噪区间""假设，鲁棒性未评估。3) 前提较强且未逐项验证：需要源信号循环平稳、源间独立、信号与噪声独立、噪声在 α_j 处循环谱近似为 0；论文未给出这些前提在实测环境下的检验结果，外场只报告了 2 源、50 次实验的误差统计。4) 观测模型简化：式(1) 只用单抽头复标量 a_{j,m} 描述信道（无多径、无频选），且定位精度与采样点数强耦合（K 从 2000 增到 4000 时 RMSE 从 57.6 m 改善到 13.6 m，说明方法在短数据下精度明显劣化），论文未讨论短观测下的性能边界。5) 按 §IV 首段的描述，接收机需把时间序列数据集中传到处理中心，属集中式处理，未处理通信受限场景。","这是一篇短小但切入点精准的工作，问题价值真实：同频干扰下的被动定位确实是无线电监测的痛点，而""同频但符号速率不同""这一情形在通信侦察中是常见且可用的可分辨维度。方法的合理性建立在扎实的数学性质上——式(3) 在 α = α_j 处退化为单源形式这一事实使循环域切片成为天然的空间分离器，式(8)(9)(10) 的加权互谱与跨站连乘结构也简洁自洽，且能解析地约去信道系数比。创新程度属中上：把循环平稳统计量用于**多源可分辨性判据与源数估计**（而不只是用于抗噪的时延估计），是与两步法 [8][9] 及三种 DG 方法 [11][12][13] 的实质区别。实验证据强度中上：仿真有 500 次 Monte Carlo 与 4 组参数扫描，并附有 5 站 2 源、50 次实验的外场实测，这在 IEEE Commun. Lett. 篇幅下较为充分；但全部实验共享同一个""循环频率差不小于 20% 载频分量""的保护条件，源数估计无独立验证，实测规模也很小。实际应用价值高：方法只需标量单通道接收、不依赖波形先验、不做 TDOA 中间估计，工程可落地性强。整体判断：方法在其设定条件下成立且有效，但""同频""二字容易给人""解决了同频混叠""的错觉——其可分辨性完全来自循环频率（符号速率）差异这一额外维度，一旦该维度不存在，方法的前提即崩塌。","(1) 是否已覆盖本项目想解决的问题？部分覆盖，是本项目""频谱辅助消歧／选频""这一威胁清单中**最需要认真对待**的一篇，但覆盖范围被严格限定。它确实在单天线多站、分布接收、波形未知的条件下同时做到了：估计源数 J、给出每个源的可分辨标量（循环频率 α̂_j）、并直接输出各源位置（式(7)(10)(11)），且不需要已知 K。但它没有覆盖本项目最关键的一环——""逐源占用频段""。R04 的可分辨量是**循环频率**（符号速率/BPSK 循环特征），不是频谱占用；它输出的不是""频率—源—位置""对应关系，而是""循环频率—源—位置""对应关系。同时它处理的是""频谱域完全重叠""而非""同一频带内各源占用不同子频段""，因此不构成""逐源占用频段""的替代。(2) 能否作为同条件基线？可以作为""公共选频／公共可分辨维度 + 传统求解器""一侧的候选基线，但适配条件苛刻：需要本项目四站观测中确实存在可用的循环频率差异（即各源符号速率不同且循环谱非零），且需要重新标定阈值 T_h 与分箱 Δh（论文的 0.25/0.05 是在其幅度归一化与 3 MHz 采样率下选的，与本项目 4096 点、未知采样率不可直接套用）；K = 4000 与本项目 4096 点量级接近，这一点反而便于在同数据长度下比较。若本项目数据中各源符号速率相同，R04 不能作为基线（该条件下方法失效，不能拿其精度作对照）。(3) 是否压缩创新空间？压缩两条弱命题：其一，""用频谱/统计域的差异帮助多源分辨""已被 R04 以循环频率的形式覆盖，本项目不能仅以""引入某个额外的可分辨维度""作为贡献；其二，""在单次观测中同时得到源数与各源位置、且不需要已知 K""这一组合已被 R04 实现（式(7) 给出源数，式(11) 给出位置），本项目若把""未知 K 直接处理""当作独立卖点会被 R04 直接顶住。不压缩本项目最核心的候选贡献：R04 的源数是""循环频率域中超过阈值的峰个数""，其正确性完全依赖 α 域的可分性，属于""需另定阈值后处理取峰""；本项目第三章要输出的是**源数 K 与逐源频带占用**的联合报告，其判据在频带维度而非循环维度，二者不是同一问题。(4) 可直接借鉴与必须避开：可借鉴——a) ""用循环互谱切片先分离、再逐源定位""这一流水线结构可以整体移植为""用频带切片先分离、再逐源定位""，R04 的式(8)(9)(10) 加权互谱＋跨站连乘＋候选点匹配三件套可直接用于本项目细 DPD 后端，代价是需把循环频率 α 替换为频带中心或频带权重；b) 式(8) 解析约去信道系数比 a_{j,1}a*_{j,m}/|a_{j,1}|² 的技巧，可用于消除本项目各站幅度增益差异而不必显式估计；c) 式(12)(13) 的""搜索半径随相邻估计距离比收缩""的迭代采样，是低复杂度精修手段，比梯度法更易嵌入本项目细网格搜索。必须避开——a) 不要采用""符号速率不同""作为可分性前提，本项目场景是未知波形、频带重叠，若把可分性寄托在循环频率上，一旦各源符号速率相同则整条链路失效，这正是 R04 未测试的场景（论文自认循环频率接近时性能下降）；b) 不要照搬其式(7) 的固定阈值 T_h = 0.25 与 Δh = 0.05，本项目需在频带维度上重新定义判据并给出阈值选取依据；c) 不要把 R04 的 15.3 m／13.6 m 精度直接当作本项目同条件对照精度——那是在循环域可分前提被刻意保障（循环频率相差 20%）、K = 4000、5 站、36 km² 区域下的结果，与本项目 401×401 细网格、小区域精定位的误差尺度不可比。","研究定位与""同中心频率不同符号速率""前提：§II 系统模型左栏首段与末段（第304页）；信号模型与相对时延定义：式(1)(2)（第304页）；循环互谱模型与噪声循环谱约零：式(3)(4) 与第304页右栏""the influence of Gaussian noise can be effectively suppressed""；源数与循环频率估计：§III-A 式(5)(6)(7) 及第305页左栏""By extracting these values α̂_j > 0, we can effectively estimate the number of co-channel signals""；阈值构造 T_h = h_{i'} + 2Δh：§III-A 末段（第305页左栏）；加权谱函数与匹配函数：式(8)(9)(10) 及式(11) 第305页左栏；迭代采样更新：§III-B 式(12)(13) 与停止准则（第305页右栏）；仿真设置（36 km²、随机布放、参考接收机取最强、BPSK、α_1 = 1 MHz、α_2 = 0.8 MHz、f_s = 3 MHz、SIR/SNR 定义）：§IV 第305页右栏；参数寻优过程与最终取值（K = 4000、N = 200、ε = 5、ω_{j,0} = 100、Δh = 0.05、T_h = 0.25）：§IV 第305页右栏末段与 Table I（第305页左栏）；单次定位结果 15.8 m 与真值坐标：Fig.2 与第306页左栏；接收机数/源数影响与 M ≥ 5 时 3 次迭代稳定：Fig.3(a)(b) 与第306页左栏；500 次 Monte Carlo 定义：式(14) 第306页右栏；循环频率差范围 (0.2α_1, 0.5α_1) 与""循环频率接近时互影响增大""：第306页右栏；SNR/SIR 对比与对 [11][12][13] 的失效机制说明：Fig.4(a)(b) 与第306页右栏末段；源数 1–5 的影响：Fig.5 与第307页左栏；外场实测配置（5 站 2 源、1 MHz/0.8 MHz、30 W/20 W、900 MHz 中心频率、3 MHz 采样、GPS 同步）：§IV-B 第307页左栏与 Fig.6；外场误差统计（11.2/19.6/15.3 m 等）：Table II 第307页；结论：§V 第307页右栏。"
"R05","Direct Position Determination for Multiple Signals Without Prior Knowledge of Source Number","Liu Q., Xie J., Zhang Z., Sun Y., Wang L.（第一作者 Qing Liu，西北工业大学），IEEE Wireless Communications Letters（WCL），2025，14(8)，pp. 2591–2595，DOI 10.1109/LWC.2025.3576170","作者针对分布式基站多源直接定位中子空间类方法依赖已知源数的问题，用各站在 N 个非零时延上估计的「空时相关矩阵」构造一组具有联合对角化结构的矩阵，推导出只依赖候选位置 p、与信道系数 β 和时延权重 φ 无关的代价函数 f(p) = 1/(M − λ_max(Ḡ^H(p)F^†Ḡ(p)))，再对区域做粗到细网格搜索并取谱峰；仿真中该方法在低 SNR 段 RMSE 低于 DPD-MVDR、DPD-MUSIC-KSN、DPD-MUSIC-USN，且在两源/四源场景下 3 倍 CRLB 意义下可分辨，而 DPD-MUSIC-USN 在四源时失效。","分布式基站被动定位，用于民用/军事监视。几何配置：L 个相距较远的基站，**每个基站配一副 M 阵元均匀线阵（ULA）**（仿真 L = 6，M = 7，阵元间距 λ/2，基站按六边形布置在 1000 m 半径上）；Q 个静止源，源数未知。其他关键约束：各基站在频率与时间上同步；各源到各基站的复信道系数 β_{l,q} 假定**非零**（式(1) 下方：「without loss of generality, these coefficients are assumed to be nonzero」）；各源信号**互不相关**但在**非零时延上时间相关**；噪声在时间上不相关。定位维度为二维平面。","每站是 M 阵元 ULA（不是单天线），观测为各阵元的下变频复包络。式(1)：x_l(t) = Σ_{q=1}^{Q} β_{l,q} a_{l,q} s_q(t) + n_l(t)，0 < t ≤ T；式(2)：a_{l,q} = [1, e^{−j2πd sin(θ_{l,q})/λ}, …, e^{−j2π(M−1)d sin(θ_{l,q})/λ}]^T，其中 θ_{l,q} 是第 q 源相对第 l 站的到达角（DOA），是未知位置 p_q 的函数；式(3)(4)(5)：把各站拼成 ā(p_q) = Λ(p_q)Jβ_q ∈ C^{LM×1}，Λ(p_q) = diag(a^T_{1,q}, …, a^T_{L,q})，J = I_L ⊗ 1_M，β_q = [β_{1,q}, …, β_{L,q}]^T。**注意模型中没有站间传播时延项**：位置只通过各站的 DOA θ_{l,q}(p) 进入模型。未知量：源位置 p_q、复信道系数 β_{l,q}（未知且非零）、源信号 s_q(t) 的波形与谱（只用其时间相关函数 r_q(τ_n)，式(12)）。噪声为加性白复高斯，均值 0、方差 σ²（式(1) 下方），且在 τ_n ≠ 0 时不相关（式(13)）。快拍/分段数：仿真用 256 个快拍（page 2594），时延数 N = 8（仿真，式(38) 下方与 page 2595 的 Fig. 5 显示 N 从 0 变到 15）。","未知K直接处理（但实现方式为「谱峰后处理取峰」，且论文未给出任何阈值或计数规则）。依据：摘要与 §I 明确「without requiring the prior knowledge of source number」，§III-B 末尾（page 2593）称「the proposed method eliminates the requirement for prior knowledge of source number during the localization process」；Algorithm 1 第 8 步的做法是「Detect the peaks and identify the grids associated with the local maxima of f(p_j)」——源数由谱峰个数隐含给出，**论文没有给出峰值判决阈值、也没有任何模型阶数估计或计数正确率的实验**。需要特别指出：式(16) 在推导时先写「η ⊥ span{ā(p_1), …, ā(p_{k−1}), ā(p_{k+1}), …, ā(p_Q)}」，即推导本身以「已知共有 Q 个源」为前提来构造对消除第 k 个之外所有源响应的向量 η；式(36) 的 RMSE 定义里求和项 Σ_{q=1}^{Q} 与式(37) 的两源分辨判据也都以真实源数已知为前提。","思路是「多时延空时相关矩阵的联合对角化 + 只含位置的代价函数 + 网格谱峰」。1) 构造统计量（§III-A）：定义空时相关矩阵 R_x(τ_n) = E{x(t)x^H(t−τ_n)}（式(10)）；由于各源互不相关，R_s(τ_n) = diag(r_1(τ_n), …, r_Q(τ_n))（式(11)）；由于噪声时间不相关，τ_n ≠ 0 时噪声项为 0（式(13)）；于是 R_x(τ_n) = ĀR_s(τ_n)Ā^H = Σ_q r_q(τ_n)ā(p_q)ā^H(p_q)（式(14)），且 span{R_x(τ_n)} = span{Ā} 与 n 无关（式(15)）——这是本方法区别于 MUSIC/MVDR 的关键结构：**不依赖 R_x(0)，而是用非零时延上的相关矩阵，使噪声被自然消去**。2) 构造只含位置的代价函数（§III-B）：取一个与除第 k 个源以外所有源响应正交的向量 η（式(16)），可证 R_x(τ_n)η = φ_n ā(p_k)（式(18)，φ_n = r_k(τ_n)ā^H(p_k)η，式(19)），即**当候选位置 p 与真实源位置一致时 R_x(τ_n)η 与 ā(p) 共线**。把 N 个时延的残差平方和最小化（式(21)），展开后用拉格朗日乘子对 η 求极值消去 η（式(25)(26)），再把 φ 与 β 合并为 b = φ ⊗ β（式(28)）得到二次型 J = μM − b^H H̄ b，H̄ = Ḡ^H(p)F^†Ḡ(p)（式(29)(30)）；由 Rayleigh 商，b^H H̄ b 的最大值就是 λ_max(H̄)（式(31)(32)），最终化成只依赖 p 的代价函数 f(p) = 1/(M − λ_max(Ḡ^H(p)F^†Ḡ(p)))（式(34)(35)），其中 F = Σ_n R_x^H(τ_n)R_x(τ_n)、Ḡ(p) = [R_x^H(τ_1)Λ(p)J, …, R_x^H(τ_N)Λ(p)J]。3) 估计：对感兴趣区域做二维网格搜索（作者采用「coarse-to-fine adaptive grid search」），取 f(p) 的局部极大值对应栅格作为源位置（Algorithm 1）。与已有方法的主要差异：MUSIC/MVDR 类 DPD 需要已知源数（或另用特征值分析估阶），而本方法的代价函数在形式上与 Q 无关并由谱峰个数给出源位置；同时用多时延相关矩阵替代单一时延的协方差，从而在低 SNR 下更稳。","需重推适配；输入信息层级：已提取的二阶统计量——各站在多个非零时延上由原始多通道 IQ 估计的空时相关矩阵 R̂_x(τ_n)（式(38)），位置信息则**隐含在各站 ULA 的 DOA 中**（式(2) 的 a_{l,q}(θ_{l,q}(p))）。触发该判定的具体条件：(a) 每站必须是 M ≥ 2 的阵元阵列；若 M = 1，则 a_{l,q} = [1]、Λ(p_q) = diag(1, …, 1)、ā(p) = Jβ 与位置 p 完全无关，代价函数丧失全部位置分辨能力——因此**该方法的观测接口与本项目「每站单天线」的配置不能兼容**；(b) 各源必须互不相关（式(11) 的对角结构），且必须在非零时延上有足够强的时间相关（r_q(τ_n) ≠ 0，§III-B 末尾提醒 τ_n 应取靠近原点且不能太大），否则式(18) 不成立或相关矩阵幅度过弱；(c) 各源到各站的信道系数必须非零，源必须被所有站接收；(d) 可分辨性依赖各站阵列 DOA 差异与站点几何（原文：唯一性由「the stations' geometry is configured to prevent ambiguities」保证），两源在同一站 DOA 相同或过近时不可分。在上述条件不满足（单天线站点、同频混叠且方向接近、短时观测导致多时延相关矩阵估计不可靠）时失效。","数据来源：全部为数值仿真（§IV，page 2594），无实测。几何：6 个基站位于 [1000, 0]、[500, 866]、[−500, 866]、[−1000, 0]、[−500, −866]、[500, −866] m，每站 7 阵元 ULA、阵元间距半波长；4 个源位于 [−200, 0]、[200, 0]、[0, 200]、[0, −200] m，发射互不相关的 BPSK 信号，符号率 2 Mbps，**中频分别为 30、50、70、80 MHz**（即四个源工作在互不相同的载频上），脉冲成形为根升余弦（滚降系数 0.5、跨度 4 个符号周期）；采样率 200 MHz，256 个快拍；DPD-ST 的时延数 N = 8。对比方法：DPD-MVDR [5]、DPD-MUSIC-KSN（源数精确已知的 MUSIC）[10]、DPD-MUSIC-USN（源数由特征值分析估计的 MUSIC）[11]，另有 SBL/BSBL 类方法的复杂度对照 [7][8]。评价指标：RMSE（式(36)，I = 2000 次 Monte Carlo，求和遍历 q = 1…Q）、以 3 倍 sqrt(CRLB) 为阈值定义的两源可分辨概率（式(37)，α = 3）、计算复杂度。实验分四组：两源（Fig. 1）与四源（Fig. 2）SNR = 0 dB 的空间谱；RMSE vs SNR（Fig. 3，SNR 从 −30 dB 到 10 dB 步进 5 dB，两源位于 [−200, 0] 与 [400, 0] m）；可分辨概率 vs 源间距（Fig. 4，第一源固定 [−200, 0]，第二源从 [−190, 0] 到 [100, 0] 变化，SNR = 0 dB）；RMSE vs 时延个数（Fig. 5，N 从 0 到 15，多档 SNR）；复杂度 vs 网格数（Fig. 6）。","1) 空间谱（Fig. 1、Fig. 2，page 2594，SNR = 0 dB）：两源案例下四种方法都能定位；四源案例下 DPD-MVDR、DPD-MUSIC-KSN、DPD-ST 都能给出四个峰，**DPD-MUSIC-USN 失效，无法分辨定位**（原文：「DPD-MUSIC-USN fails to resolve and localize the sources」）；作者另指出 DPD-MVDR 的峰波束较宽，在源间距较小的区域内无法分辨。2) RMSE vs SNR（Fig. 3，page 2594–2595）：四种方法的 RMSE 与 CRLB 都随 SNR 升高而下降，作者称 DPD-ST 在低 SNR 场景下优于其余三种，原因是它同时利用了空域与时域信息。3) 分辨率（Fig. 4，page 2595，SNR = 0 dB）：以 3√CRLB 为判据，DPD-ST 的可分辨概率曲线相对其余方法右移最少，即在更小源间距下仍可分辨（论文只给曲线，未给具体最小可分辨间距数值）。4) 时延个数（Fig. 5，page 2595）：在**高 SNR** 下增加时延个数能提升定位精度直至收敛；在**低 SNR** 下更小的时延更有利于抑制噪声，继续增加时延对精度提升有限。5) 复杂度：DPD-ST 约 O[NL²M²K + NL²M³ + L³M³ + J(2NL³M³ + N²L²M² + L³N³)]，高于 DPD-MUSIC-KSN/USN 的 O(L²M²K + L³M³ + LM log LM + JL²M²) 与 O(L²M²K + L³M³ + L²M² + LM log LM + JL²M²)，也高于 DPD-MVDR 的 O(L²M²K + L³M³ + JL²M²)（Fig. 6 显示 SBL 类方法最耗时，本文方法复杂度中等）。**结果成立的条件与未测试项**：全部结果建立在每站 7 阵元 ULA、六站几何、各源互不相关且工作在**互不相同的中频**、快拍 256、各源到各站信道系数非零的条件下；论文**没有任何源数估计正确率的实验**（没有给出「估计出的源数=真实源数」的统计），也没有单天线站点、同频同带源、相干源、运动源或实测数据的实验；RMSE 与分辨判据本身都假定真实源数已知。","论文未说明是否公开代码或数据（IEEE WCL 短文，正文未见代码/数据链接）。可复现性尚可：几何布局、阵元数、阵元间距、源坐标、BPSK 符号率与中频、根升余弦参数、采样率、快拍数、时延数、Monte Carlo 次数（I = 2000）、对比方法编号、评价指标公式均给出；未给出粗到细网格搜索的粗细层网格大小与切换准则、峰值检测的判决规则（这直接影响源数输出）、SBL/BSBL 复杂度对照中的迭代次数 I 取值、以及相关矩阵估计是否需要对角加载。作者自评局限仅出现在理论与仿真设定层面（τ_n 的取值需折中、低 SNR 下增加时延无益、复杂度高于子空间类方法），未给出明确的自评局限段落。","第一层（作者结论）：基于多个空时相关矩阵联合对角化结构的 DPD-ST 方法，可从空间谱中同时得到源位置与源数，无需源数先验；与 MUSIC 类和 MVDR 类 DPD 相比，高 SNR 下精度相当、低 SNR 下更优；通过引入联合空时特性获得更强的分辨能力；可作为多源定位的可行方案。第二层（实验能支持的结论）：在**每站 7 阵元 ULA、六站同步、源互不相关且各源在非零时延上有时间相关、各源到各站均有非零信道、源工作在互不相同的中频**这些条件下，用非零时延相关矩阵构造的代价函数 f(p)（式(35)）确实能在网格上给出与真实位置对应的峰，且在所设仿真中比 DPD-MUSIC-USN 更能分辨四源（Fig. 2）。**不能外推的部分**：(a) 论文没有给出「源数估计」的任何定量证据——没有计数正确率、没有判决阈值、没有源数变化的实验，因此「without prior knowledge of source number」在本文中只体现为「代价函数形式不显含 Q + 靠谱峰个数」，而不是一种可核查的盲计数方法；(b) 代价函数的推导（式(16)–(19)）本身以真实源集合为前提构造 η，故其「无源数先验」并不等于「无源数信息」；(c) 精度优势的结论建立在 DOA 型观测上，不能外推到单天线多站或依赖站间传播时延的观测；(d) 仿真中四源分处四个不同中频，方法在**同频同带多源**下的表现未被测试；(e) 复杂度高于 MUSIC/MVDR 类方法，且论文未给出实际运行时间。","1) 提出用**非零时延**上的空时相关矩阵族（式(10)–(15)）替代协方差矩阵来构造 DPD 代价函数：利用噪声时间不相关这一性质，使噪声项在 τ_n ≠ 0 时自动消失，从而在低 SNR 下比基于 R_x(0) 的 MUSIC/MVDR 类 DPD 更稳（Fig. 3、Fig. 5 支持）。2) 通过引入对消向量 η 与拉格朗日消元、再用 Rayleigh 商把代价函数化简为只依赖候选位置 p 的形式（式(26)–(35)），使 β 与 φ 作为冗余参数被自动消除——这一步是本方法在形式上不显含源数 Q 的直接原因。3) 给出了 6 站 × 7 阵元、4 源场景下与 DPD-MUSIC-USN 的分辨能力对照（Fig. 2），指出现有「未知源数」子空间方法在密集多源下会失效。4) 给出了复杂度与网格数的关系（Fig. 6）以及与 SBL/BSBL 类方法的复杂度对照。","1) 「未知源数」并未真正实现为盲计数：论文没有给出任何源数判决规则或阈值，Algorithm 1 第 8 步只是「取 f(p_j) 的局部极大值栅格」，源数由峰数隐含；更关键的是式(16) 的推导以已知真实源集合为前提构造 η，式(36) 的 RMSE 与式(37) 的分辨判据都按真实 Q 求和/判定，因此论文并没有验证自己估计出的源数是否正确，也没有源数估计误差对定位影响的实验。2) 观测接口要求每站多阵元阵列：位置信息全部来自各站 ULA 的 DOA θ_{l,q}(p)（式(2)），M = 1 时模型对位置完全失去敏感性；同时模型中没有站间传播时延项，因此其「空时」指的是源信号在非零时延上的时间相关性，而不是源到站的到达时延。3) 仿真中四个源的中频分别为 30、50、70、80 MHz，即源之间在频域上本来就是分开的；论文没有测试同频同带多源，也没有测试相干源（式(11) 的对角结构要求源互不相关）。4) 每站 7 阵元、6 站、256 快拍的配置远大于本项目的资源门槛；复杂度比 MUSIC/MVDR 类 DPD 高出一个量级（Fig. 6、page 2595），论文未报告实际运行时间。","这是一篇典型的「用一个更丰富的统计量（多时延空时相关矩阵）+ 一个更巧的代换代价函数」来绕开源数先验的短文，问题抓得准，数学推导干净，但证据链在关键处是断的。判断：问题价值高，方法推导合理，创新程度中等偏上（把联合对角化结构用于 DPD 并在形式上消除源数依赖是可辨识的推进），实验证据强度中等偏弱，实际应用价值受观测接口限制。依据：(i) 代价函数 f(p)（式(35)）只依赖位置、把 β 与 φ 作为冗余参数消去，这一步是实质贡献，因为它解释了「为什么不需要知道源数也能定位」；(ii) 用非零时延相关矩阵抑制噪声（式(13)(14)）在物理上是成立的，Fig. 3 与 Fig. 5 的低 SNR 优势与之自洽；(iii) 但论文对「源数」这一核心卖点没有任何定量验证：没有源数估计准确率、没有阈值规则、没有与 MDL 类方法的计数对比，唯一的证据是 Fig. 1/Fig. 2 中谱峰的个数看上去与真值一致，且这两张图 SNR = 0 dB、源间距很大（相邻源间距约 200–400 m，各站距离约 1000 m，角分离很可观），属于有利条件；(iv) 「未知源数」在数学上主要来自「将 Q 排除在参数之外」，属于回避而非估计，与真正意义上的盲计数（需要判决与虚警控制）有实质差距；(v) 四源仿真中源分处四个中频，说明实验并未触及同频多源这一最难情形，这削弱了「superior resolution」这一主张的适用范围。总体而言，该文的可借鉴点是「构造不含源数的位置代价函数」与「用时延维相关矩阵压噪」，可引用点不能用其精度数值作为同条件基线。","(1) 是否覆盖本项目问题：部分覆盖「未知 K 直接处理」这一条，但未覆盖本项目的核心。它不输出源数（无判决规则、无计数实验），不输出逐源频率占用，不处理同频混叠（仿真中四源分处 30/50/70/80 MHz 四个中频），也不处理单天线站点。(2) 能否作为同条件基线：不能。观测接口不可兼容是硬约束——本方法的位置响应 ā(p) 完全由各站 ULA 的转向矢量 a_{l,q}(θ_{l,q}(p)) 构成（式(2)–(6)），本项目每站单天线（相当于 M = 1）时 Λ(p) 退化为单位对角阵、ā(p) 与位置无关，代价函数 f(p) 变为常数，方法彻底失效。任何适配都需要把位置响应换成基于站间传播时延（TDOA）或频率域响应重新推导，属于需重推适配且推导链（特别是式(16) 的正交对消与式(15) 的 span 不变性）都会改变，因此其 RMSE 与分辨数值不能作为本项目基线。(3) 是否压缩本研究创新空间：压缩一条，且必须正面回应。它构成「不以已知源数 K 为输入即可完成多源 DPD」的**先例**：代价函数被构造成形式上不含 Q（式(34)(35)），源数由谱峰隐含给出。这直接对应 briefing 中「未知 K 直接处理是否已有先例」这一威胁项。但压缩是有限的，理由有二：其一，论文未把源数作为输出量验证，没有计数指标；其二，其可辨识性来自各站阵列 DOA 的空间差异与站点几何，而不是来自频率维或波形结构，与本项目「在短混合观测下靠频率—源对应关系恢复 K」的路线不同源。此外，它的「低 SNR 优于 MUSIC/MVDR」也不能用来论证本项目「逐源频率权重」的必要性——它靠的是时间相关统计而非选频。(4) 可直接借鉴与必须避开：可借鉴 (a) 用**非零时延/非零滞后的二阶统计量**抑制白噪声、并让噪声项在推导中自动消失这一机制（式(13)–(15)），若本项目在细 DPD 阶段需要在低 SNR 下稳定空间谱，这是一个与本项目「逐频点相位/相关结构」互补的备选统计量；(b) 「把冗余参数（信道、源功率）通过 Rayleigh 商或拉格朗日消元剥离出去，使最终代价函数只含位置」的推导范式，可用来设计本项目细 DPD 的损失或代价函数，避免网络/求解器被信道与功率变化干扰；(c) 用 3√CRLB 作为两源可分辨概率阈值（式(37)，α = 3）的评测口径，可直接用于本项目第四章多源分辨实验的判定标准设计。必须避开：(i) 不要把「代价函数不显含 Q + 谱峰个数」当成盲计数——没有判决阈值与虚警控制，源数不可核查；(ii) 不要沿用「各源到各站信道系数非零」与「源互不相关」的假设，本项目短时混叠下源可能相关或不完全可分；(iii) 不要为其「M = 1 也适用」的直觉留空间，该模型在单天线站点下退化为零信息。","摘要与「无需源数先验」的主张：page 2591 Abstract 与 §I 末段；DOA 型位置响应与信道非零假设：§II 式(1)–(2) 及式(1) 下方说明（page 2591–2592）；空时响应 ā(p_q) = Λ(p_q)Jβ_q 与式(3)–(9)：page 2592；空时相关矩阵构造与噪声时延不相关：§III-A 式(10)–(15)（page 2592）；正交对消条件与式(16)–(19)：§III-B（page 2592）；代价函数推导与式(20)–(35)：page 2593；Algorithm 1（含第 8 步峰值检测）：page 2593；「evaluates the source positions without requiring their number to be known in advance」与唯一性由站点几何保证：page 2593；仿真参数（6 站、7 阵元、4 源、BPSK 2 Mbps、中频 30/50/70/80 MHz、200 MHz 采样、256 快拍、N = 8）：§IV 第 1 段（page 2594）；RMSE 式(36)、两源分辨判据式(37)、相关矩阵估计式(38)：page 2594；Fig. 1（两源谱）与 Fig. 2（四源谱，DPD-MUSIC-USN 失效）：page 2594；Fig. 3（RMSE vs SNR）与 SNR 范围 −30…10 dB：page 2594–2595；Fig. 4（可分辨概率 vs 源间距）与 Fig. 5（RMSE vs 时延个数）：page 2595；复杂度对照与 Fig. 6：§IV 第 5 小节（page 2595）；结论：§V（page 2595）。"
"R06","Direct position determination based on rotating single-baseline interferometer for multiple time–frequency aliased sources","Yuan Zhang, Guizhou Wu（通讯作者）, Fucheng Guo, Zihan Yao, Min Zhang；Chinese Journal of Aeronautics（CJA，Elsevier 出版，中国航空学会与北京航空航天大学主办），2026，39(2)，文章号 103767，共13页（印刷页码 1–13；2024-11-30 收稿，2025-07-07 录用，2025-08-20 在线，CC BY-NC-ND 开放获取）","针对旋转单基线干涉仪（Rotating Single-Baseline Interferometer, RSBI）在多个源同时工作在相同时频域（time–frequency aliased）时传统 AOA-DPD 失效、而增装天线阵在在用设备上不可行的问题，作者提出 RO-DPD（Relative Offset-based DPD）：把基线旋转在各截获区间上合成为虚拟均匀圆阵（UCA），定义""相对偏移""（信号互功率谱与自功率谱之比）作为中间变量以消去未知发射信号，再把虚拟 UCA 映射为虚拟均匀线阵（VULA）并用前后向空间平滑 MUSIC 构造代价函数；仿真中该方法在单源场景与已有方法精度相当，在 3 个时频混叠源场景下能同时定位全部源，而传统 DPD 与 PD-DPD 的代价谱不出现峰、完全失效。","Q 个窄带远场发射源位于 p_q=[x_q,y_q,z_q]^T（q=1,…,Q）；单个观测站（moving observatory）携带 RSBI——一条由天线 A、B 组成、长度 d 的基线，绕天线 A 逆时针旋转，旋转平面取在 xy 平面（第3页 §2 与 Fig.1(b)）。观测站沿轨迹运动，把观测过程分成 L 个截获批次（batch）；每个批次内干涉仪完成一整周旋转，沿途在 M 个旋转角 θ_m（m=1,…,M）上截获 M 段短信号（第3页，Fig.1(a)）。关键前提：源在远场、沿视距（LOS）传播、到达观测站的波前平行；发射信号为窄带、功率集中在中心频率附近；源与观测站在单个批次 T 内近似静止（运动相对旋转可忽略，观测站位置在批次内视为常数 u_l）。论文明确假定各源发射信号""相互时频混叠，某些情况下甚至相干""（第4页假设 A4），这正是其核心难点；并明确把""已知源数 Q""作为前提（假设 A3）。仰角信息已知时可加入等 z 约束（式(44)）。","单基线双天线（天线 A 为坐标原点、天线 B 距基线长 d），观测域为分段接收信号经功率谱/互功率谱处理后的统计量，不是阵列协方差矩阵。第 m 个区间第 k 个快拍的信号模型为式(3)：x_m^l(k)=Σ_q z_{m,q}^l a^l(θ_m,p_q)s_{m,q}^l(k)+w_m^l(k)，其中 z_{m,q}^l 为第 q 源到观测站的未知复衰减标量（T 很短故在 m=1…M 内视为常数 z_q^l），a^l(θ_m,p_q) 为双天线阵列响应，s_{m,q}^l(k) 为第 q 源的未知发射信号，w_m^l(k) 为加性噪声。阵列响应：式(5) 给出波数项 k_l(p_q)=(2π/λ_q)·(p_q−u_l)/‖p_q−u_l‖（λ_q 为第 q 源波长）；式(6) 给出双天线响应 a_m^l(p_q)=[1, e^{jk_m^l(p_q)}]^T；式(7) 给出旋转后的天线位置 e_m=Θ(θ_m)e_0，e_0=[d,0,0]^T，Θ(θ_m) 为式(2) 的旋转矩阵。写成矩阵形式为式(8)–(10)：x_m^l(k)=A_m^l s_m^l(k)+w_m^l(k)，A_m^l=[a_m^l(p_1),…,a_m^l(p_Q)]，s_m^l(k)=[z_1^l s_{m,1}^l(k),…,z_Q^l s_{m,Q}^l(k)]^T。未知量包括：源位置 p_q、各批次各源的复增益 z_q^l、以及全部发射信号 s_{m,q}^l(k)（波形完全未知）。噪声假设见 A2：E[w]=0、E[ww^H]=σ_n I、E[ww^T]=0，白高斯（第4页）。快拍数：每段采样 K=f_s T_b 个快拍，仿真中每段采样点数 N=240、f_s=24 MHz、中频 f_0=5 MHz（第9–10页 §5）。","已知K（源数由外部提供，论文明确回避该问题）。第4页假设 A3 原文：""The number of sources Q is provided. The methods for estimating Q are well-documented. In this paper, this issue is not addressed.""。Q 在式(9) 的响应矩阵 A_m^l=[a_m^l(p_1),…,a_m^l(p_Q)]、式(16) 的虚拟响应矩阵维度 M×Q、式(34) 的噪声子空间维数（L_2−Q 个最小特征值）以及式(37) 的 MUSIC 代价函数中直接使用；FBSS 的可分辨源数上限也被明确给出为 2M′/3（Remark 2，第7页）。论文未讨论 Q 未知、Q 过估/欠估或源数估计误差的影响。","全部思路建立在""用已知的、受控的基线旋转把单基线在时间上的观测合成出空间孔径""这一机制上，共四个环节。(1) 旋转合成虚拟 UCA（第3页 §2、第7页 §3.4、Fig.5）：一个批次内干涉仪在 M 个旋转角 θ_m 上截获信号，等价于在半径 d/2 的圆周上布放了 M 个虚拟天线，从而得到一个虚拟 UCA 的接收数据。(2) 定义相对偏移 RO 以消去未知发射信号（§3.3，第5–6页）。这是全文最关键的机制：取信号在中心频率 ω_c=2πf_c 处的互功率谱与自功率谱之比 y_m^l=Y_{2,m}^l(jω_c)Y_{1,m}^{l*}(jω_c)/[Y_{2,m}^l(jω_c)Y_{1,m}^{l*}(jω_c)]（式(20)）；由于两天线接收功率谱的幅度相等（式(19) 后文字与式(23)），该比值在数学上等价于 Y_{2,m}^l/Y_{1,m}^l，即两根天线的谱之比。利用功率谱的交叉相关定理（式(21)(22)）并引入""不同源的初始相对偏移在 f_c 处近似不变""的近似 S_{m,q}^l(jω_c)=z_q^l S_{m,1}^l(jω_c)（式(23)），未知的发射功率谱被完全约掉，式(20) 化为式(24)：y_m^l=[Σ_q e^{jk_l(p_q)}z_q^l]/[Σ_q z_q^l]+w_m；进一步写成式(25)：y^l=A^l·α^l+w^l，其中 A^l=[ã^l(p_1),…,ã^l(p_Q)]、ã^l(p_q)=[e^{j·1·k_l(p_q)},…,e^{jM·k_l(p_q)}]^T，α^l=[z_1^l,…,z_Q^l]^T。这一步把""未知信号 × 未知信道""的问题转化为""未知信号 × 已知结构流型""的问题，作者自评其作用是""降低了定位方程的秩要求""（第10页：""the RO model can simplify the unknown signals information in deducing the localization equations, so the rank of equations is bigger than unknown variables""）。(3) 虚拟 UCA → 虚拟 ULA（§3.4，第7页）：利用虚拟 UCA 的结构，用 J=diag{j^n J_n(β)}（n=−h,…,h，β=ω_c d/c，J_n 为一阶贝塞尔函数，式(29)）与子矩阵 T（式(30)）把式(25) 变换为虚拟均匀线阵（VULA，M′=2h+1 个等效阵元）形式 ỹ^l=(1/M)J^{−1}T ỹ^l=Ã^l·α^l+w̃^l（式(27)），其响应 ã^l(p) 具有 Vandermonde 结构（式(31)），从而可以用空间平滑去相干。(4) 前后向空间平滑（FBSS）MUSIC（第7页）：把 VULA 分成 L_1 个重叠子阵、每个子阵 L_2=M′−L_1+1 个阵元（Fig.6），求前向空间平滑协方差（式(32)(33)）、后向（式(34)(35)）与前后向平均 R_{fb}^l=½(R_f^l+R_b^l)（式(36)），最后用式(37) 的 MUSIC 代价 p̂=arg min_p Σ_l ā^{lT}(p)U_N^l U_N^{l*}ā^{l*}(p) 搜索 Q 个最低峰（U_N^l 为 L_2−Q 个最小特征值对应的噪声子空间）。与已有方法的主要差异：传统 RSBI 的 DPD 基于 AOA/单基线相位差，其协方差矩阵（式(11)）在 Q 个时频混叠源下秩不足（Remark 1 明确""传统 DPD 理论上只能定位单源，不适用于多时频混叠源""）；已有工作（如 UCA-DPD、PD-DPD）依赖物理多天线阵，要求天线数多于源数；本文不改硬件，靠""旋转 + 相对偏移 + 虚拟阵列 + 空间平滑""取得同等能力。作者另给出 CRLB（§4.1，式(38)–(47)，含用拉格朗日乘子法处理仰角约束的 C_{p|h}=C_p−ΔC）与计算复杂度对比表（Table 1，第9页）。","需重推适配；输入信息层级：原始混合 IQ（双天线在多个旋转角、多个批次的采样，直接在信号层处理，属 DPD 类），但本项目的静止短观测无法提供其最关键的一维信息。决定性条件：(a) 已知且受控的旋转运动是方法成立的前提，不是可选增强。第3页 §2 与 Fig.1(b) 把旋转角 θ_m 当作""由移动观测站控制的已知参数""（""θ_m is a known parameter controlled by the moving observatory""）；§3.1（第4页）进一步说明单基线的一个批次只能给出带相位模糊的""位置线簇""，需要后续批次因位置变化产生的位置线平移与交会才能解模糊（Fig.3(a)(b)(c) 与""at least three batches""的论述）；第5页还强调若各批次间 RSBI 的姿态差异太小会形成""ghost area""、显著降低精度，需要通过转弯机动或基线旋转来增大批次间差异。本项目四站静止、观测为 4096 点量级的单次短窗，既没有基线旋转，也没有批次间的姿态变化，因此其核心的虚拟 UCA 合成与解模糊机制完全不可用。(b) 单站双天线单基线 vs 四站单天线：几何可辨识结构完全不同，虚拟阵列由""旋转扫过的角度""合成，本项目没有任何可控运动量可以合成孔径。(c) 唯一可迁移的是""用互功率谱/自功率谱之比消去未知发射信号""这一步（式(20)–(25)），它不要求运动、只要求两个（或多个）通道在中心频率处同时观测到同一批源——本项目四站同步接收在原理上满足这一点，但需重新推导多站版本，并注意该比值要求各源在 f_c 处的初始相对偏移在观测期内近似不变（式(23)）、各源功率谱在批次内平稳（第6页）。失效条件：源数超过虚拟阵列可分辨上限 2M′/3（Remark 2）时失效；批次间姿态差异不足形成 ghost area 时显著退化；窄带与远场平行波前假设被破坏时（本项目时频混叠源的带宽占比、以及近场效应）需重新推导。","数据来源：全部为数值仿真（§5，第9–11页），无实测、无公开数据集。信号与系统：BPSK 通信信号；载频 f_c=1 GHz；带宽 B=1 MHz；采样率 f_s=24 MHz；中频 f_0=5 MHz；每段采样点数 N=240；基线长度 d=3λ_0/π（λ_0 为中心频率波长）；角速度 ω_c=60π rad/s（允许角速度做不规则变化）；观测站初始位置 u_1=[−400,0,1000]^T km、速度 v=[20,0,0]^T km/s；批次 L=40、每批截获区间 M=15。几何：单源场景 p=[100,200,0]^T km（Fig.7、Fig.9(a)）；三源时频混叠场景 p_1=[100,200,0]^T km、p_2=[−180,80,0]^T km、p_3=[150,−150,0]^T km（Fig.8、Fig.9(b)）。源被设在 z=0 平面（对应已知仰角约束）。Monte Carlo：1000 次。参数扫描：Fig.10 扫等效 ULA 参数 h（2→9），Fig.11 扫 UCA 阵元数 M（5→25），Fig.12 扫重叠子阵数 L_1（3→10），Fig.13 扫批次 L（10→60）；Figs.10–13 均在 SNR=5 dB、3 个混叠源条件下。对比方法（第9页列表）：RO-DPD（本文）、PD-DPD（基于单基线相位差 [11,14]，仅适用单源）、TD-DPD（基于 RSBI 的传统 DPD [11]）、UCA-DPD（用 M 个物理天线的实体 UCA 的 DPD [27]）、CRLB（传统 DPD 基于相位差的界）、RO-CRLB（本文基于 RO 的界）、UCA-CRLB（实体 UCA 的界）。评价指标：RMSE（km，对数坐标）与代价谱是否出现可分辨的峰。SNR 扫描范围 −20 至 15 dB（Fig.9）。","(1) 单源场景（Fig.7，第9页；Fig.9(a)，第11页；SNR=5 dB）：四种方法的代价谱都在真实位置出现峰值，说明 RO-DPD 可用于单源；随 SNR 从 −20 dB 升到 15 dB，各方法 RMSE 由 10^2–10^4 km 量级降至 10^{−1} km 量级（对数坐标图线读数）。作者指出单源场景下 UCA-DPD 与 RO-DPD 的精度""略低于""传统方法，原因是虚拟阵列带来的信息损失（第10页）。(2) 三源时频混叠场景（Fig.8，第10页）——本文最核心的证据：TD-DPD 与 PD-DPD 的代价谱""不出现任何峰""（图 8(a)(b) 呈平坦或合并的模糊形态），无法定位；UCA-DPD（图 8(c)）与 RO-DPD（图 8(d)）都出现三个清晰可辨的峰，与三个真实源位置对应。(3) 定量结果（Fig.9(b)，第11页）：三源场景下 TD-DPD 与 PD-DPD 的 RMSE 在全 SNR 范围内基本平坦地停在 10^2–10^3 km 量级（失效），UCA-DPD 与 RO-DPD 随 SNR 单调下降并逼近各自的 CRLB；高 SNR 处 RO-DPD 与 UCA-DPD 的 RMSE 均在 10^{−1} km 量级，作者明确说明""与拥有更多物理天线的 UCA-DPD 相比，RO-DPD 的精度相对较低""，原因是 UCA-DPD 的 M 个物理天线是同时接收、而 RSBI 是靠时间积累合成（第10页）。(4) 参数影响（Figs.10–13，第11页）：h 从 2 增到 9 时定位性能先升后降，最优约在 h=6（Fig.10）；M 增大时精度提高但改善逐渐饱和，作者建议按""复杂度—精度""折衷选取 M（Fig.11）；重叠子阵数 L_1 只要不取得过大就影响很小，但 L_1 过大（≈9–10，接近 M′）时 RMSE 急剧恶化到 10^2 km 以上（Fig.12）；批次数 L 增大时精度显著改善并在 L≈30 后趋于稳定，作者指出 RO-DPD 比 UCA-DPD 需要更多的时间积累（Fig.13）。未测试的情形：源数 Q>3、源与观测站在批次内明显运动、多径、实测数据、以及源不在已知平面（无仰角约束）时的表现；仿真中所有源间的关系是""时频混叠""，但论文未给出量化""混叠程度""（频差/相干系数）的敏感性实验。","论文未提供代码（致谢仅说明基金资助：国家自然科学基金 61901494、62101563）。仿真参数给得较完整：载频、带宽、采样率、中频、每段采样点数、基线长度、角速度、观测站初位置与速度、批次数、截获区间数、源位置、Monte Carlo 次数、参数扫描范围均在 §5 与各图题中给出，理论上可复现主要结论；CRLB 的推导给出了显式表达式（式(42)(43)）与约束处理方法（式(44)–(47)）。未给全的项：MUSIC 搜索网格的分辨率与搜索区域大小、参数扫描时其余参数的固定取值（例如 Fig.10 中 M 固定为 15、h 的选择准则只说""要结合 M 确定""）、FBSS 子阵长度选择的准则（只说 L_1 取决于混叠源数、且秩要大于 Q）、旋转角 θ_m 的具体分布（只说每批完成一周旋转、M 个角）、噪声功率与 SNR 的换算方式、随机数种子与软件环境。作者自评的局限（第12页 §6）：未列出明显的局限陈述，主要在前文说明 RO-DPD 精度低于 UCA-DPD、且需要更长的时间积累（Fig.13 讨论）。","第一层（作者结论，第12页 §6）：把旋转运动的时间积累系统性地转化为空间孔径（合成 UCA），配合相对偏移估计与虚拟 ULA，可以在只使用一条单基线的条件下同时定位多个时频混叠源；相比依赖物理天线的 UCA-DPD 与 ULA-DPD，该方法可避免在用设备的硬件改造，是复杂电磁环境下 RSBI 系统更便捷高效的方案。第二层（实验实际支持的结论）：(i) 在仿真设定（单站 RSBI、L=40、M=15、N=240、f_c=1 GHz、B=1 MHz、远场 LOS、源在 z=0 平面、Q=3）下，RO-DPD 的代价谱确实出现与真值对应的三个峰，而基于同一单基线的 TD-DPD/PD-DPD 不出现峰——这是""传统单基线 AOA-DPD 无法分辨时频混叠多源、而 RO 变换可以""的直接证据，且只在这一配置下被验证；(ii) RO-DPD 在高 SNR 下逼近自身的 CRLB（Fig.9(b)），说明在该仿真条件下其估计接近有效；(iii) 其精度低于用 M 个物理天线的 UCA-DPD，作者自己认可这一差距源于时间积累 vs 同时接收的信息差异；RO-DPD 还需要更多的批次积累（Fig.13）。外推限制：结论依赖""旋转角已知且受控、源远场窄带、源在已知平面、源数已知、批次内静止""等假设；论文未做 Q>3、宽带、多径、运动源或实测验证，因此""可避免硬件改造""这一工程价值目前只有仿真支持；CRLB 与渐近性分析均建立在式(23) 的""初始相对偏移在 f_c 处近似不变""近似之上，该近似的适用范围论文未量化。","1) 首次把 RSBI 的 DPD 从单源扩展到多时频混叠源（第2页贡献陈述(1) 与第10页 Fig.8 的实验证据），给出了一条""不需要增加物理天线""的路径，直接针对在用设备不能改硬件的工程约束。2) 提出""相对偏移（RO）""这一中间变量（式(20)，互功率谱/自功率谱之比），利用多源功率谱的交叉相关结构把未知发射信号解析地约掉，使原本秩不足（源数多于接收通道数）的位置方程变得可解（式(24)(25) 与第10页""the rank of equations is bigger than unknown variables""）。这是一个可与其他场景解耦复用的数学技巧。3) 完成""虚拟 UCA → 虚拟 ULA""的建模（式(27)–(31)，利用贝塞尔函数对角阵与 DFT 子矩阵把圆阵变换为具有 Vandermonde 结构的线阵），从而把成熟的 FBSS-MUSIC 去相干框架接到 RSBI 上，并给出可分辨源数上限 2M′/3 与自由度 2(2h+1)/3（Remark 2）。4) 给出含仰角约束的 CRLB 推导（式(38)–(47)）与计算复杂度对比（Table 1），并用仿真定量给出 h、M、L_1、L 四个参数的选取趋势（Figs.10–13），对工程参数选择有直接参考价值。","(1) 依赖已知且受控的旋转/机动，这是本项目与其他静止观测场景无法满足的条件：方法的虚拟阵列与解模糊能力都来自""批次内扫过 M 个旋转角 + 批次间姿态变化""（第3页、第5页 ghost area 论述、Fig.3），论文未讨论若运动参数未知或不可控（例如旋转角存在误差、角速度抖动）时性能如何退化，也未做旋转角误差的敏感性实验。(2) 前提假设较硬且未做敏感性验证：假设 A1（不同源的阵列响应线性无关）、A2（白高斯噪声）、A4（源间时频混叠甚至相干）全部按理想情形设定；式(23) 的""初始相对偏移在 f_c 近似不变""与小批量内功率谱平稳是 RO 能成立的关键，论文没有量化这些近似在多长时间/多大带宽下会破坏。窄带假设与远场平行波前假设也未做宽松化测试。(3) 实验规模有限：只做了 Q=1 与 Q=3、源都限制在 z=0 平面、只用 BPSK 信号的仿真，没有 Q 接近可分辨上限 2M′/3 的测试，没有源间距/相干度/带宽占比的扫描，也没有实测。(4) 与已有方法的比较不完全对等：PD-DPD 被作者明确说明""只适用于单源""（第9页列表(2)），但仍被放进三源场景的对比图中；同时缺少与其它 DPD 方法（如直接基于 TDOA/FDOA 或多站融合的 DPD）的对照，而 TD-DPD 与 PD-DPD 都源自同一 RSBI 框架（参考文献 [11][14][17]），可比性受限。此外精度上 RO-DPD 始终低于 UCA-DPD，作者未给出缩小该差距的改进方案。","这是一篇工程导向明确、机制设计巧妙但适用域很窄的工作。优点在于问题选择真实（在用 RSBI 设备不能加天线）、核心技巧（相对偏移消去未知发射信号）简洁有效、并且给出了从虚拟 UCA 到 VULA 的完整可实施链条与参数选取趋势；三源时频混叠场景下""传统 DPD 无峰、RO-DPD 三峰清晰""的对比（Fig.8）是很有说服力的定性证据，直接支撑了""不增加物理天线也能分辨混叠多源""的主张。局限同样明显：方法的全部能力都建立在""已知且受控的运动""这一免费资源上，而论文对该资源的误差敏感性、以及式(23) 近似与窄带/远场假设的适用边界都没有量化；实验只覆盖 Q=1 与 Q=3、平面源、单一信号体制的仿真，与 UCA-DPD 的对比还带有""时间积累 vs 同时接收""的固有不对等。创新程度判断：RO 这一变量本身是把""用功率谱比消掉未知信号""的常规思路（在通信与谱估计中并不少见）与阵列合成结合，其新意主要在组合与场景适配，而非提出新的统计推断原理；CRLB 推导与空间平滑部分基本沿用成熟工具。实际应用价值：对雷达/电子侦察中已装备单基线干涉仪的平台的升级有直接意义，且明确给出了 h、M、L_1、L 的工程折衷，属于""可落地但条件苛刻""的一类。","(1) 是否覆盖本项目问题：不覆盖，但在""多源时频混叠""这一点上与项目场景高度相关（假设 A4 明确写""different sources are time-frequency aliased with each other""，甚至允许相干）。它没有覆盖源数 K 的估计（假设 A3 明确回避）、没有覆盖逐源占用频段的划分、也没有覆盖频率—源—位置的对应关系；它只解决""给定源数 Q、在同一个频带内混叠的多个源，如何用一条旋转基线同时定出它们的位置""。因此它覆盖的是本项目四大输出中""多源位置""这一项，且是在完全不同的观测体制下。(2) 能否作为同条件基线：不能。它与本项目在信息层级上同属""原始信号层""（值得肯定），但缺少本项目不具备的旋转运动与批次结构，四站静止单次短观测无法构造其虚拟 UCA，也无法实现批次间姿态差异解模糊。若强行适配，需要放弃""虚拟阵列 + FBSS-MUSIC""整条链路，只保留 RO 变换用于消去未知波形，且必须把双天线单基线推广为多站版本并重新验证。因此只能作为""需重推适配""的思想来源，不能直接进基线表。(3) 是否压缩本研究的创新空间：基本不压缩。它证明了""时频混叠多源 + 未知发射波形""在特定观测体制（旋转单基线、多批次）下是可以被传统方法解出的，这提醒本项目在主张创新时必须明确限定观测条件——本项目与之的差别在于没有受控运动、没有多批次、只有单次短观测、且要求同时输出源数与频段归属；但论文没有触及""逐源定位权重相对公共选频的独立价值""这一候选贡献，也没有涉及任何学习式或选频式的机制。需要警惕的一点是：它给出了一个""通过构造新变量把未知波形消掉、从而让传统求解器恢复可解性""的先例，若本项目的论证只停留在""波形未知所以传统方法不可用""，容易被这一先例削弱；本项目的论证必须落在""单次静止短观测 + 未知 K + 需同时给出频段归属""这组更严的条件下。(4) 可直接借鉴与必须避开的机制：可直接借鉴 (a) RO 变量的构造思路——用互功率谱/自功率谱（或跨通道谱比）消去与源相关的公共未知波形因子，本项目在四站同步接收下可以发展""跨站谱比""版本，用于抑制未知波形与公共增益，从而让逐源频率特征更突显；需要注意其成立条件是""各源在中心频率处的初始相对偏移在观测期内近似不变""（式(23)），本项目短观测恰好更容易满足这一点，这是有利条件。(b) ""把时间维观测转化为空间维孔径""的思想本身——本项目虽无旋转，但可以用多站的空间分布替代，思路可类比（用站间几何差异替代旋转角差异）。(c) 参数选取的折衷意识（h、M、L_1、L 的 Fig.10–13 趋势）：本项目在设定子带数、空间谱网格与细化范围时面临同类折衷，其""过大反而变差""（Fig.10、Fig.12）的结论值得引以为戒。必须避开的陷阱：不要把""用已知运动合成虚拟阵列""当成通用手段而忽略运动信息的获取代价——本项目没有这一资源；不要忽视其解模糊需要至少三个批次（第4页 Fig.3 的论述），单次短观测只有一条""位置线簇""，本项目若使用基于方向或纯几何的模型必须显式处理这种固有模糊；也不要把本文的 RMSE 数值（10^{−1} km 量级）当作可与本项目比较的精度基准，因为两者的观测时长、运动条件与信息量完全不同。","标题、作者、关键词与摘要（RO-DPD、三步骤：虚拟 UCA 合成 / 相对偏移 / 虚拟 ULA + 空间平滑 MUSIC）见第1页；引言中""已有阵列方法要求天线数多于源数""""在用 RSBI 改硬件不可行""与主要工作 (A)–(E) 见第2页；贡献陈述 (1)(2)(3) 见第2页末–第3页首；信号模型与坐标系（批次 L、旋转角 θ_m、旋转矩阵 Θ(θ_m)）见第3页 §2 与式(1)(2)(3)、Fig.1；式(4)–(10) 与假设 A1–A4（含 A3 ""The number of sources Q is provided … this issue is not addressed""）见第4页；AOA-DPD 的传统代价（式(11)–(14)）与 Remark 1（传统 DPD 只适用单源）见第5页 §3.2；相位模糊与位置线簇、ghost area、至少三批次解模糊的论述见第4页 §3.1 与第5页 Fig.3、Fig.4；相对偏移定义式(20) 与推导式(21)–(26) 见第5页 §3.3 与第6页，其中式(23) 为 S_{m,q}^l(jω_c)=z_q^l S_{m,1}^l(jω_c) 近似、""未知发射功率谱被联合表示为 S_{m,q}^l""的说明见第6页；虚拟 UCA 合成见 Fig.5（第6页）；VULA 变换式(27)–(31) 与 FBSS-MUSIC 式(32)–(37)、Remark 2（可分辨源数 2M′/3、自由度 2(2h+1)/3）、Fig.6 见第7页 §3.4；CRLB 式(38)–(47) 见第8页 §4.1；复杂度分析文字与 Table 1 见第8页末–第9页；对比方法清单 (1)–(7) 与全部仿真参数（d=3λ_0/π、L=40、M=15、BPSK、f_c=1 GHz、B=1 MHz、f_s=24 MHz、f_0=5 MHz、N=240、1000 次 Monte Carlo、u_1=[−400,0,1000]^T km、v=[20,0,0]^T km/s、ω_c=60π rad/s）见第9–10页 §5 与 Fig.7；单源与三源位置取值、Fig.8 三源代价谱对比、""rank of equations is bigger than unknown variables""与""RO-DPD 精度低于 UCA-DPD""的判读见第10页；Fig.9(a)(b) 的 RMSE/CRLB 曲线见第11页；Fig.10–Fig.13 的参数扫描趋势（h 先升后降、M 饱和、L_1 影响小、L 改善后稳定）见第11页及其正文；§6 结论见第12页；参考文献 [1]–[31] 见第12–13页。"
"R07","TDOA-Based Direct Position Determination Method with Parametric Dictionary Learning","Wang Z., Wang D., Nie F., Zheng N.（通讯作者 Ding Wang），IEEE Sensors Journal（early access / accepted for publication 版本），2026，DOI 10.1109/JSEN.2026.3693237，卷期页码为 VOL. XX, NO. XX（尚未定卷期）","作者针对 TDOA 直接定位（DPD）中「网格失配（off-grid）误差」与「未知信道衰减」两类字典失配同时存在、且现有方法只单独纠一种误差的问题，把网格点偏移与衰减偏差统一写成字典偏移，构造一个由网格点集合 Π 与衰减系数 w 共同参数化的过完备字典，在稀疏贝叶斯学习（SBL）框架下用 EM 算法交替更新稀疏信号后验与字典参数（含一阶 Taylor 线性化与有界最小二乘求解），并推导了定位 CRB；仿真显示该法在 −5 dB 低 SNR 下相对 DPD-OG、DPD-CD 的 RMSE 分别降低约 20.4% 与 32.1%，高 SNR 下逼近 CRB。","二维平面内的被动无源定位。场景为 L 个已知位置的接收站（站位置 u_l=[x_l,y_l]^T），每站**单天线**（论文在 §I 明确指出单天线场景下只能依赖 TDOA，并把本文方法定位为「tailored for TDOA-based DPD single-antenna systems」，见 PDF 第 3 页贡献(1)）；待定位 N 个辐射源位置未知（p_n=[x_n,y_n]^T），源为窄带、静止；假设各站与源之间为视距（LOS）传播，通过 GPS 授时模块实现站间高精度钟同步。观测按第一站为参考站做 TDOA 处理。应用背景为需要把各站原始数据集中处理后定位的多目标无源定位（对比传统两步法中 DOA 需要多阵元多通道天线、FDOA 需要相对运动）。","每站单天线（标量观测）。时域时延模型为式(1) r_l(t)=Σ_n w_{l,n} s_n(t−τ_l(p_n))+n_l(t)，0≤t≤T，其中 w_{l,n} 为第 n 源到第 l 站的未知信道衰减复系数，s_n(t) 为第 n 源的未知波形，n_l(t) 为零均值复高斯白噪声，τ_l(p_n)=‖p_n−u_l‖/c。以第 1 站为参考站得式(2) Δτ_l(p_n)=τ_l(p_n)−τ_1(p_n)，式(3) 改写成相对参考站波形 s̃_n 的形式，再按 t=nT_s 采样得式(4)。对式(4) 做 DFT 得式(5) 的频域模型 r̄_{l,k}=Σ_n w_{l,n} s̄_{n,k} e^{jω_k Δτ_l(p_n)}+n̄_{l,k}，k=1,2,…,K（K 个频点）。式(6)(7) 把它写成向量形式 r̄_{l,k}=w̃_l^T Γ_{l,k} s̄_k+n̄_{l,k}，其中 w̃_l=[w_{l,1},…,w_{l,N}]^T、Γ_{l,k}=diag{e^{jω_kΔτ_l(p_1)},…}。式(8)(9) 把 L 个站堆叠为 r̄_k=Φ_k s_k+n̄_k，式(10)(11) 把目标区域离散为 Q 个网格点 Π={g_q} 后做稀疏扩展：Φ_k 的第 q 列对应网格点 g_q，s_k=[s̄_{1,k},…,s̄_{Q,k}]^T。关键结构：**s_k 是 Q×1 的逐网格点系数向量，S=[s_1,…,s_K] 是 Q×K 的矩阵，即模型对每个 (频点, 网格点) 组合都允许有独立幅度**；式(12) 进一步把字典写成 Φ_k(Π,w)，同时依赖网格点集合与衰减系数。未知量为：各源波形（由稀疏向量 s_k 承载）、信道衰减 w（每站每网格点一个复数，量级为 L×Q）、网格点偏差 θ_x,θ_y、衰减偏差 θ_w、超参数 α,β,λ、以及源位置与源数。输入层级是「各站原始采样序列（N_s 个采样点）经 DFT 后的多站频域观测 r̄_k」，不是已估时延。","已知K。硬性依据有三处：1) Algorithm 1（PDF 第 7 页）的 Input 行明确列出「number of target N」；2) Algorithm 1 的 Step 7（PDF 第 7–8 页）为「According to (55), calculate power estimation p^q_tar for every grid point g_q. The grid positions corresponding to the largest N values in Π are identified as the estimated target locations」，即直接取功率最大的前 N 个网格点作为源位置；3) Remark 2（PDF 第 8 页）的加速策略同样依赖 N：「only necessary to adjust the offsets θ_x, θ_y and θ_w corresponding to the grid points associated with the top N largest spectral peaks」，把式(44) 的优化维度从 2Q+1 降到 2N+1。此外式(46) p^q_tar=Σ_{k=1}^{K} μ_k^q 得到的功率谱本身只有「前 N 个」的定数选择，论文未给出任何门限、虚警率或源数估计器；式(64) 的 RMSE 定义也按 n=1..N 对真值源逐一配对，隐含已知源数与源—估计对应关系。论文正文与摘要均未讨论源数未知的情形。","总体思路：把「网格失配」与「信道衰减未知」两类模型误差统一建模为字典相对真实模型的偏移，在 SBL 框架下对稀疏信号与字典参数做联合优化，最后用频率维求和得到的位置功率谱取前 N 个峰。关键步骤与差异：(1) 用式(12) 把字典显式参数化为 Φ_k(Π,w)，把网格点坐标与衰减都作为待估字典参数（对比 DPD-CD 用固定字典、DPD-OG 只学网格偏移不学衰减，这是本文与两者的主要差异）。(2) 用式(14) 对字典做一阶 Taylor 线性化：Φ_k(Π^{(i+1)},w^{(i+1)}) ≈ Φ_{0,k}+Φ'_{x,k}diag{θ_x}+Φ'_{y,k}diag{θ_y}+Φ'_{w,k}diag{θ_w}，把非线性字典学习化为对偏移量 θ 的线性问题；式(15)(16) 用 Π^{(i+1)}=Π^{(i)}+θ_g、w^{(i+1)}=w^{(i)}+θ_w 迭代更新。(3) 层次先验：式(17)(18) 噪声模型（复高斯似然 + β 的 Gamma 先验）、式(20)(21) 稀疏信号模型（s_k 的零均值高斯 + α 的 Gamma 超先验，边缘化后得式(22) 的 Laplace 分布，从而促进稀疏）、式(23) 网格偏移 θ_x,θ_y 在 [−r/2,r/2] 上的均匀先验（r 为网格间隔）、式(24) θ_w 服从复高斯 CN(μ,γ^{−1})（对应视距下衰减只在未知系统偏置附近小幅波动）。(4) EM 求解：E 步按式(30)(31) 计算后验协方差 Σ_k=(βΦ_k^TΦ_k+Λ^{−1})^{−1} 与均值 μ_k=Σ_k βΦ_k^T r̄_k，式(32) 取 Ŝ=[μ_1,…,μ_K]；M 步按式(34) 更新 α_q^{new} 与 β^{new}，按式(35)(36) 把字典参数更新化为一个带箱式约束的有界线性最小二乘问题（目标含 θ_x^TP_xxθ_x 等二次项与一次项，P 与 v 的表达式见附录 C.4），再按式(37)–(45) 分坐标求偏导并做闭式/逐元素更新（P_xx 可逆时取式(38) 的整体解，否则逐元素解并做区间截断，见式(39)(40)(45) 的分支 C1–C4）。(5) 终止条件为式(48) 前后的残差能量相对变化 |p^{(i)}−p^{(i−1)}|/p^{(i−1)}<ε 或迭代次数 i>i_max。(6) 输出为式(46) 的 p^q_tar=Σ_{k=1}^{K} μ_k^q，取前 N 个。两个加速措施：Remark 1 用 Woodbury 恒等式把式(30) 的 Q×Q 求逆改写为式(47)(48)（Σ_k=Λ−ΛΦ_k^TΞ^{−1}Φ_kΛ，Ξ=β^{−1}I_L+Φ_kΛΦ_k^T），复杂度由 O(Q^3) 降至 O(L^3)；Remark 2 只更新前 N 个谱峰对应网格点的偏移，把优化维度由 2Q+1 降到 2N+1。","直接基线候选；输入信息层级：原始混合 IQ（各站单天线采样序列，经 DFT 后送入频域稀疏模型）。判定依据：论文的场景就是 L 个单天线站对多个源做 TDOA 直接定位，且观测是各站接收的原始时域信号（贡献(1) 称该方法为「tailored for TDOA-based DPD single-antenna systems」，仿真采样数仅 N_s=100）。失效/受限条件：(a) **必须已知源数 N**，源数未知时算法无法给出输出（这是本项目场景的第一个硬性缺口）；(b) 需要事先划分目标区域并把网格点集 Π_0 布置好，仿真中甚至按源簇分别设定 region 1 与 region 2 两个 1000 m×1000 m 区域，等于预设了各源所在的大致区域；(c) 式(5) 把时延处理为频域纯相移 e^{jω_kΔτ_l}，这一近似对窄带信号成立、对大时延/宽带信号会产生相位缠绕，论文明确假设源为窄带信号；(d) 需要站间高精度钟同步（GPS 授时）与视距传播；(e) 字典含 L×Q 个未知衰减系数（式(11) 的 w̃_l 长度为 Q），网格越密待估参数越多，Q 增大时复杂度 O(LQ²) 与运行时间迅速上升（Fig. 11），因此只在小区域上可行；(f) 论文假设源静止，未包含多普勒。","全部为仿真，无实测。几何与布置（PDF 第 9 页 §V 与 Fig. 3）：4 个静止接收站位于 u_1=[0,0]^T、u_2=[−3464,2000]^T、u_3=[3464,2000]^T、u_4=[0,−4000]^T m（**每站单天线**，呈近似菱形/十字形布站）；3 个辐射源位于 p_1=[539,1844]^T、p_2=[659,1256]^T、p_3=[−1356,−569]^T m，其中 target 1 与 target 2 相距很近（按坐标计算约 600 m），target 3 位于另一区域。源发射窄带信号。信道衰减真值举例给出：w_1=[0.88+0.39j, 0.70+0.21j, 0.79+0.29j, 0.57+0.08j]^T、w_2=[0.95+0.45j, 0.66+0.17j, 0.80+0.31j, 0.65+0.13j]^T、w_3=[0.93+0.42j, 0.75+0.26j, 0.61+0.11j, 0.72+0.24j]^T（每个长度为 4，对应 4 个站）。衰减初值设为 w_{l,q}=0.7+δ_{l,q}，δ 为零均值、方差 0.5 的复高斯。默认网格间隔 100 m、采样点数 N_s=100。搜索区域：region 1 为 (0,1000) m×(1000,2000) m，region 2 为 (−2000,−1000) m×(−1000,0) m（Fig. 4/5/6 用 region 1 展示）。Monte Carlo 次数 500。SNR 扫描 −10 dB 至 20 dB，步长 5 dB（§V-B，PDF 第 10 页）。网格间隔扫描 10/25/50/100/200/250 m，此时 SNR 固定 10 dB（§V-C，PDF 第 11 页）。扰动值（off-grid 偏移比）扫描 0 到 1，步长 0.2，SNR=10 dB（§V-D，PDF 第 12 页）。衰减不确定性扫描：改变信道衰减偏差标准差 σ，Fig. 13 横轴 0–0.07，SNR=10 dB（§V-E，PDF 第 12 页）。运行时间在 Intel i7-9750H CPU、MATLAB 2022b 上测得（PDF 第 11 页）。对比方法：Two step（两步法）、DPD-CD（相关域稀疏 DPD，参考文献[16]，固定字典）、DPD-OG（off-grid 稀疏贝叶斯 DPD，参考文献[20]，不含信道衰减学习），另有 CRB 作为下界。评价指标：式(64) 的 RMSE（单位 m）与运行时间（s）。论文未给出信号带宽的具体数值、未给出频点数 K 的取值、未给出 SNR 的具体定义式（如何由 σ² 与信号功率换算）、未给出噪声方差与衰减真值的完整清单。","1) 网格自适应有效（Fig. 4/5/6，PDF 第 10 页）：在 N_s=100、SNR=10 dB 下，DPD-PDL 会把初始网格点向真实目标方向移动（Fig. 5 用箭头标出移动），而 DPD-CD 只能把估计落在离真值最近的网格点上、DPD-OG 的偏移修正能力「limited due to unmodeled channel attenuation effects」。2) SNR 影响（Fig. 7，PDF 第 10 页）：全部算法 RMSE 随 SNR 升高下降并向 CRB 靠拢；DPD-CD 因固定 100 m 网格，其高 SNR 下的最小定位误差被网格分辨率限制在 61.02 m；DPD-PDL 因同时更新网格与衰减，在高 SNR 下可突破网格约束。3) 低 SNR 定量对比（PDF 第 10 页 §V-B）：在 SNR=−5 dB 时，DPD-PDL 的 RMSE 约 168.32 m，DPD-OG 为 211.49 m，DPD-CD 为 248.05 m，即相对两者分别降低约 20.4% 与 32.1%（摘要总结为「over 20%」）。4) CDF（Fig. 8，PDF 第 10 页）：SNR=−5 dB 时，所提方法在 80% 概率下定位误差在 160 m 以内、在 95% 以上概率下在 180 m 以内；Two step 最差。5) 运行时间（Fig. 9，PDF 第 11 页）：两步法最快（约 0.03 s 量级）且几乎不随 SNR 变化；DPD-CD 约 0.045–0.06 s；DPD-OG 与所提方法均约 0.09–0.115 s，所提方法略慢于 DPD-OG。6) 网格间隔影响（Fig. 10，PDF 第 11–12 页）：间隔由 250 m 降到 25 m 时各法精度提高，但进一步降到 10 m 时所提方法误差反而上升，作者归因于过密网格违反 CS 所需的非相干性假设（RIP）。7) off-grid 扰动影响（Fig. 12）：扰动值越大各法 RMSE 越大；DPD-CD 因只能取网格点而误差最大，所提方法最优。8) 衰减不确定性影响（Fig. 13）：σ 增大时所有方法 RMSE 上升，所提方法上升最缓。以上结果的成立条件：源数 N=3 已知、源静止、窄带、视距、站间已同步、衰减为复高斯小幅扰动；论文未测试源数未知/估计错误、源数更多、源在频带内相互重叠或重叠度变化、运动源、非视距、站间不同步、以及误差与源数或源间距离的系统关系（除「target 1 与 2 相距较近」这一布置外，未做分辨极限扫描）。","论文未给出代码或数据公开说明（未提及 code/data availability）。可复现性中等：站坐标、源坐标、衰减真值与初值分布、网格间隔、采样数 N_s=100、Monte Carlo 次数 500、SNR 范围与步长、各扫描变量取值、MATLAB 版本与 CPU 型号、终止准则（残差能量相对变化阈值 ε 与迭代上限 i_max 的形式）均给出；但仍缺关键项：超参数初值 α^{(0)}、β^{(0)} 的取值未给（只给 a=b=10^{−6}），λ、ε、i_max 的具体数值未给，噪声方差/SNR 的定义未给，频点数 K 未给，信号带宽未给，网格点总数 Q 未明确给出，式(38)(39)(40)(45) 各分支在实际仿真中的触发比例未给，误差与真值的配对方式未说明。作者自评局限仅一处（§VI，PDF 第 12 页）：一阶 Taylor 字典近似在粗网格条件下存在局限，未来将改进字典近似策略。此外论文存在内部编号不一致：Algorithm 1 的 Step 4 引用式(48)(49)(54)，而正文给出的 θ_x,θ_y,θ_w 更新规则为式(39)(40)(45)；正文式(52) 后提到「submatrices in (62)」、式(54) 提到「from (65)」，而附录 D 的对应式号为 (D.1)–(D.6)（该版本为 early access，编号可能尚未最终整理）。","第一层（作者结论）：在 TDOA-DPD 框架下把过完备字典矩阵写成网格点与衰减参数的函数，再用 SBL 做参数化字典学习与稀疏信号重构的联合优化，可同时校正 off-grid 误差与信道衰减误差；仿真表明该方法在低 SNR 下相对现有方法提升 20% 以上的定位精度，高 SNR 下逼近 CRB，且对衰减不确定性比对比方法更鲁棒；一阶 Taylor 字典近似在粗网格下有局限，是未来工作。第二层（实验实际能支持的结论）：实验支持的是「当源数 N、目标所在大致区域、以及网格点集 Π_0 都已给定，且信道为视距、场衰减为小幅复高斯扰动、源为窄带静止源时，同时学习网格偏移与逐站逐网格点的衰减系数，能比只学网格偏移（DPD-OG）或完全不学（DPD-CD）更接近真值」。以下外推不被支持：(a) 论文标题与摘要中的「DPD 方法」带有普适含义，但其算法以已知 N 为前提，不能外推到源数未知的多源场景；(b) 与「两步法」的比较只有一个未命名具体算法的 Two step 曲线，且未说明其参数估计方法与几何解算方式，比较的公平性无法核验；(c) 「over 20%」只在 SNR=−5 dB 这一个 SNR 点上有明确数值支撑，其余 SNR 点只给出曲线；(d) 「逼近 CRB」仅指 RMSE 曲线与 CRB 曲线接近，论文未给出效率性（efficiency）的定量指标（如 RMSE 与 CRB 的比值随 SNR/网格/扰动变化）；(e) 复杂度 O(LQ²) 与 Q² 的依赖意味着该方法只在小区间、粗网格上被验证（1000 m×1000 m 区域，默认 100 m 网格），不能外推到本项目 401×401 量级的细网格全区域搜索。","1) 把信道衰减偏差与网格点偏移统一纳入同一个「字典参数扰动」模型（式(12)(14)），使两类此前被分别处理、且被指出存在耦合的误差在同一 SBL 框架内联合估计；作者并明确指出现有方法（[17]–[21]）假设衰减为固定值、[22]–[24] 只把衰减当作附加参数而不联合校正网格误差，这一对比是本文差异性主张的核心。2) 给出了完整的闭式更新链：Σ_k 与 μ_k 的解析式（式(30)(31)）、α 与 β 的 EM 更新式（式(34)）、字典参数更新的有界最小二乘形式（式(36)）与分坐标闭式解（式(37)–(45)），使「参数化字典学习」成为可执行算法（Algorithm 1）而非仅概念。3) 推导了 TDOA-DPD 的定位 CRB（式(52)(58)(61)(63)），并给出位置参数 CRB 的块对角化简（用参数重组式(54) 使 CRB 矩阵块对角化），可作为同类方法的统一性能下界。4) 给出两个实用的工程量级结论：Woodbury 化简约简（O(Q^3)→O(L^3)，式(47)(48)）与只更新前 N 个谱峰对应网格点的降维策略（2Q+1→2N+1，Remark 2）——后者顺带说明该方法必须依赖已知 N。","1) 源数 N 是算法输入（Algorithm 1 的 Input、Step 7、Remark 2、式(64) 的 RMSE 定义四处均依赖 N），论文没有给出源数未知时的处理方案，也没有任何源数估计/误设实验；这使摘要中「DPD method」的表述与实际的已知源数前提不符。2) 多源之间的数据关联被隐含假设：式(64) 按 n=1..N 逐源配对计算 RMSE，但正文未说明是最近邻匹配还是理想匹配，也未报告匹配失败率；而作者在 §I 批评两步法的理由之一正是「data association challenges」，这一批评在自身评价环节被回避。3) 字典含 L×Q 个未知复衰减系数与 Q 个网格点坐标，参数规模随网格点 Q 线性增长，复杂度 O(LQ²) 随 Q 二次增长，仿真只在 1000 m×1000 m 区域、默认 100 m 网格（网格点量级 10²）上验证，未测试 Q 增大（例如 10 m 网格或更大区域）时的可扩展性与收敛性；Fig. 10/11 已显示 10 m 网格下精度反而退化。4) 分区搜索带额外先验：仿真把两个源簇分别放进预设的 region 1 与 region 2，等于已知各源的大致区域；论文未说明在无此先验时如何设定网格与区域。5) 论文未讨论源的频带重叠程度对可分性的影响：模型允许 S=[s_1,…,s_K] 的每个 (频点, 网格点) 元素独立（式(11) 的 s_k 是 Q×1），原则上可表达各源不同频带占用，但输出 p^q_tar=Σ_k μ_k^q 把所有频点求和后丢弃了频率归属，因此「哪一段频谱属于哪一个源」这一信息在输出层被抹掉，论文也未做任何频率—源对应关系的实验。","本文是本项目场景下最接近的传统基线之一：4 站单天线、TDOA-only、多源、窄带未知波形、观测样本很少（N_s=100），这些条件与本项目的观测接口几乎一致，因此必须认真对待。方法层面确有一个实质性组合创新——把「网格失配」与「未知信道衰减」写成同一字典的参数扰动并用 SBL 联合估计，这是对 DPD-CD（固定字典）与 DPD-OG（只学网格偏移）的真实差异，Fig. 6 的定位结果与 Fig. 13 的鲁棒性曲线为这一差异提供了直接证据，作者对前人工作缺口的陈述（[17]–[21] 假设衰减固定、[22]–[24] 不同时学网格误差）也有明确的文献指向。但证据强度受三处制约：一是**已知源数 N 是算法硬输入**，这与本项目的核心任务（同时恢复 K）正面冲突，也削弱了摘要中「DPD method」的普适口吻；二是多源关联与分区搜索两项先验在方法描述中被淡化，评价函数式(64) 需要源—估计配对却未见匹配策略；三是实验规模有限（3 源、2 个预设区域、默认 100 m 网格、Q 量级 10²），而算法复杂度随 Q 二次增长，因此在细网格全区域搜索场景下的可行性未被验证。创新程度评价为「中等偏上、工程组合型」：SBL、Laplace 先验、EM、Taylor 线性化均为成熟工具，贡献集中在建模方式（把两类误差并入同一字典参数）与一套可执行的闭式更新。实际应用价值在于为「信道衰减未知导致字典失配」这一常见工程问题提供了可落地的修正手段；但因其对已知 N 与小区域网格的依赖，尚不能直接用作本项目未知 K、细网格场景的成品求解器。","(1) 覆盖程度：R07 在**观测接口层面高度覆盖**本项目场景——4 站单天线、只依赖 TDOA、多源、窄带未知波形、短观测（N_s=100），并且它把「多频点」纳入模型（式(5) 的 k=1..K，式(46) 对频点求和）。但它在**任务层面不覆盖**本项目：它输出的是位置（前 N 个功率峰），不输出逐源占用频段，也不输出频率—源—位置的对应关系；虽然它的稀疏矩阵 S=[s_1,…,s_K] 是 Q×K 的、每个 (频点, 网格点) 元素独立（式(11)），结构上已含「逐网格点逐频点幅度」，但输出层用式(46) 把所有频点求和，主动丢弃了频率归属。它也没有源数估计能力。(2) 能否作为同条件基线：可以作为**条件适用**的直接基线，但必须适配三项：一是把已知 N 换成由本项目第三章预测的 K（或由谱峰阈值决定），否则无法运行；二是把搜索区域从预设的两个 1000 m×1000 m 小区间扩展为本项目的全区域细网格，而此时 O(LQ²) 复杂度与 L×Q 个衰减参数会成为硬瓶颈，需改用分区或分层策略；三是明确源—估计的关联规则（式(64) 隐含需要）。此外需统一 TDOA 定义（本文以第 1 站为参考站）与噪声/SNR 定义，才能做公平比较。(3) 是否压缩创新空间：压缩的是两条——第一条是「多频融合有用」：R07 已经把 K 个频点的观测一起用于位置功率谱（式(46) 对 k 求和），并在低 SNR 下给出 20%+ 的提升，因此「把多个频点一起用」本身不能作为本项目的创新点；第二条是「短观测下稀疏先验可处理多源」：R07 明确以「现有方法需要足够多样本、小样本下表现受限」（§I，PDF 第 2 页）作为动机，并在 N_s=100 的短观测下给出结果，因此「短观测下传统方法一定失效」不能作为本项目的论证前提。未压缩的部分是核心边界：「逐源频率权重相对公共选频是否有独立价值」——R07 对频点是**不加权等权求和**（μ_k^q 直接相加），既没有对不同源施加不同频点权重，也没有证明逐源频点选择能带来增益；同时它需要已知 K，而本项目要同时恢复 K，这一条完全未被覆盖。(4) 可借鉴机制与必须避开的陷阱：可借鉴 (a) 把未知信道衰减作为**逐站（逐候选位置）待估参数**并与位置联合优化，这正对本项目短观测中信道不可知的问题，且其消去方式（衰减进字典、EM 更新）与 R02 的 ‖α‖=1 约束是同一思路的两种实现；(b) 用 Laplace/层次先验在**极少快拍**下促稀疏，是本项目细 DPD 网格上多源热力图稀疏化的可用先验；(c) Woodbury 恒等式把 Q×Q 求逆降为 L×L（式(47)(48)），是细网格（本项目的 401×401）下必须采用的等价加速手段。必须避开的陷阱：(i) 不要把源数 N 当作输入——这是 R07 与本项目任务差异的分水岭，若沿用 Algorithm 1 必须自行补上 K 的估计与门限设定，且不能声称「不需要源数」；(ii) 不要沿用「两个预设区域」式的分区搜索而不交代该先验代价；(iii) 不要用式(64) 那种隐含理想关联的 RMSE 评估多源性能，本项目必须显式报告源—估计的匹配准则与失败率（尤其 K 估计错误时）；(iv) 不要以「等权频点求和」构造对照组来论证逐源频率权重无效——R07 的公共频点求和并未最优利用频率差异，用它当基线会低估本项目命题的增益空间，但反过来也不能只与之比较就宣称创新成立，需要与「公共选频 + 传统求解器」这一本项目自设的对照条件对齐。","摘要（PDF 第 1 页）：网格失配与未知信道衰减、字典偏移统一建模、SBL 联合优化、CRB、高 SNR 逼近 CRB、低 SNR 提升 20% 以上；§I 引言（PDF 第 1–2 页）：两步法三大局限（信息损失、站间相关丢失、多目标数据关联困难）、DPD 需集中传输原始信号、DOA 需多阵元多通道、FDOA 需相对运动、单天线站只能靠 TDOA（引文献[8]）、现有 SBL/DPD 方法需要足够多样本且小样本下受限、[17]–[21] 假设衰减固定、[22]–[24] 不同时学网格误差；贡献列表 (1)(2)(3) 与论文组织：PDF 第 3 页；式(1)–(4) 时域与采样模型、Δτ 定义：PDF 第 3 页；式(5)–(9) 频域模型与多站堆叠、式(10)(11) 稀疏扩展与字典结构（w̃_l 长度 Q、Γ_{l,k} 对角阵、s_k 为 Q×1）：PDF 第 4 页；式(12) 参数化字典、式(13) l_0 优化、式(14) 一阶 Taylor 线性化、式(15)(16) 参数更新：PDF 第 4 页；§III-A 层次先验模型与 Fig. 2（PDF 第 5 页）、式(17)–(24)（噪声、稀疏信号、Laplace 边缘、θ_x/θ_y 均匀先验与 θ_w 复高斯先验）；§III-B E 步式(28)–(32)、M 步式(33)–(37)（PDF 第 6 页）；式(38)–(45) 分坐标更新与分支 C1–C4、式(46) p^q_tar=Σ_k μ_k^q、终止条件、**Algorithm 1（Input 含 number of target N、Step 7 取 top N）**：PDF 第 7–8 页；Remark 1（Woodbury，式(47)(48)）、Remark 2（只更新 top N 对应网格点，2Q+1→2N+1）、§III-C 复杂度 O(LQ²) 与对比方法复杂度 O(LQ)、O(L²)：PDF 第 8 页；§IV CRB 推导式(49)–(63)：PDF 第 8–9 页；§V 仿真设置（u_1–u_4、p_1–p_3、w_1–w_3 真值、w_{l,q}=0.7+δ（方差 0.5）、网格间隔 100 m、N_s=100、500 次 Monte Carlo、式(64) RMSE、对比方法 DPD-CD[16]/DPD-OG[20]、region 1/region 2、Fig. 3）：PDF 第 9 页；Fig. 4 初始网格、Fig. 5 网格自适应结果、Fig. 6 各算法定位结果、§V-A 有效性验证：PDF 第 10 页；§V-B SNR 影响（−10~20 dB、DPD-CD 最小误差 61.02 m、−5 dB 下 168.32/211.49/248.05 m 与 20.4%/32.1%、Fig. 7；CDF 结论 160 m@80%、180 m@95%）：PDF 第 10 页；Fig. 8 CDF 图（SNR=−5 dB）：PDF 第 11 页左栏；Fig. 9 运行时间（Intel i7-9750H、MATLAB 2022b）、§V-C 网格间隔扫描（10–250 m、10 m 时因 RIP 退化、Fig. 10、Fig. 11）：PDF 第 11 页；§V-D 扰动值扫描（0–1 步长 0.2、√2/2·r 定义、Fig. 12）、§V-E 衰减不确定性扫描（σ，Fig. 13）、§VI 结论与自评局限、附录 A–D：PDF 第 12–14 页；参考文献[8]（Naresh & Kay 单天线 TDOA-DPD ML）、[16]（DPD-CD）、[20]（DPD-OG）：PDF 第 14 页。"
"R08","The Generalized Correlation Method for Estimation of Time Delay","Charles H. Knapp, G. Clifford Carter，IEEE Transactions on Acoustics, Speech, and Signal Processing，1976年8月，Vol. ASSP-24, No. 4，第320–327页（收稿1975年7月24日，1975年11月21日与1976年2月23日两次修订）","针对两个空间分离传感器收到的同一源信号（含不相关噪声）之间的时间延迟估计问题，作者推导了时延 D 的最大似然（ML）估计器，证明它可以实现为「一对接收端预滤波器 + 互相关器 + 峰值检测」，其中预滤波等价于在广义互相关中对互功率谱施加频率加权 ψ_g(f)=H1(f)H2*(f)；论文把 ML 加权与 Roth、SCOT、PHAT、Eckart、HT 五种已有加权统一在同一框架下比较，并给出 ML/HT 加权的显式形式与方差表达式，指出在低信噪比下 ML 加权退化为 Eckart 加权、且 HT 处理器达到 Cramér-Rao 下界。","单个远场源信号被两个空间分离的传感器（双传感器阵列）接收，估计两路信号之间的到达时间差（时延）D，进而可推出相对传感器轴的到达角/方位（论文明确把时延估计视为测向的前置步骤，结论段写「ML estimation of the source bearing will still be a cross correlator preceded by prefilters」）。关键约束：信号与噪声为实、联合平稳随机过程；观测时长 T 有限（故只能用有限观测估计互相关）；信号与噪声统计特性在被动探测场景下未知或仅近似已知（摘要与引言末指出「in passive detection, unlike the usual communications problems, the source spectrum is unknown or only known approximately」）；模型只考虑单个源（多径被作为「多个时延」的附加情形讨论，见式(10)）。论文未涉及多站分布式定位、多源同频混叠分辨或源数估计等场景。","两路接收模型 x1(t)=s1(t)+n1(t)（式(1a)）、x2(t)=α s1(t+D)+n2(t)（式(1b)），其中 s1(t) 为源信号、n1,n2 为噪声、α 为衰减、D 为待估时延；s1 与 n1 不相关。观测域为时域连续信号，通过互相关函数 R_{x1x2}(τ)=E[x1(t)x2(t−τ)]（式(2)）与其谱 G_{x1x2}(f)（式(4)）表征；实际用有限观测的估计量 R̂_{x1x2}(τ)=(1/(T−τ))∫_τ^T x1(t)x2(t−τ)dt（式(3)）。广义互相关定义为 R_{y1y2}^{(g)}(τ)=∫ ψ_g(f) G_{x1x2}(f) e^{j2πfτ} df（式(6a)），其中 ψ_g(f)=H1(f)H2*(f)（式(6b)）为一般频率加权；实际使用 Ĝ_{x1x2}(f) 代入的式(6c)。未知量：源谱 G_{s1s1}(f)、噪声谱 G_{n1n1}(f)、G_{n2n2}(f)、衰减 α、时延 D 均未知，加权函数须自行选择或估计。论文用 K 个频点 X(k)、k=−N…N（式(28a)−(30)）与谱密度矩阵 Q（式(31a)−(31c)）做 ML 推导，给出高斯假设下的似然（式(32)−(34)）。快拍/分段数：论文用单次观测时长 T 与频域采样点数 K（Kω_Δ=ω 固定，T→∞）表述，未使用「多快拍平均」的现代表述。","论文回避未讨论。论文的模型（式(1a)(1b)）只含单个源 s1(t)；式(10) 讨论「信号有多个时延时」R_{x1x2}(τ)=R_{s1s1}(τ) ⊗ Σ α_i δ(τ−D_i)，但那是同一信号的多径/多途分量，不是多个独立源，且论文未讨论源数已知与否、也未讨论源数估计。检索全文未见 MDL/AIC 类阶数估计或源数阈值处理的论述。","1) 把「滤波—延迟—相乘—积分—峰值检测」的经典互相关时延估计器（Fig.1）推广为广义互相关：预先用 H1、H2 滤波，等价于把互功率谱乘以 ψ_g(f)=H1(f)H2*(f)（式(5)(6a)(6b)），时延估计取使 R_{y1y2}^{(g)}(τ) 最大的 τ。2) 用最大似然推导最优加权：在高斯假设下写出似然（式(32)(33)），经频域分解得 J1=J2+J3，其中 D 只影响 J3，故 ML 等效于最大化 −J3（式(42a)(43)），从而得到 ML 加权 ψ_HT(f)=|γ12(f)|²/(|G_{x1x2}(f)|·[1−|γ12(f)|²])（式(45b)），其对应的处理器为 R_{y1y2}^{(HT)}(τ)=∫ Ĝ_{x1x2}(f)·|γ12(f)|²/(|G_{x1x2}(f)|[1−|γ12(f)|²])·e^{j2πfτ} df（式(45a)）。3) 给出最优性的等价论证：以「偏转（deflection）准则」d²（式(24)）最大化为目标，经 Schwarz 不等式得最优条件 H1(f)H2*(f)=ψ_E(f)e^{j2πfD}（式(25)），其中 ψ_E(f)=αG_{s1s1}(f)/(G_{n1n1}(f)G_{n2n2}(f))（式(26)）即 Eckart 加权；当 α=1 且谱未知时给出可用估计量代入的实用式 ψ_E(f)=|Ĝ_{x1x1}(f)|·(Ĝ_{x1x1}(f)−|Ĝ_{x1x2}(f)|)·(Ĝ_{x2x2}(f)−|Ĝ_{x1x2}(f)|)（式(27)）。4) 把五种候选处理器统一到 Table I：Cross Correlation（ψ=1）、Roth（ψ_R(f)=1/G_{x1x1}(f)，式(11)）、SCOT（ψ_S(f)=1/sqrt(G_{x1x1}(f)G_{x2x2}(f))，式(16)）、PHAT（ψ_P(f)=1/|G_{x1x2}(f)|，式(19)）、Eckart（式(26)）、ML/HT（式(45b)），并逐一解析其在「加性噪声、多时延」下的行为。5) 低信噪比下的渐近关系：ψ_HT(f) ≅ G_{s1s1}(f)/(G_{n1n1}(f)G_{n2n2}(f)) = ψ_E(f)（式(48)）；当两路噪声谱相等为 G_nn(f) 时 ψ_HT(f) ≅ [G_{s1s1}(f)/G_nn(f)]ψ_P(f)（式(50b)）、ψ_HT(f) ≅ [G_{s1s1}(f)/sqrt(G_{n1n1}G_{n2n2})]ψ_S(f)（式(50a)），即低 S/N 下 Eckart 与 HT 预滤波可解释为带 S/N 加权的 SCOT 或 PHAT。6) 给出任意加权下的时延估计方差式（式(51)）与 HT 处理器的方差式（式(52)），并在附录证明 HT 处理器达到 Cramér-Rao 下界（式(A1)−(A4)）。与已有方法的主要差异：本文不是提出一个新加权，而是把已有各种启发式加权纳入同一广义互相关框架，并证明 ML 加权是其最优成员；同时明确指出加权选择本质上是「分辨力与稳定性之间的折中」（第321页）。","需重推适配；输入信息层级：已提取的二阶统计量（两路信号的互功率谱/互相关函数，或其估计 Ĝ_{x1x2}(f)、|γ̂12(f)|²）。触发该判定的具体条件：(1) 该框架是双传感器、单源、估计单一标量时延的处理器；本项目是四站、多源、同频带混叠、需同时恢复源数/频段/位置，观测接口与待估量都不同。(2) 模型式(1a)(1b) 只含一个源 s1(t)，虽然式(10) 允许同一信号的多个时延分量，但论文明确指出此时互相关会出现「一个 δ 函数被卷积展宽成另一个」的问题，导致无法区分峰值或时延——正对应本项目多源时延聚集时的失效情形，论文对此没有给出解法。(3) 加权函数 ψ_g(f) 依赖源谱与噪声谱（式(26)(27)），被动场景下未知，须用估计量代入且论文承认这只是启发式实现（第324页「Substituting estimated weighting for true weighting is entirely a heuristic procedure」）。(4) 论文的方差结论（式(51)(52)）自称「不适用于存在模糊峰的情形」（第325–326页明确写 (51)(52) 只评估局部方差、未计入模糊峰，且未做方差公式的仿真验证）。失效条件：多源同频带、源谱/噪声谱不可估、观测时长 T 不足以分离模糊峰、以及需要输出位置而非时延时，本文结论均不直接适用。","本文为理论与方法论文，没有给出系统性的仿真或实测实验矩阵。可查到的实验性内容仅有：第326页说明「Empirical verification of expressions for variance has not been undertaken by simulation, because to do so without special purpose correlator hardware would be computationally prohibitive」，并说明对于给定的 G_{s1s1}(f)、G_{n1,n1}(f)、G_{n2,n2}(f)、α 与平均时长 T，一次广义互相关计算只能给出一个时延估计，要统计评估需要大量重复试验；作者据此只做了「one such trial (with T large)」，验证把估计的 Ĝ_{x1x2}(f) 与 |γ̂12(f)|² 代入真值位置仍能得到有用的时延估计（第326页）。因此：数据来源（仿真/实测）、几何配置、源数与间距、SNR 与带宽的具体数值、Monte Carlo 次数、样本量、对比方法的定量结果，本文均未给出。评价指标方面出现的是方差表达式（式(51)(52)）与下界（式(A1)−(A4)），不是实验指标。","全文为解析结果，无实验数值。(1) ML 时延估计器可实现为「预滤波 + 互相关 + 取峰」，最优加权为 H1(f)H2*(f)=ψ_E(f)e^{j2πfD}（式(25)），ψ_E(f)=αG_{s1s1}(f)/(G_{n1n1}(f)G_{n2n2}(f))（式(26)）。(2) ML 估计器与 Hannan–Thomson [12] 提出者相同，并在特定条件下与 MacDonald–Schultheiss [21] 的估计器一致（摘要，第320页）。(3) 低 S/N 下 ML 加权退化为 Eckart 预滤波（式(48)），且当两路噪声谱相等时可写成「SCOT 预白化 + S/N 加权」（式(50a)）或「PHAT 预白化 + S/N 平方加权」（式(50b)）。(4) HT 处理器的时延估计方差为 var^HT[D̂]={2T∫_0^∞ (2πf)²|γ(f)|²/[1−|γ(f)|²]df}^{−1}（式(52)），并在附录证明其达到 Cramér-Rao 下界（式(A4)）。(5) 定性结论：所有加权都以「在信噪比高的频段加重、在噪声大的频段抑止」为目的；Roth 处理器能抑制 G_{n1n1}(f) 大的频段，但当两路噪声均存在时 SCOT 与 Roth 同样出现峰展宽；PHAT 是 ad hoc 方法，其缺陷是把 Ĝ_{x1x2}(f) 按 1/G_{s1s1}(f) 加权，在信号功率小的频段误差被放大，若某频带 G_{x1x2}(f)=0 则相位 θ(f) 无定义、相位估计在 [−π,π] 上均匀分布而变得「erratic」，作者据此建议 PHAT 还应额外按信号功率的有无加权（第322页）。(6) 关于多时延：式(10) 表明存在多个时延分量时，与 R_{s1s1}(τ) 的卷积会把一个 δ 函数摊开，可能使峰值无法分辨（第321页）。结果成立条件：全部结论建立在两路不相关加性高斯噪声、单源、平稳、且（方差部分）不存在模糊峰的假设之上；作者明确说明 T 不够大时模糊峰必须计入（第325–326页），且当信号与噪声谱未知时式(51)(52) 需修正，可能给出「过于乐观」的性能预测。","本文不涉及代码或数据。理论推导完整且可复算：模型式(1)、加权定义式(5)(6)、Eckart 加权推导式(24)−(27)、ML 推导式(28)−(45)、方差式(51)(52) 与附录的 CRLB 推导式(A1)−(A4) 均给出了中间步骤与文献出处。未给全的部分：作者明确承认未对方差表达式做仿真验证（第326页），实际加权需用估计量代入（论文称之为启发式）；论文未给出任何数值算例、参数取值或复现脚本。作者自评的局限与开放问题：T 不足以分离模糊峰时式(51)(52) 不适用；信号/噪声谱未知时须修正方差公式或用计算机仿真评估系统性能；若相干性随时间缓慢变化，ML 估计仍是「预滤波 + 互相关」，但预滤波必须随时变相干估计调整（结论段，第326页）。","第一层（作者结论）：在通常条件下 HT 处理器是时延的 ML 估计器；在低 S/N 限制下它等价于 Eckart 预滤波加互相关；六种估计技术相互关联，可统一在广义互相关框架内理解；HT 处理达到 Cramér-Rao 下界；若相干性随时间缓慢变化，源方位的 ML 估计仍应实现为「按相干估计调整预滤波的互相关器」。第二层（论文实际能支持的结论）：论文严格证明的是「在式(1) 的双传感器、不相关加性噪声、高斯统计、单源（或多径式多时延但可分辨）模型下，ML 加权等价于式(26) 的 S/N 型加权，且 HT 达到局部 CRLB」这一解析结论；它能够支持「按频率上的信噪比决定加权」这一原则本身，但不能支持任何具体场景下的时延估计精度数字（论文没有实验）。适用条件与外推限制：(a) 结论只针对局部方差，不含模糊峰（作者自述）；(b) 加权的最优性依赖 G_{s1s1}(f) 与噪声谱，被动场景下这些量未知，式(27) 只是启发式替代；(c) 模型不含多源、不含源数未知、不含阵元相关的信道模型（如多径下的相干源）；(d) 对多时延情形论文只给出「无法分辨」的负面结论，没有给出解法。","1. 建立广义互相关统一框架，把预滤波、互相关与峰值检测三者用 ψ_g(f)=H1(f)H2*(f)（式(6b)）与 Table I 的一次加权联系起来，使此前各自独立的五种启发式处理器（Roth、SCOT、PHAT、Eckart、HT）可被同一公式族比较。2. 给出时延 ML 估计器的完整推导，并证明其等价于 HT 处理器、在低 S/N 下退化为 Eckart 处理器，从而为「按频率信噪比加权」提供了严格的统计依据（式(25)(26)(45b)(48)）。3. 给出任意加权下时延估计方差的通用表达式（式(51)）与 HT 处理器的方差闭式（式(52)），并在附录证明 HT 达到 Cramér-Rao 下界（式(A4)）。4. 以解析方式刻画各加权的失效模式：PHAT 在信号功率小的频段相位无定义且误差放大（第322页）、Roth/SCOT 在多径下峰展宽（第321页）、多时延分量卷积导致峰值不可分辨（式(10)）——这些负面结论对后续方法选择有直接指导价值。","1. 模型只含单个源：式(1a)(1b) 是单源两传感器模型，多源同频带混叠、源数未知均未建模；式(10) 仅讨论同一信号的多时延（多径）分量，且结论是「可能无法分辨」，没有给出多分量可分辨的条件或求解方法（第321页）。2. 最优加权依赖未知谱：式(26) 的 Eckart 加权与式(45b) 的 HT 加权都需要 G_{s1s1}(f)、G_{n1n1}(f)、G_{n2n2}(f) 与 |γ12(f)|²，被动场景下未知，论文给出的式(27) 替代方案被作者本人称为「entirely a heuristic procedure」（第324页），未证明其接近最优。3. 方差结论的适用范围有限且未经验证：式(51)(52) 只评估局部方差、不计入模糊峰（第325–326页），作者明确说 T 不够大时该假定失效；并承认由于缺少专用相关器硬件、计算量过大，未对方差表达式做仿真验证（第326页）。本文因此没有任何实验证据支持其方差公式在实际有限观测下的准确性。4. 对相干/信噪比条件的变化只给出定性建议：结论段提出相干性缓慢变化时预滤波须随时变估计调整，但未给出算法、估计误差影响或实现方案。","这是一篇奠基性方法论文，价值主要在于统一与证明：它把此前零散的 Rooth/SCOT/PHAT/Eckart 等启发式加权纳入同一广义互相关框架，并证明 ML 加权是其中的最优成员，从而为「不同频率应当给不同权重」提供了明确的统计依据（权重应正比于该频率上的信噪比，式(26)(48)），这对本项目「按频率加权再求解」的思路是有力的理论支撑来源。其局限同样鲜明：模型是双传感器单源、待估量是标量时延；最优加权需要未知的信号/噪声谱；方差公式不含模糊峰且未经仿真验证；面对多源/多时延只给出「可能无法分辨」的负面结论而无解法。因此它可作为本项目频率加权的理论出处与对照基准（说明「按 SNR 加权」并非新想法），但不能作为多源定位的性能基线，其精度数据也不存在。「分频段加权」在本项目中若要作为创新点主张，必须说明与 R08 的 SNR 加权在物理依据上的差异。","(1) 是否已覆盖本项目想解决的问题：没有覆盖。R08 解决的是「两传感器、单源、标量时延的 ML 最优加权」问题，既不含多源、不含源数估计、不含频率—源对应，也不含多站定位；其输出是单一标量时延。但要注意一条重要的相关性：本项目想主张的「把完整频带报告与定位用频率权重分离」中的「频率权重」，其最原始的统计依据正来自本文——权重应正比于该频段的信噪比（式(26) 的 Eckart 加权、式(48) 的低 S/N 等价关系）。(2) 能否作为同条件基线：不能作为同条件性能基线（它没有可比的实验数字，只有方差公式与 CRLB 结论），但可以作为「理论下界与加权依据」的参照：可用式(51)(52) 及附录 CRLB 评价本项目在多站单天线、多源条件下达到的时延/定位精度是否接近信息论极限，并把式(26) 的 SNR 加权作为「公共选频/公共加权」这一传统做法在频率维上的理论代表。适配所需工作：把双传感器模型推广到四站（多对互相关）、把单个时延推广到多源时延集合、把未知源/噪声谱的估计方法具体化（本项目有短时观测，谱估计方差更大）。(3) 是否压缩本研究的创新空间：压缩「按频率加权再求解」这一思路的一般性——R08 已经证明「不同频率给不同权重」有最优解且该解由信噪比决定，因此本项目若把「频率加权」本身作为创新点会被 R08 直接覆盖，必须把创新收窄到「权重的对象是『逐源』而非『公共信道/公共频段』」这一层面。不压缩的部分：R08 的加权是单一全局函数 ψ_g(f)，对所有时延/所有源共用；R08 全文没有任何「逐源频率占用」或「频率—源—位置对应」的概念，也没有多源同频带下的加权设计。(4) 可直接借鉴与必须避开的：可借鉴——(a) 加权应正比于该频段信噪比这一原则（式(26)(48)），本项目第四章/E2E 的「定位用频率权重」应能在低噪声频段更重、在高噪声/低信号频段更轻，与 R08 的结论方向一致，可作为理论依据引用；(b) 用互功率谱与相干函数（Ĝ_{x1x2}(f)、|γ̂12(f)|²）作为可估计且物理可解释的中间量，这与本项目 E2E 里「频率权重」的表示层级接近，R08 给出了这些量的统计性质与方差式；(c) PHAT 的失效模式提示——不能只做相位白化，必须同时按信号功率加权（第322页），本项目在设计逐源频率权重时应避免「对某源无信号的频段仍强行加满权重」。必须避开——(a) 不要把「频率加权」当作本项目的新贡献主张，必须明确 R08 的先例并指出本项目是逐源加权；(b) 不要沿用 R08 的「单一全局加权 + 取峰」范式来处理多源同频带场景——R08 自己说明了多时延下互相关峰会因卷积而无法分辨（式(10)、第321页），这正是本项目必须用端到端/多源联合解码而非「加权相关 + 取峰」的原因；(c) 不要引用 R08 的方差公式作为多源或存在模糊峰情形下的性能界，论文明确说明其不适用。","标题、作者、刊物与卷期页码见第320页页眉与正文首页（IEEE Trans. ASSP, Vol. ASSP-24, No. 4, Aug. 1976, pp. 320–327）；收稿与修订日期见第320页脚注。摘要中「预滤波的作用是在信噪比最高的频率上加强信号并抑制噪声」、「低 S/N 下 ML 等价于 Eckart 预滤波」见第320页摘要。被动场景下源谱未知的论断见引言，第320页。模型式(1a)(1b)、互相关式(2)、估计量式(3) 见第320页。广义互相关式(6a)(6b)(6c) 与加权定义见第321页。处理器框图见 Fig.1，第321页。式(7)(8)(9) 与「峰值位置在 τ=D」的讨论见第321页。多时延式(10) 与「峰值无法分辨」的结论见第321页。Table I 六种候选处理器及其加权见第322页（物理位置在表格中列于该页）。第321页末给出「ψ_g(f) 的选择是分辨力与稳定性之间的折中」的论断。Roth 处理器式(11)−(15) 见第321–322页。SCOT 式(16)(17)(18) 与「SCOT 与 Roth 同样展宽」见第322页。PHAT 式(19)−(23) 及其缺陷（信号功率小处误差放大、G_{x1x2}(f)=0 时相位在 [−π,π] 均匀分布）见第322页。Eckart 滤波的定义与偏转准则式(24)、最优条件式(25)、Eckart 加权式(26)、实用式(27) 见第322–323页。频域表示与谱密度矩阵式(28a)(28b)(28c)(29)(30)(31a)(31b)(31c) 见第323页。似然式(32)−(34)、Q_x 相关式(35)−(37b)、式(38)(39)(40)(41) 见第323–324页。J2/J3 分解式(42a)(42b)(42c)、式(43)、式(44) 与 ML 处理器式(45a)、ML/HT 加权式(45b) 见第324页。相干性估计与「用估计加权是纯启发式」的论断见第324页。低 S/N 近似式(46a)(46b)(47a)(47b)(48)(49)(50a)(50b) 见第325页。方差通式式(51) 与 HT 方差式(52) 见第325页；「(51)(52) 只评估局部方差、不含模糊峰」的声明见第325–326页。未做方差仿真验证的说明见第326页。结论与讨论（含相干性缓变时的建议）见第326页。Cramér-Rao 下界推导式(A1)−(A4) 见第326页附录。参考文献列表见第326–327页。第327页为参考文献续页及下一篇文章首页，与本篇无关。"
"R09","Multi-Source Localization and Data Association for Time-Difference of Arrival Measurements","Flood 等（Gabrielle Flood, Filip Elvander），EUSIPCO 2024（European Signal Processing Conference），第111–115页，ISBN 978-9-4645-9361-7","针对盲场景下多源 TDOA 量测「不知道哪些时差属于同一源」的数据关联问题，作者把「源位置与 TDOA 量测的指派」写成离散最优传输（optimal transport, OT）问题，用最小多站定位（multilateration）解算器先构造候选源位置集合、再用带熵正则与稀疏惩罚的不平衡 OT 求关联，并在 R=12 接收机的仿真中同时得到关联结果与统计有效的位置估计。","研究对象是 R 个已知位置的接收机所获得的 TDOA 量测与 S 个未知位置的点源之间的对应关系与位置。几何在三维空间（§II 中 s_j ∈ R^3, r_k ∈ R^3），数值实验为 10 × 10 × 2 m 的房间内 R = 12、S = 3。关键约束：盲设置（源信号波形未知、不可用作标签）、宽带且互不相关的源信号假设（否则 TDOA 无法由互相关估计）、多站集中式配置（每个被选中的源候选要与 R̃ = R(R−1)/2 个接收机对的时差关联，见式(3)约束 M^T 1 = R̃ q）、单天线接收机（论文未涉及阵列/DOA）。数据关联被明确称为多源定位的关键难点，且作者指出关联与定位本质耦合（§I，第111页）。","论文不处理接收信号本身，而是以「已估计好的时差」为输入。§II 式(1)给出真值关系 τ_{j,(k,ℓ)} = (‖s_j − r_k‖_2 − ‖s_j − r_ℓ‖_2)/ρ，其中 ρ 为传播速度且「不失一般性取 ρ = 1」。式(2)给出量测模型 τ̂_{j,(k,ℓ)} = τ_{j,(k,ℓ)} + n_{j,(k,ℓ)}，扰动 n ~ N(0, σ²)，并说明 σ² 取决于信噪比与源信号的谱特性。论文明确声明「we assume that such estimated TDOAs are given」，并指出宽带互不相关源时 TDOA 可由接收信号互相关估计（引用[5]），但正文与实验均不实现或建模互相关过程。接收机数量条件为 R ≥ 4（三维最小多站配置，§II 第112页）。无快拍数、带宽、采样率、载频、阵列流形等信号域参数，也无波形/增益/相位未知量的建模。","已知K。依据：式(3)（第113页）把源数 S 写成显式约束 q^T 1_{|Ω|} = S，脚注3（第113页）指出式(3)最后两个约束等价于 ‖M‖_{∞,1} = S；§IV 步骤3中接收机对集合个数 K ≥ 1 是「design parameter」（实验中取 K = 3，且要求不重复使用同一接收机对，第114页）；§VI（第114页）明确「the estimated source positions were determined as the S dominant columns of M solving (5)」——即从 OT 解矩阵中取前 S 个支配列作为源位置，S 在实验中直接给定为 3。论文未说明 S 未知时如何估计（无 MDL 等模型阶数步骤），也未讨论 S 估计错误时的鲁棒性。","分两大模块，均建立在「TDOA 已给定」的前提上。
1. 候选位置集合构造（§IV，第112–113页）：不做环境空间网格化，而是解一批最小多站定位问题。选择 P 个接收机（式(1)允许 k ≠ ℓ，即不固定参考接收机），用文献[10]的最小解算器（minimal multilateration solver）从 P 个时差方程解出候选源位置；P = 3 在全文中使用，且要求三个方程线性代数独立（索引集合 {k1,ℓ1,k2,ℓ2,k3,ℓ3} 至少含四个不同索引）。丢弃与所用 TDOA 不符的解、以及虚部过大的解。选 K ≥ 1 组接收机对（理想情况下互不相交以抗漏检），每组产生 Ω_i，全集 Ω = ∪_{i=1}^{K} Ω_i 再去重（实验中剔除与已有候选距离小于 1 cm 的重复项）。
2. 关联求解（§V，第113页）：把问题写成离散 Monge–Kantorovich 型 OT：min ⟨C, M⟩，约束 M 1 = 1（每个 TDOA 必被指派）、M^T 1 = R̃ q（被选中的候选与 R̃ 个接收机对时差对应）、q^T 1 = S、M ≤ 1 q^T；代价矩阵由式(4) c(x, τ; (k,ℓ)) = (‖x − r_k‖_2 − ‖x − r_ℓ‖_2 − τ)² 构成，对应「TDOA 估计为高斯随机变量」的假设，并含一个「虚空/垃圾桶（void）」代价项 c（实验中取候选代价经验分布的 95 百分位）。由于整数约束不可解，作者做两步放松：加熵正则 D(M) + D(m)、把硬稀疏约束换成稀疏惩罚 η‖M‖_{∞,1}，引入额外传输向量 m 以支持不平衡 OT（允许 TDOA 被指派给 void，从而容忍漏检与虚警）。式(5)为放松后的问题。Proposition 1（第113页）给出唯一最优解的显式表达 M = P ⊙ K ⊙ (v ⊗ u)、m = k ⊙ v，进而用其对偶问题（式(6)）通过块坐标下降求解，迭代式即广义 Sinkhorn 迭代（λ, μ, Φ 更新式见第114页），并可用 log-sum-exp 稳定化在 log 域计算。整体复杂度 O(|Ω||T|log|T|)，其中 Γ 的求值开销 O(|T|log|T|)（第114页）。
3. 精细化（§V 末与 §VI）：得到 M 后按关联结果对每个源单独做局部非线性搜索（用 MATLAB fminsearch 最小化式(4)）以利用全部数据达到统计有效性；若某组索引集的 root CRLB 高于 20 m，则用新的索引集重新估计（第114页）。
与已有方法的主要差异（作者主张）：候选集不用空间网格而是由多站解算生成，故可处理三维；关联问题用 OT + 熵/稀疏正则，可容忍虚警与漏检；相比深度学习类方法不依赖训练场景。","仅机制；输入信息层级：已提取的时延量测（理想/已估量测层），不是原始混合 IQ。判定依据：§II 第112页明确「we assume that such estimated TDOAs are given」，全文模型只有式(1)–(2)的真值时差 + 高斯扰动，实验中直接按真值位置合成 TDOA 再加 N(0, σ²) 噪声（第114页），没有采样率、带宽、载频、快拍、阵元、波形等任何信号层参数。失效条件：(1) 若前级只能给出「未标注来源的时延峰集合」，本方法要求每个 TDOA 都带接收机对索引 (k,ℓ) 且可用式(4)写成几何代价，即时延必须已配对到具体接收机对，无法直接从 IQ 的互相关谱上取峰后使用；(2) 要求每个源都能与 R̃ 个接收机对的时差对应，即假设集中式全对可用，且漏检/虚警由 void 机制吸收，但「虚警」只建模为落在该对已有 TDOA 取值区间内的随机时延，不含旁瓣峰、多径、同频共存源产生的非法峰；(3) 需要已知 S。因此它不能作为本项目 4096 点混合 IQ 条件下的同条件基线，只能作为「给定逐站对时延估计之后」的关联后处理机制参考。","全部为仿真（§VI，第114–115页）。几何：10 × 10 × 2 m 房间，R = 12 接收机，S = 3 源，源位置每次随机生成；接收机对索引集合个数 K = 3，随机选取且保证同一接收机对不被重复使用；P = 3。每个接收机的 TDOA 由真值式(1)计算后加高斯噪声 n ~ N(0, σ²)，σ 为标准差。候选集去重阈值 1 cm；void 代价 c 取候选代价经验分布的 95 百分位；η = 1，ε = 10⁻⁷。噪声敏感性实验：σ 在 [0.01, 0.19] 变化，无虚警/漏检，100 次仿真平均（图2）。虚警与漏检实验：σ 固定为 0.03；虚警通过随机选接收机对并加入落在「该对已有 TDOA 取值范围内」的时延产生共 N 个；漏检用类似方式随机删除，最大 N = 22（约占用时可差量测的 10%），100 次仿真平均（图3）。对比方法：SMTL 方法[11]（按原作者推荐设置，因无法对其做均匀网格化而以本文候选集作为其网格）、以及 root CRLB（使用全部可用 TDOA 量测的绝对基准）。评价指标：与真值的平均欧氏距离（米）、关联率（被正确关联到其源或正确判为 void 的 TDOA 比例）。","1) 噪声敏感性（图2，第114页）：σ 从 0.01 增至 0.19 时，Proposed 与 Proposed, refined 的定位误差持续低于 SMTL（SMTL 曲线随 σ 增大上升更快），root CRLB 为下界虚线；关联率在高 σ 段仍保持较高水平（图2 右轴）。作者据此声称方法对 TDOA 噪声「considerable robustness」，且关联率「high enough as to achieve statistical efficiency in the refinement step」；同时明确承认未做精细化前，由于多站解算使用的量测数很少，估计精度受限（第114页 §VI-A 末段）。2) 虚警与漏检（图3，第115页）：σ = 0.03 下，横轴为虚警数 N（上图）或漏检数 N（下图），两种情况下关联率随 N 增大而下降，但定位误差仍维持在较低水平；作者结论是「although false and missing values affects the association rate, the proposed method yields accurate estimates for moderately large N」。3) 工作条件：结果均在 R = 12、S = 3、三维、已知 S、集中式全对时差可用的条件下成立；未测试 S 更大的情况、未测试 S 估计错误、未测试接收机数接近下限 R = 4、未测试二维/三维混合或真实信号链。论文未给出与 CRLB 的定量比值表，也未报告失败率。","代码公开：脚注1（第112页）给出 https://github.com/gabrielleflood/omt-based-toda-localization（URL 原文如此，拼写为 toda）。关键超参数基本给全：P = 3、K = 3、σ 范围、100 次 Monte Carlo、去重阈值 1 cm、void 代价取 95 百分位、η = 1、ε = 10⁻⁷、精细化用 MATLAB fminsearch、CRLB 重估阈值 20 m；构造候选集时「随机选取索引集合」的具体随机方式与种子未说明；log-sum-exp 与 Γ 解算器（引用[28]）的实现细节以参考文献代替；SMTL 的对比设置细节未给全（仅说明按其作者推荐并以其为网格）。无实测数据。作者自评局限：证明因篇幅省略（Proposition 1 仅给结论，第113页）；未精细化时精度受多站量测数少的限制（第114页）。","第一层（作者结论，§VII 第115页）：先用最小多站定位产生候选位置，再用带熵与稀疏正则的最优传输完成 TDOA–候选关联，同时确定源位置；得到的关联可使后续精细化达到统计有效性；实验表明方法对量测噪声以及虚警、漏检 TDOA 具有鲁棒性。第二层（实验实际支持的结论）：在 R = 12、S = 3、三维、已知 S、TDOA 由真值加高斯噪声生成且在候选阈值 1 cm、η = 1、ε = 10⁻⁷ 等具体设置下，本方法确实比以候选集为网格的 SMTL 定位误差更低，且关联率在高 σ 段下降有限；对落在该接收机对时差取值区间内的随机虚警和随机删点漏检，在 N ≤ 22（约 10%）时仍能保持较低定位误差。外推限制：不存在任何信号级验证（未证明在真实互相关输出、多径、非高斯误差、相干源或 S 未知下同样成立）；「robust to false TDOA」的结论依赖一种较温和的虚警生成方式（值域内均匀抽取），不能外推到任意虚警分布；统计有效性的主张仅在精细化分支（以 CRLB 为参照重估索引集）下被间接支持，论文未给出估计方差与 CRLB 的直接对比。","1) 把多源 TDOA 的「源位置 + 数据关联」整体写成最优传输问题，并给出含熵正则、稀疏惩罚与虚拟（void）传输的不平衡放松，使问题可用广义 Sinkhorn 类块坐标下降求解，复杂度 O(|Ω||T|log|T|)——这是相对「枚举所有量测组合做关联」[14] 与「网格化空间谱」[11] 的实质差异。2) 用 P = 3 的最小多站解算器构造候选源位置集合，替代三维空间网格，使问题在三维下仍可解，且候选集规模由量测与接收机对数量决定而非分辨率决定。3) 给出「关联 + 精细化」两段流程，并用 root CRLB 作为统计有效的判据，在 R = 12、S = 3 仿真中同时给出定位误差与关联率两条证据链。4) 明确处理虚警（含 void 指派）与漏检（不平衡 OT）。","1) 输入层级过高：全篇以「已估计的 TDOA」为输入，式(2)只给高斯扰动模型，未涉及任何从 IQ 到时延的估计环节，因而无法回答混合 IQ 下时延本身难以获取的问题，也无法评估前级时延估计误差的非高斯/有偏部分。2) 源数 S 已知且在式(3)中作为硬约束使用，实验中也直接用 S 取 OT 解的前 S 个支配列；未讨论 S 未知或 S 估计错误时的行为，这是论文自身设定的边界而非外部苛求。3) 关联代价式(4)仅基于几何一致性，不利用频率、幅度、波形或协方差等任何可分性信息；当两个源在同一几何代价面上接近时（论文未测试近距源或高对称构型）该代价的可分性没有任何理论保证或实验验证。4) 虚警模型偏乐观：虚警时差「落在该接收机对已有 TDOA 取值区间内」，未测试落在区间外、成簇虚警或来自真实旁瓣/多径的虚警；漏检为独立随机删除，未测试成组漏检（如同一接收机整站失效）。5) Proposition 1 的证明被省略，且 ε 从 10⁻⁷ 到放松问题的收敛关系只以「数值上近似」表述。","问题选得准、建模干净，是本篇的主要价值。多源盲 TDOA 的核心难点确实在关联—定位耦合，作者没有用「先关联再定位」的启发式，而是把它写成一个可松弛、可判唯一最优的 OT 问题，并且用最小多站解算器替换三维网格这一处理有真实工程含义（候选集规模可控、天然支持三维）。证据链在「对比方法 + CRLB + 两个鲁棒性维度（噪声、虚警/漏检）」上是完整的，写作也明确交代了未精细化时精度受限这一负面事实，属于同等证据标准下的诚实报告。但创新程度的边界必须看清：它解决的是「时差已知之后如何关联」，输入信息层级高一个台阶，因此其收益不能换算成任何信号层结论；此外式(4)的几何代价不含频率或波形可分性，使方法在近距/对称多源、混叠同频多源场景下的可分性缺乏论证。整体是一篇方法层面扎实、实验层面自洽但信号层证据缺失的会议论文，适合作为「关联后处理机制」的引用来源，不宜作为性能基线。","(1) 覆盖程度：不覆盖本项目的核心问题。它处理的是「给定每站对时差，如何把时差分组到源并反演三维位置」，本项目要处理的是「从 4096 点混合 IQ 出发，同时恢复 K、逐源占用频段、位置以及频率—源—位置对应」；R09 既不做时延估计也不涉及频率维度，且以已知 S 为前提，因此与「未知 K 直接处理」这一创新点不冲突。(2) 同条件基线：不能。它甚至不是同一输入层的基线（需要 TDOA 而非 IQ），若强行在同条件比较，只能把本项目的输出降级为「逐站对时延」再喂给它，而这恰好丢弃了本项目主张的逐源频率权重信息，比较会变成对前级时延估计器的评价而非对定位方法的评价。可考虑的适配是把它当作「粗 DPD 之后、细 DPD 之前」的关联模块（如果第四章需要跨站时延配对），但需重新定义接收机对（本项目为 4 站，R = 4 时 R̃ = 6，且三维最小配置要求 R ≥ 4，刚好满足但裕度为零）。(3) 是否压缩创新空间：压缩一条——「不需要已知 K、也不需要把空间网格化就能处理多源」这一思路在 TDOA 域已有先例（本文以式(3) 的 q^T 1 = S 方式仍用了 S，故并未真正做到未知 K，威胁有限）；但「候选点由最小解算器生成而非网格化」+「指派用最优传输」这一组合确实已有先例，本项目若在频率—源—位置对应上提出「用 OT 做指派」将不具新颖性（且作者自己在引文[20]就有多站 TOA 的相关工作）。(4) 可借鉴的机制：· 用「候选生成 + 全局指派（OT/Sinkhorn）」替代「热力图取峰」，可把「逐源位置」的输出天然变成带指派矩阵的形式，这与本项目需要的「频率—源—位置对应」在结构上同构，是本篇最值得借鉴的一点；· void/垃圾桶机制（额外传输向量 m）用于吸收无法解释的量测，可迁移到「某频段占用但无法指派到任何源」的情形，比强行取峰更稳健；· 用费用矩阵的 95 百分位等经验分位数设定虚空代价这一工程做法；· 用 root CRLB 作为「是否需要重估/是否需要更多量测」的在线判据。必须避开的陷阱：· 不要把式(4)这类纯几何代价直接当作多源可分性来源——本项目的可分性必须来自频率与波形的差异，几何代价本身在近距源上不可分；· 不要把「已知 S 下取解的前 S 个支配列」写成「未知 K」，这会掩盖 K 已知这一隐含条件；· 不要在无信号级验证的情况下把对高斯时延噪声的鲁棒性外推为对混合 IQ 前级误差的鲁棒性。","§I 第111页（数据关联问题定义、DL 方法受训练场景限制的批评、OT 用于聚类的先例[20]–[23]）；图1 第111页（二维双源四接收机示意与「TDOA 无标签」问题）；§II 式(1)(2) 第112页（TDOA 真值关系与高斯扰动模型、R ≥ 4 条件、「such estimated TDOAs are given」）；§III 第112页（五步方法大纲，含 K 为 design parameter）；§IV 第112–113页（P = 3、最小多站解算器[10]、候选集去重、K 组接收机对）；§V 式(3) 第113页（含 q^T 1 = S 与 M ≤ 1 q^T 的整数规划）；式(4) 第113页（几何一致性代价）；式(5) 第113页（熵正则 + 稀疏惩罚 + 不平衡 OT 的放松）；脚注2、脚注3 第113页（熵正则来源[24]；式(3) 最后两约束等价于 ‖M‖_{∞,1} = S）；Proposition 1 及式(6)、对偶问题 第113页；§V 续 第114页（广义 Sinkhorn 更新式、Γ 的定义式(7)、复杂度 O(|Ω||T|log|T|)、ε = 10⁻⁷）；§VI 第114页（10 × 10 × 2 m、R = 12、S = 3、σ ∈ [0.01, 0.19]、100 次仿真、void 代价 95 百分位、η = 1、取 M 的 S 个支配列、fminsearch 精细化、root CRLB > 20 m 重估）；图2 第114页（噪声敏感性，左轴定位误差、右轴关联率）；§VI-A 末段第114页（未精细化时精度受限的自我说明）；§VI-B 第114–115页（σ = 0.03 的虚警/漏检实验、N 最大 22 约 10%、虚警生成方式）；图3 第115页（虚警/漏检结果）；§VII 第115页（结论）；参考文献[5][10][11][14][20][24][25][28] 第115页；脚注1 第112页（代码仓库 URL）。"
"R10","Multi-Sensor Multi-Source Localization under Clutter and Uncertainty","Matthias Opel, Philipp Mikus；IEEE Transactions on Signal Processing（TSP），已被接收待正式出版，DOI 10.1109/TSP.2026.3685137，正文 11 页（正式卷期页码待定，论文首页标注 ""This article has been accepted for publication in IEEE Transactions on Signal Processing""，无卷期号与起止页码）","作者针对分布式传感器网络中脉冲式声源的多源定位问题（存在杂波虚警、时间抖动、漏检与未知源数），提出把「检测事件」的组合看作集合（coalition），用 TDOA 残差的 ℓ∞ 范数给每个集合赋代价并按用户设定的伪距门限筛除，再把全局关联归结为集合装箱（set packing）问题，用贪心与 BILP（二值整数线性规划）的代价驱动/字典序两类目标求解，同时输出源数、关联与位置。仿真表明字典序（优先基数的）贪心装箱在杂波下综合最优。它处理的是 TOA/TDOA 检测列表，不是逐站混合 IQ。","研究对象是脉冲式（impulsive）点源在均匀、无损、时不变、无界介质中以速度 c 传播的被动定位场景（§I，式(1)）。源数 K 未知，观测由 S 个分布式单传感器节点给出，节点间已同步。场景的核心难点是三类不确定性同时存在：杂波（由障碍散射或无关源产生的虚假检测）、时间抖动/时延不确定、漏检；作者另外明确列出五种检测完备性情形（完全检测、额外虚假检测、漏检、混合不完美、仅虚假检测，§II-A 第 (i)–(v) 条）。应用背景为城市环境中的狙击步枪枪口爆音（muzzle blast）定位（§III-B、图5）。关键约束：3D TDOA 多边定位至少需要 4 个观测，因此最小集合基数 M ≥ 4（§II-A，式(16) 上方文字）。","每站为单传感器（未涉及阵列与波束形成）。模型从三维波动方程出发（式(1)），脉冲源模型下 q_k(t) = a_k δ(t)，波形退化为式(6) 的格林函数加权叠加；传播衰减已含于格林函数 1/(4π‖x−x_k‖)。输入不是原始波形，而是「检测列表」：每站 s 由事件检测算法输出 T_s = {t_{s,1}, …, t_{s,K_s}}（式(9)），即到达时刻，K_s 为该站报告的检测数，可大于源数；检测到源的关联 α_s 未知（式(10)），α_s(j) = k 表示第 j 个检测来自源 k，α_s(j) = ⊥ 表示杂波虚警；假定单个源波前在同一站不产生多次检测（式(11)–(12) 的入射性要求）。未知量：源数 K、源位置 x_k、检测归属 α_s。观测量本质是 TOA/TDOA 事件时刻，不含幅度信息（§I 讨论：幅度类特征需建模未知辐射特性，作者因此采用事件检测得到的 TOA 型特征）。论文未给出快拍数、采样率或带宽概念，因为模型不含波形采样。","未知K直接处理。依据：K 是需要被估计的输出之一（摘要：""an unknown number of sources""；§I：""localization of an unknown number of sources under clutter, time jitter, misses, and unknown association""；式(5) 之后 ""the number of sources and their positions"" 为待反演量）。算法中没有出现任何需要预先给定 K 的步骤：K 只在式(7) 定义为源索引集合 𝒦 = {1,…,K}，式(19)/(23) 的组合规模分析中作为变量；集合基数 M（最小集合大小）是用户设定的下界而非源数上界，M ≥ 4 由 3D TDOA 几何决定（式(16)）。源数通过选出的互不相交集合个数隐式导出（§II-C 式(30)–(37)、算法 2 返回的 C′），论文未对 K 设上限，附录 B 式(48) 的单元素集合 {d} 用于把未选中检测显式判为杂波。","整体思路是「先用几何一致性把候选关联压成可行集合，再在集合空间上做离散优化」。1) 集合建模：把「每个传感器贡献一个检测、共同解释一个源」的检测组合定义为 coalition，完美检测情形下所有这样的组合构成 4-均匀超图的一族超边（式(14)–(16)，图3 以 S=4、K=2 画出 2^4=16 条超边）；可行集合要求 2 ≤ M ≤ |A| ≤ S 且任意两个检测来自不同传感器（式(16)）。2) 代价定义：ω(A) = c‖t(A, x̂)‖∞（式(21)–(22)），即对集合 A 先用 Chan-Ho 解算单源位置 x̂，再取 TDOA 残差向量的 ℓ∞ 范数并乘传播速度，得到「最大伪距差一致性界」的几何解释。3) 物理门限门控：先做站点对级传播时间约束 Δt_{s,s'} ≤ τ_max + Δt_tol（式(27)–(29)，τ_max 由阵列几何决定，Δt_tol 为时间容忍），剔除物理上不可能的集合，再由 ω(A) ≤ η 得可接受集合族 C*（式(30)）。4) 全局关联归结为集合装箱：以二值变量 x_A 与「集合—检测关联矩阵」A 表示，约束 Ax ≤ 1 使每个检测最多用一次（式(31)–(34)），目标 min Σ ω(A) x_A。5) 求解器：贪心代价装箱（式(35)–(37)）、贪心字典序装箱（式(38)–(40)，先最大化基数再最小化代价）、BILP 字典序装箱（式(41)–(43)，max (y_S, y_{S−1}, …, y_M) 分层最大化基数）、BILP 顺序字典序装箱（式(44)–(46)，按基数从大到小逐层 BILP 求解后在该层做代价最小化）。与已有方法的主要差异：作者明确对比贝叶斯/随机有限集方法，强调本方法是确定性组合框架，假设以「几何验证过的集合」形式构造并先经物理可解释的一致性约束剪枝，再做组合选择（§I 末段、§II 引言）；差异还在于目标函数选择上采用字典序（基数优先）而非纯代价驱动。","需重推适配；输入信息层级：已关联量测的前一级，即「已提取的逐站到达时刻检测列表（TOA/TDOA 事件）」。判定依据：式(9) 直接把每站输入定义为检测时刻集合 T_s，全部后续机制（集合构造、Chan-Ho 单源解、ℓ∞ 残差代价、集合装箱）都建立在这些离散事件上，不涉及任何波形、频谱或协方差运算；论文 §I 明确说明传感器端因通信/功耗/成本约束会先压缩观测、提取 TOA/TDOA/峰值幅度等特征再上报。失效条件：(a) 若检测器无法把时频混叠的多源拆成多个时刻事件（例如多个源在同一时刻到达、或波形未知导致匹配滤波失效），输入列表本身就不存在，方法无从启动；(b) 方法假设单站对同一源不产生重复检测（式(11)–(12)），在时频混叠多径或同一源分裂出多峰时会违反；(c) 需要站间同步（§II-A 末段明确指出当前形式假定同步传感器）；(d) 需要 3D 定位至少 4 站，M ≥ 4。作者也指出该关联框架不依赖具体代价定义，可换用 RSS 或 DOA 代价函数（§II-A 末段），这是它可能与其它观测层级对接的地方。","两类数据。1) 蒙特卡洛仿真（§II-D）：Python 3.11.3 的均匀伪随机数生成器，无放回抽样保证源位置唯一；6 个传感器等角分布在半径 500 m 的圆边界上（共 6 站、每站单传感器），传播速度 c = 343 m/s，源位置在域内均匀采样。四组基准：(i) 1/2/3 源集合残差统计，TOA 加 ±0.1 s 均匀随机抖动并随机注入 12 个虚假 TOA（插在首末 TOA 之间），1001 次重复；(ii) 门限伪距参数从 0 扫到 160 m，2 源场景，±0.1 s 抖动 + 12 个虚假检测，每种门限 1001 次重复；(iii) 1/2/3 源，抖动从 ±0.00 s 扫到 ±0.10 s，每个抖动值 1001 次重复；(iv) 关联性能，固定 ±0.1 s 抖动、1 个随机漏检、0–12 个虚假检测，每个虚警水平 1001 次重复。默认参数 M = 5、S = 6、η = 100 m。2) 实测声学数据（§II-E、图5）：德国 Lehnin 城市环境中的狙击步枪枪口爆音，6 个无依托地面传感器 s1–s6 布设在约 200 m × 400 m 范围，6 个源位置 k1–k6（k1/k3/k4 在屋顶、k2/k5 在地面、k6 在塔上），每个源位置记录 20 次枪口爆音；气象条件 1007 hPa、297 K、40% 相对湿度，声速 346 m/s，10 m 高处风速 < 12 节；传播时延用 Eikonal 解算器在环境数值模型上计算，与自由场时延偏差 < 0.6% 因而忽略；传感器时钟在测量区间首末同步，观测到的相对钟漂约 10^-5，按线性模型校正。对比方法：贪心代价装箱、贪心字典序装箱、BILP 字典序装箱、BILP 顺序字典序装箱四者互比，附录 B 另加「精确加权覆盖（exact weighted cover）」BILP 作参照（图13）。评价指标：中位定位误差（LE，米；因无解时定义为无穷，故取中位数）、平均基数误差（CE）、以及 precision 与 recall（式(47)，预测集合与真值集合的交集占比）。BILP 用 COIN-OR Branch-and-Cut 求解器（文献[27][28]），未设显式求解时限，运行到报告最优解为止。","1) 集合权重分布（§III-A-1、图7）：基数越大残差分布尾部越重，1/2/3 源情形下均只有不到 0.05 比例的集合满足 ω(A) < 200 m，说明门限可大量剪除候选。2) 门限扫描（§III-A-2、图8）：CE 在门限趋 0 时趋近 2.0（可行集合被大量拒绝、源被漏掉）；贪心代价装箱最差，各字典序算法均更优；贪心字典序在 CE 上对门限最不敏感。建议门限 η 取在 [1, 2]·c·E[t_jitter] 区间（c 为传播速度、t_jitter 为抖动），此区间内平均 CE 与中位 LE 同时最小；论文给出实践建议 η 取 c E[t_jitter] 的 1–2 倍。3) 抖动扫描（§III-A-3、图9）：抖动趋 0 时 LE 与 CE 趋 0；±0.1 s 抖动下中位 LE 达到约 45 m；3 源情形的 CE 增长更快，可达约 0.25。4) 关联性能（§III-A-4、图10–11）：12 个虚警时集合精度在 2 源/3 源情形仍接近 1，1 源情形明显更低（因为删掉一个真检测会破坏唯一的 6-基数正确集合）；集合召回在无杂波时最低、随虚警增加而下降至约 0.7；1 源情形因需依赖更小的 5-基数集合而对抖动更敏感。5) 实测（§III-B）：单源 oracle 基准（已知关联）LE 在 7–32 m 之间（图12，Lehnin 环境，六个源位置、每个 20 次重复）；原始观测下多源关联与定位「平凡」，precision 与 recall 均为 1.0 且结果与 oracle 一致，作者因此人为把真源集合的检测时刻调整到最大重叠以构造困难情形，再对全部 2 源与 3 源位置组合用贪心字典序装箱求解（M = 5、S = 6、η = 100 m）：平均基数误差在所有配置下为 0，中位 LE 从 {k3,k5} 的 15.7 m 到 {k1,k5,k6} 的 45.2 m（表I、表II）；{k5,k6}、{k4,k6} 关联更难、误差更大；{k3,k4} 因空间邻近导致 precision/recall 低但 LE 仍低。6) 附录 B（图13）：精确加权覆盖 BILP 的中位 LE 与平均 CE 总体差于集合装箱形式，且依赖杂波惩罚模型的信息量。","论文未给出代码或数据公开声明，未提供开源仓库链接。仿真设置描述较完整（传感器数 6、半径 500 m、c = 343 m/s、Python 3.11.3、抖动/虚警注入方式、每档 1001 次重复、M/S/η 默认值），门限选取规则也给出（η ∈ [1,2]cE[t_jitter]），这些足以复现蒙特卡洛基准。但以下关键项缺失或未说明：贪心/BILP 的其它超参数（除 M、S、η 外）；BILP 求解器的终止与容差设置仅说「运行到报最优解」；实测数据未提供原始数据获取方式，仅说明为 ISL 自采的 Lehnin 实测并给出来源文献（[23]–[25]、[32] 为作者团队前作）；Chan-Ho 估计量中参考检测的选取规则在脚注 1 中给出（按检测编号），但未给出该估计量的精度分析与数值条件。作者自评的适用边界：当前形式假定同步传感器，且框架不依赖具体代价函数，可换用 RSS 或 DOA。","第一层（作者结论）：把杂波、漏检、抖动与未知源数下的多源定位统一建模为集合选择/集合装箱问题，用物理可解释的伪距门限做可接受性门控，可同时得到源数、关联与位置；字典序（基数优先）策略优于代价驱动策略，其中贪心字典序装箱在广泛门限范围内综合最优（接近 BILP 字典序的定位精度而计算量低）；存在一个可用的门限选取经验法则 η ∈ [1,2]cE[t_jitter]。第二层（实验实际支持的结论）：支持强度集中在仿真基准上——结论成立条件是 (a) 观测已转化为逐站 TOA 检测列表，(b) 各站同步，(c) 单源在单站不产生重复检测，(d) 至少 4 站（本文用 6 站），(e) 抖动被建模为均匀分布（±0.1 s 量级）且有界，(f) 源为脉冲型、可被事件检测器分离。外推限制：论文未测试非脉冲/连续波源、未测试非同步站、未测试同一源在同一站出现多峰、未测试源数大于 3 的仿真条件（仿真只到 3 源）、实测只到 3 源组合；实测部分作者自述原始观测下关联「平凡」（precision/recall = 1.0），困难情形是通过人为对齐到达时刻构造的，因此实测结论的难度并非自然出现。作者也没有给出与贝叶斯/RFS 类方法的同条件定量对比——§I 只做了方法学定性区分，未提供对比实验。","1) 把多源 TDOA 定位中的源数、关联、位置三件事统一为「几何验证的检测集合」上的集合装箱问题，并给出可解释的物理门控（ℓ∞ TDOA 残差 → 伪距阈值，式(21)–(22)、式(30)），使关联假设置信度具有长度量纲而非抽象的似然值。2) 提出并系统比较「基数优先的字典序目标」这一非显然的目标函数设计，用四组蒙特卡洛基准与两个 BILP 变体证明基数（传感器共识）比代价本身更能指示几何可靠性，且贪心字典序在门限鲁棒性上最佳（图8–图11）。3) 给出完整的组合复杂度刻画（式(23)–(26)）与两个可直接实现的算法（算法1 可行集合族构造、算法2 贪心字典序装箱），并证明门控剪枝在实践中能把候选集合压到很小（图7）。4) 用一个真实的城市环境声学数据集（Lehnin，6 站、6 源位置、每位置 20 次）验证框架在 2 源与 3 源组合下的关联与定位表现，并诚实报告原始观测下关联过于容易、需人为构造重叠才算有挑战。","1) 输入依赖检测级事件：整套方法从式(9) 的 T_s 开始，不讨论检测器本身；当多个源在时频上混叠、或波形未知导致匹配滤波峰合并或分裂时，式(11)–(12) 的单站入射性假设与输入列表本身都不再成立，论文未给出该失效路径的讨论或鲁棒性实验。2) 组合复杂度仍是实际瓶颈：式(23)–(26) 给出 Θ(K^S)（固定 S）与 Θ((1+K)^S)（固定 K）的增长，图4 显示检测数到 12 时集合数达 10^7 量级；论文只在 S=6、K ≤ 3、检测数 ≤ 12 的规模上验证，对更大阵列/更密检测的可扩展性只有「实践中门控会大幅剪枝」的定性说法，无规模实验。3) 实测评估存在自认的构造性：作者明确指出原始数据下关联平凡（precision/recall = 1.0），困难情形是人为推动真源检测重叠得到的；且实测只覆盖 2 源与 3 源组合，未覆盖漏检与强杂波的真实案例——而仿真中的主要结论（虚警与漏检下的行为）在实测中并未被检验。4) 与既有方法的对比不完整：相关工作只做了定性区分（贝叶斯/RFS、随机有限集、稀疏惩罚、图方法等），实验中没有与任何这些方法做同条件数值对比，因此「优于既有方法」缺乏直接证据；此外定位精度仍受限于 Chan-Ho 单源闭式解（脚注 1），论文未讨论该解在近场/病态几何下的精度，也未与 CRLB 类下界比较。","问题有价值、方法自洽且工程上可直接落地，但创新程度属于「建模视角的重新组织」而非新观测机理或新精度极限。价值在于把杂波、漏检、抖动、未知源数放进同一个离散优化框架，并给出一个有长度量纲、可人工设定的门控阈值，这使关联结果可解释、可调；「基数优先优于代价优先」这一发现也从仿真与实测两个方向得到一致证据（图8、图10–11、表I–II），是本文最有信息量的结论。合理性方面，式(21)–(22) 的 ℓ∞ 残差代价与几何一致性之间的对应关系清楚，集合装箱的可行性约束 Ax ≤ 1 也准确刻画了「一个检测最多解释一个源」的物理要求，附录 B 还讨论了更严格的覆盖形式并诚实报告其数值表现更差，说明作者做了取舍论证而非只做加法。证据强度的短板在于：其一，与相关工作的比较只停留在定性层面，没有同条件基线；其二，实测部分作者自认原始条件下关联平凡，困难场景是人为构造的，而仿真中关于虚警/漏检的主要结论在实测中完全未受检验；其三，规模只到 6 站、3 源、12 个检测，式(23)–(26) 的指数增长与图4 的曲线并不支持向大阵列外推。实际应用价值较高（脉冲声源、枪口爆音、可同步的多站网络），但前提是站间同步与检测级事件提取都已成立；对波形级、时频混叠、非脉冲源场景需要另行改造。整体评价：一篇扎实、诚实、可复现性中等的方法类论文，结论在其设定边界内可信，但边界较窄且均被作者自己承认。","(1) 覆盖程度：只覆盖了本项目问题链的末端一小段，且是在不同观测层级上覆盖的。本项目要解决的是「短时混合 IQ → 源数 K → 逐源频段 → 各源位置 → 频率-源-位置对应」；R10 从「逐站已检测出的到达时刻事件列表」开始，解决的是关联与源数一致性 + 单源位置解算，且假定各源是脉冲、时间上可分辨的独立事件。它没有涉及任何频域或波形内容，也没有处理时频混叠，因此对「源数 K 从混合 IQ 中直接恢复」这一核心任务无覆盖。它的源数推断是「选出多少个互不相交的 6-基数集合」，属于量测域计数，与本项目的谱域/学习式计数不是同一问题。(2) 能否作为同条件基线：不能直接作为同条件基线，属于需重推适配。理由是观测接口不同（事件列表 vs 短时混合 IQ），且它要求站间同步、脉冲源、单站不重复检测；若本项目要构造 TDOA 型对照，需要先自行完成「混合 IQ → 逐源 TDOA 检测」的前端，而那正是本项目要证明的难点，用它当基线会造成循环论证。可考虑的适配路径是只在 K=2/3 且已知源可分离的仿真子集上，把本项目细 DPD 输出的源位置与 R10 的集合装箱结果做交叉校验（而不是比精度）。(3) 是否压缩创新空间：压缩有限，但存在一处需要警惕。它压缩的是「未知 K 直接处理」这条威胁中的一小部分——R10 确实在没有给定 K 的情况下同时输出源数与位置，属于「未知 K 直接处理已有先例」（与文献综述中列出的 R30 GLMB、R14 变源数端到端同类），但它作用在检测事件层而非混合 IQ 层，且依赖脉冲可分辨性，因此不能证明「从短时混合 IQ 直接处理未知 K」已被覆盖。它没有压缩「逐源定位权重相对公共选频有独立价值」这一核心创新边界：R10 不使用任何频率信息，不涉及选频与多频融合，因此对本项目最关键的那条候选贡献没有威胁。真正需要注意的是它的「集合/组合一致性 + 门限门控」思路与本项目的「集合热力图 + 逐源槽位」在方法论气质上接近，评审可能追问两者区别；应对方式是强调输入层级不同（事件 vs IQ）、需要恢复的额外量不同（逐源频段与频率-源-位置对应）。(4) 可直接借鉴的机制：a) 用 ℓ∞ 范数（而非 ℓ2）构造一致性代价，把残差上界直接翻译成「最大伪距差」这一有物理量纲的量，从而得到一个可人工设定、可解释的接受阈值——本项目若要为多源位置解加一个几何一致性门控，这个「阈值带物理量纲」的做法值得借用；b) 字典序目标（先最大化共识基数、再最小化代价）优于加权求和代价，提示本项目的集合式多源输出（集合热力图 + offset）在配套后处理/匹配阶段也可以引入「共识数优先」的排序，而不是只按置信度阈值取峰；c) 附录 B 的负结果有借鉴价值：作者尝试用精确加权覆盖（每个检测必须被显式分配，含单元素杂波类）替代集合装箱，结果数值更差且强烈依赖杂波惩罚模型的信息量——本项目若考虑加「杂波类」分支来吸收虚警，应注意这一负面经验，先做消融再定型；d) 作者关于门限的经验法则「η ∈ [1,2]·c·E[t_jitter]」提供了一个「按噪声尺度设定阈值」的范式，可迁移到本项目频率占用与位置判定的阈值设定上。必须避开的陷阱：不要假定源在时间上可分辨——R10 的全部机制建立在「单站对单源只产生一个到达时刻」之上，而本项目的对象恰恰是同频带时频混叠，若照搬其事件列表接口会把本项目最核心的困难掩盖掉；也不要引入「把未匹配检测显式判为杂波」的覆盖式建模，除非能确认真实数据中确实存在可被单元素类吸收的虚警比例。","研究背景与问题定义：第1页摘要与 §I 引言，式(1)–(6)（第1页，含脉冲源简化式(6) 与图1/图2 的说明文字）；传感器端压缩与 TOA 特征选择理由见 §I 第1页右栏中段与第2页左栏末段。五种检测完备性情形与单站入射性假设：第3页 §II-A 第 (i)–(v) 条及式(11)–(12)。检测列表与未知关联：第2页 §II-A 式(7)–(10)。集合/超图定义与最小基数 M ≥ 4：第3页式(13)–(16) 与图3。Chan-Ho 单源解与参考检测选取：第3页脚注 1。代价定义 ω(A) = c‖t(A,x̂)‖∞：第3页式(21)–(22)。组合复杂度：第4页式(23)–(26) 与图4。站点对传播时间门控：第4页式(27)–(29)。集合装箱形式与贪心代价装箱：第4页 §II-C 式(30)–(37)。贪心字典序与 BILP 字典序、BILP 顺序字典序：第5页式(38)–(46)。蒙特卡洛设定与 6 站 / 500 m / c = 343 m/s：第5页 §II-D；四组基准 (i)–(iv) 与 1001 次重复：第5页右栏。实测环境（Lehnin、s1–s6、k1–k6、20 次爆音、气象与钟漂）：第5页 §II-E 与图5、图6；Eikonal 时延偏差 < 0.6% 与钟漂 10^-5 校正：第6页左栏首段。集合权重分布与门限建议 η ∈ [1,2]cE[t_jitter]：第6页 §III-A-1 与图7；门限扫描与门限趋 0 时 CE→2.0：第6页 §III-A-2 与图8。抖动扫描与 ±0.1 s 下约 45 m：第6–7页 §III-A-3 与图9；3 源 CE 达约 0.25：第7页左栏首段。关联性能与 precision/recall 定义式(47)：第7页 §III-A-4 与图10、图11。贪心代价装箱最差、字典序更优、贪心字典序对门限最鲁棒：第6页右栏至第7页左栏。实测 oracle 基准 LE 7–32 m：第8页 §III-B-1 与图12。多源实测 precision/recall = 1.0、人为对齐构造困难情形、M = 5/S = 6/η = 100 m：第8页 §III-B-2。中位 LE 15.7 m（{k3,k5}）至 45.2 m（{k1,k5,k6}）与平均基数误差 0：第8页右栏首段、表I（第9页）、表II（第9页）。算法1（可行集合族构造）与算法2（贪心字典序装箱）：第9页左右栏。附录 B 精确加权覆盖形式、式(48)–(60) 与图13 的负结果：第9页末至第10页。结论：第8页 §IV。作者自评局限（当前形式假定同步传感器、代价函数可替换）：第3页 §II-A 末段。"
"R11","Ghost Discrimination Method for Broadband Direct Position Determination Based on Frequency Coloring Technology","Mengling Yu, Long Yang, Yixin Yang, Xionghou Liu, Lu Wang，Journal of Marine Science and Engineering（J. Mar. Sci. Eng.），2024，12，文章号 2182（第 1–18 页，印刷页码 1–18 of 18）","针对多站多阵元宽带直接定位（DPD）中""不同目标与不同站错误关联""产生的假目标（ghost）问题，作者在全频带子带空间谱上按子带中心频率做 RGB 频率着色再沿频率求和，使真目标所在的射线交点颜色一致、假目标交点为混色，从而在空间谱上区分真假目标；仿真中三个目标（SNR 高于约 −18 dB）正确识别概率可达 1，并用 SWELLEx-96 Event S59 实测数据给出了真假目标的颜色区分结果。","被动定位场景，多个已知位置的接收站接收多个远场宽带目标信号。仿真为水中声学（浅海），L=2 个均匀线阵（ULA），阵元间距 3 m、阵元数 M_l=21；信号频率 125–500 Hz；目标为静止目标。实测为 SWELLEx-96 浅海实验 Event S59，两条水平线阵（HLA North、HLA South）相距约 3 km、水深分别 213 m 与 198 m、各 32 阵元（处理时用两端的前 27 个传感器），被定位对象是拖曳声源（目标）与一艘作为强干扰的表面船，信号频率 49–400 Hz。关键约束：每站必须是多阵元阵以便形成方向谱脊线；各目标须具有可区分的频率结构；DPD 逐子带独立处理，站间相位不做相干合并。","接收模型为式(1)：x_l(t)=Σ_{k=1}^{K} α_{l,k} s_k(t−τ_l(p_{sk}))+n_l(t)，即第 l 个阵（M_l 阵元）接收 K 个远场宽带信号，α_{l,k} 为仅依赖站—目标相对位置的标量衰减（远场、时不变），τ_l(p_{sk}) 为传播时延，式(3)给出阵元级时延为距离除以声速 c。观测域：先把 [0,T] 分成 Q 段，每段做长度 N 的 FFT，得到频域输出式(4) x̄_l(f_n,q)=Σ_k a_l(f_n,p_{sk})α_{l,k}s̄_k(f_n,q)+n̄_l(f_n,q)，a_l(f_n,p)=e^{−j2πf_n τ_l(p)} 为阵流形；再由式(5)按子带 n 对 Q 段做样本协方差 R̂_{l,n}=(1/Q)Σ_q x̄_l(f_n,q)x̄_l(f_n,q)^H。未知量为信号波形、衰减、时延（等价于位置）与噪声；噪声设为宽平稳零均值复高斯白噪声，远场假设、观察时长大于信号接收时长与全部时延之和。快拍/分段数：仿真 T=4 s，分成 39 段（50% 重叠），每段 500 点（0.16 s），N=500 点 FFT。","需另定阈值后处理取峰。依据：1) 核心定位式(11)(12) 采用 MVDR-DPD，作者在第 2 页明确指出 MVDR 估计器""does not require prior knowledge of the number of targets""，故定位环节不需要 K；2) 但假目标数目的解析推导式(14) N_T=LK(K−1)(L−1)/2+K 显式用到 K，属分析性推导而非算法输入；3) 真假目标判别由颜色一致性决定（Algorithm 1 第 9–13 行不含 K），本质是先取空间谱峰值、再按颜色分组，需另行给定峰值阈值与颜色分组数；第 4.1.D 节定量实验中""three groups of lines with the smallest color distances were identified as the estimated target locations""（第 13 页），与仿真 C 的真值 K=3 一致，论文未说明该分组数是由算法自动确定还是按已知 K 设定；4) 作者在第 10 页批评仅靠能量强度取峰会误判，但全文未给出 K 的估计方法。","分三步。第一步（定位）：对每个子带 n、每个站 l，用式(12) Q_{l,n}(p)=a_l^H(f_n,p)R̂_{l,n}^{−1}a_l(f_n,p) 计算逐站 MVDR 空间谱，再由式(11) P̂_{n-MVDR}(p)=1/Σ_{l=1}^{L}Q_{l,n}(p) 把 L 个站的谱做""倒数和""式非相干融合，二维扫描得到该子带的 DPD 空间谱 P_n（X×Y 矩阵）。第二步（着色）：构造颜色映射矩阵 C∈R^{N_f×3}，对每个子带按式(15)的三段单调三角函数 r(f_n),g(f_n),b(f_n) 由子带中心频率生成 RGB 分量（f_n≤f_c 时红衰减、绿上升，f_n>f_c 时绿下降、蓝上升，低/中/高频分别偏红/绿/蓝），再用式(16) P_n^{(r)}=r_n P_n 等把每个子带的空间谱搬移到 RGB 三个通道。第三步（融合与判别）：按式(17) P^{(r)}=Σ_n r_n P_n、P^{(g)}=Σ_n g_n P_n、P^{(b)}=Σ_n b_n P_n 沿频率求和，得到""彩色宽带空间谱""。判据基于一个物理假设：同一目标被不同子阵接收时其频率结构近似一致（第 13 页），因此真目标所对应的两条来自不同站的射线具有相同颜色，而假目标是""不同目标的两条射线""的交点、颜色不同（混色）。Algorithm 1（第 9 页）给出完整流程：输入 L、声速 c、阵位置 P_l、接收信号 x_l(t)、阵元数 M_l；初始化子带数 I、分段数 Q、目标带宽 [f_L,f_H]；对 i=1..I 循环，对 l=1..L 计算式(4)(5)(11)，再由式(15)(16)着色，最后式(17)融合并输出 P^{(r,g,b)}。与已有方法的主要差异：传统宽带 DPD 把所有子带空间谱按能量直接叠加成一个宽带谱，只用能量信息；本文在每个子带谱上施加与频率相关的颜色权重后再叠加，从而在同一张谱上同时保留能量与频率两维信息，使""属于同一目标的射线""可用颜色关联。第 4.1.D 节进一步用式(19) 的归一化 HSV 颜色距离 d_HSV=(|h_i−h_j|+|s_i−s_j|+|v_i−v_j|)/3 把判断量化。","需重推适配；输入信息层级：原始时域 IQ（式(4)(5) 逐子带 FFT 与样本协方差）+ 已知每站阵形与站址的流形。判定触发条件：方法在每个子带谱上依赖具有方向分辨能力的阵列流形 a_l(f_n,p)，即必须存在可分辨的 DOA 脊线，才能出现""射线交点""这一几何结构；仿真用 21 阵元线阵、实测用 27 阵元 HLA，均为多阵元站。在本项目的""四站单天线""条件下，单天线站的方向谱无角度分辨力，本文的脊线交点式假目标机制与颜色一致性判据都无法直接建立，需要把几何从""方位线交点""重推为""时延/距离差曲面交点""，并重新推导 ghost 计数。失效条件：两个源占用完全相同的频段（颜色相同）时颜色判据失效；论文未测试该情形，仿真 C 中 target 3 的 250–750 Hz 与 target 1 的 250–500 Hz 只是部分重叠。另外按论文给出的阵元间距 3 m 与水中声速 1500 m/s 计算，500 Hz 处波长恰为 3 m、间距等于一个波长，高频端存在栅瓣/空间模糊风险，论文未讨论（分析判断）。","数据来源：仿真 + 公开实测数据集 SWELLEx-96（Event S59）。仿真几何：L=2 个 ULA，各 21 个全向传感器，间距 3 m，首阵元分别在 [0,780] m 与 [0,−720] m；搜索网格 x∈[0,3000] m、y∈[−2000,2000] m、网格间隔 50 m；声速 1500 m/s，采样率 f_s=2.5 kHz，T=4 s，39 段 50% 重叠、每段 500 点，N=500 点 FFT，噪声为宽平稳零均值复高斯白噪声。情景 A（等强度两目标）：target 1 在 [600,700] m、频带 [250,500] Hz、阵 1 处功率 P_1=−10 dB；target 2 在 [1000,−200] m、频带 [125,250] Hz、P_2=−10 dB；噪声功率 P_n=0 dB；SNR 按式(18) SNR_{2,k}=SNR_{1,k}−10lg(D_{2,k}/D_{1,k}) 随站—目标距离衰减。情景 B（不等强度）：target 1 功率 −5 dB、target 2 功率 −10 dB。情景 C（多目标）：在情景 A 基础上增加 target 3，位于 [800,500] m、频带 250–750 Hz（与 target 1 频带重叠）。情景 D（假目标判别能力）：与情景 C 同条件，沿连线取 10 个连续像素求平均 RGB 再转归一化 HSV 计算颜色距离，取颜色距离最小的三组射线的交点作为估计目标位置，300 次 Monte Carlo 统计正确判别概率。实测：SWELLEx-96 Event S59，HLA North/HLA South 各用前 27 个传感器，数据 1996-05-10 至 05-18，取第 30 分钟起的 10 s 段，采样率 3276.8 Hz，选 76 个 5 Hz 间隔频点；目标与干扰坐标由公开网站给出（干扰 32°38′35.341″N、117°22′24.904″W → (−1571,1725) m；目标 (1061,5856) m）。对比方法：仅与原 DPD-MVDR 方法（Tzafri & Weiss, 2016，参考文献[1]）做定性对比；评价指标为判别概率（仿真）与空间谱上真假目标的颜色可区分性（实测）。论文未给出定位误差（RMSE）曲线，也未与任何其他消歧方法做定量对比。","1) 情景 A（等强度）：两站共产生 4 个交点，其中只有 2 个为真目标（图 7a/7b，第 11 页）；图 7b 中同一蓝绿两色射线的交点对应 target 1、同一橙红两色射线的交点对应 target 2。2) 情景 B（不等强度）：原 DPD-MVDR 谱中仅一个交点能量明显、另三个在白框中能量弱，难以判断；着色后真目标由两交点以红箭头标出（图 8a/8b，第 11 页）。3) 情景 C（三目标）：DPD-MVDR 谱出现 9 个显著能量交点（与式(14) 在 L=2、K=3 下 N_T=9 一致），其中 5 个能量较强；着色后 target 1/2/3 分别呈绿/红/蓝，可直接判出哪个强能量交点属于真目标（图 10a/10b，第 12 页）。4) 情景 D：图 11 显示 SNR 高于约 −18 dB 时正确判别概率≈1；内嵌图给出 −20.5～−18.5 dB 区间的细节，−20 dB 附近约 0.15–0.2，−19.5 dB 约 0.45，−19 dB 约 0.52，−18.5 dB 约 0.6，故作者所称""even at a low SNR level""对应约 −18 dB 阈值。5) 实测：图 14a 的原 DPD-MVDR 谱因 37 个旁瓣与未知干扰出现多条亮线，白色箭头所指两处易被误判为信号；图 14b 中这两处对应""黄色线与蓝色线的交点""，被判为假目标，真干扰（红五角星）与信号（红框）被正确区分；图 15 的 BTR 显示 HLA North 在约 315° 存在恒定方向的未知强干扰、HLA South 未检出，作者据此解释图 14 中只有一条射线、无法定位该干扰。结果成立条件：仿真结论均在已知阵形、仿真生成的频率结构可分、SNR≥约 −18 dB 下成立；论文未测试两源频带完全重合、未给定位精度指标、未做与其他消歧方法的定量比较，实测部分也仅作定性展示，且明确说明该数据段中干扰位于两阵阵端附近、颜色映射的正确性依赖已知频率结构。","数据：实测 SWELLEx-96 为公开数据（论文给出 https://swellex96.ucsd.edu/ 与 UCSD Library 链接，Data Availability Statement 说明数据由 Jim Murray 提供、公开可得）；仿真数据与代码未见公开说明（论文未说明是否开源）。超参数：仿真给出 L、M_l、阵元间距、阵位置、网格范围与间隔、声速、f_s、T、分段数与重叠、段长、N、概率定义与式(18)，情景 C 的目标位置与频带也已给出；但着色环节仍有缺口——(a) 仿真中参与着色的子带集合是否即为全部 N=500 个频点、如何界定 [f_L,f_H] 之外的频点，论文未逐条说明；(b) 式(15) 在 f_n<f_L 时 r(f_n)=(f_c−f_n)/(f_c−f_L)>1，超出论文所述 [0,1] 归一化范围，论文未说明截断处理（分析判断）；(c) §4.1.D 中""沿连线取 10 个像素、颜色均匀且无周围干扰像素""的射线提取算法未给出可复现的检测流程；(d) 颜色分组的组数未说明是否自动确定。实测部分给出采样率、频点数与频点间隔、数据段起点与时长，但未给出阵列实际几何坐标与标定细节（图 12b 给出示意图与量级）。作者自评局限：第 17 页结论后段提到该方法对更大阵列与更复杂目标环境的推广""requires further investigation""，未给出定量局限分析。","第一层（作者结论）：频率着色把宽带信号的频率用颜色表示，提高了信号信息利用率，能在多目标场景下有效区分真目标与假目标；仿真表明在低 SNR 下仍能有效区分；SWELLEx-96 数据处理证实了在真假目标区分上的有效性，并称该方法为多目标场景提供了直观有效的解决方案。第二层（实验实际支持的结论）：实验支持的是""当各目标具有可区分的频率结构、且每站具备多阵元方向分辨能力时，按子带频率着色的宽带空间谱可以让人工或简单颜色距离度量看出哪些交点是同源射线交点""，其中定量的只有情景 D 的判别概率曲线（约 −18 dB 以上趋于 1，且该曲线依赖 300 次 Monte Carlo 与已知的三组分组）；""低 SNR 有效""（约 −18 dB）仅在有该频率结构差异的仿真条件下成立。实验不支持的外推：不能据此认为本方法能在未知源数下自动确定 K；不能认为在两个源频率结构相同或完全重叠时仍有效；不能认为在单天线站/无方向分辨的接收配置下成立；论文也未提供定位误差或与其它消歧方法的定量对照，故不能支持""提升定位精度""的定量主张（作者在摘要中使用了""enhances multi-target localization accuracy""的表述，但全文未见对应误差指标）。","1) 提出并实现了一种把宽带 DPD 的逐子带空间谱按子带中心频率映射到 RGB 颜色后再沿频率求和的""彩色宽带空间谱""构造方式，使空间谱同时呈现能量与频率两类信息（式(15)–(17)、Algorithm 1）。2) 给出了分布式多站多目标 DPD 中假目标（ghost）的几何来源解释与解析计数：交点数 N_p=LK(LK−1)/2（式(13)）、检出点数 N_T=LK(K−1)(L−1)/2+K（式(14)），说明假目标数随目标数增长远快于真目标数。3) 提出以""同一目标在不同站上频率结构近似一致""为物理依据的判别准则：同色射线的交点为真目标、异色交点为假目标，并给出基于归一化 HSV 颜色距离（式(19)）的定量化判别流程与 300 次 Monte Carlo 判别概率曲线。4) 在 SWELLEx-96 Event S59 实测数据上验证了颜色准则对真假目标的区分效果，并借 BTR 解释了实测谱中""只有一条射线""的成因。","1) 判别依赖""各目标频率结构可区分""这一前提，且真目标的判据是两条同色射线相交；当两个源占用相同频段或频率结构高度相似时判据失效，论文未做该情形的仿真或实测检验，也未给出频带重叠度的适用边界（仿真 C 仅是部分重叠）。2) 定量评价不完整：全文没有定位误差（RMSE/偏差）指标，只有""判别概率""一条曲线，且未与任何其他 ghost 消歧方法（如参考文献[33] 的 DSVF、[24]–[29] 的聚类/暴力关联法）做同条件对比，无法判断相对增益。3) 未解决源数未知问题：式(14) 的计数用 K，§4.1.D 的定量实验按三组射线给出结果，作者虽在第 10 页指出真实场景中目标数未知、仅靠能量取峰会误判，但未提出 K 的估计方法，也未报告 K 估计错误时的性能。4) 工程细节不足与物理耦合：射线提取与颜色分组的具体算法未给全；式(15) 对 [f_L,f_H] 以外频点的取值超出 [0,1]；阵元间距 3 m 在 500 Hz 处等于一个波长（声速 1500 m/s），高频端存在栅瓣/空间模糊风险而论文未讨论（分析判断）。","问题价值真实但定位较窄：论文处理的是""多站 DPD 空间谱已给出候选峰、如何排除错误数据关联造成的假峰""这一后端消歧问题，而不是从混合观测中恢复源数与逐源参数。方法在概念上简洁、物理动因清楚（同一目标的频率结构在站间近似不变，异源射线交叉生成假点），代价很低，属于""给传统能量谱加一层频率标签""的轻量后处理，实用性好。创新程度中等：核心是空间谱的频率加权求和加颜色可视化，未引入统计判决或优化；其价值主要在把频率维度显式保留在宽带 DPD 的融合步骤中，并给出了假目标数量的解析刻画。实验证据强度一般：仿真的判别概率曲线条件明确、可追溯，但缺少定位精度指标与基线对比；实测部分为定性展示，且数据段内两个待分目标与干扰的实际频率结构差异由作者叙述给出，未提供独立的频率结构可分性度量。方法的前提（每站多阵元、目标频率结构可分）较强，且把""是否同源""的判断最终压在颜色相似度上，稳健性主要靠仿真中的 300 次 Monte Carlo 支撑，尚不足以认定其可推广。","(1) 是否覆盖本项目问题：覆盖程度很低，且方向不同。R11 处理的是""已获得多站 DPD 空间谱后，排除数据关联错误导致的假峰""，前提是每站为 21/27 阵元的多阵元阵（具备 DOA 分辨力）、各目标频率结构可区分；本项目要解决的是四站单天线、短时混合 IQ、未知 K 下同时恢复源数 K、逐源占用频段、各源位置及频率—源—位置对应关系。R11 不输出 K、不估计逐源频段占用（它的着色是对所有子带统一施加与频率绑定的权重，不是逐源频率判决）、不处理单天线站，因此不覆盖本项目核心问题。但它确实占据了""频谱辅助消歧""这一先例位（对应简报 §1.3 列出的频谱辅助消歧威胁项）。(2) 能否作为同条件基线：不能。输入信息层级不同（多阵元站的方向谱脊线 vs 单天线站的时延曲面），几何从""方位线交点""变为""等时延/等距离差曲线交点""，假目标计数式(13)(14) 也需重推，属于需重推适配而非条件适用；此外 R11 的仿真网格为 50 m 间隔、目标为静止远场源，与本项目细网格 401×401、短时观测的设置不匹配。若强行对照，只能取其""频率结构站间一致性""作为判据思想并在新几何下重推。(3) 是否压缩创新空间：压缩""用频率差异帮助多源分辨""这一条的先例性——本项目不能再把""利用各源频率结构差异辅助多源分辨/数据关联""作为独立创新点提出。但它不压缩本项目最关键的候选贡献（""逐源定位权重相对公共选频+传统求解器具有独立价值""）：R11 恰恰是""公共选频式""方案——它对全部子带的空间谱只做一次按频率着色的加权求和（式(17)），频率信息最终被压缩进单张谱里用于视觉分组，既没有逐源的频率权重，也没有让定位损失反过来影响频率表示。因此 R11 可以反过来作为本项目论点的支撑证据：把频率信息一次性求和会丢失逐源频率可分性。(4) 可借鉴机制与须避开的陷阱：可借鉴——""同一目标在不同接收站上的频率结构近似一致""这一假设可作为本项目建立频率—源—位置对应关系的物理先验与正则项；式(13)(14) 的交点计数给出了细 DPD 热力图中伪峰数量随 K 增长的解析预期，可用于诊断第四章 401×401 热力图中的多峰来源；式(19) 的 HSV 颜色距离是""把频率差异变成一个可计算的相似度""的轻量做法，可借鉴为伪峰分组的后处理度量。必须避开——把频率只当作可视化标签并沿频率一次性求和的做法（会主动丢掉逐源频率可分性，与本项目的核心主张相反）；依赖""同色射线相交即真目标""这一硬判据（在两源频带重合或重叠较多时不成立，且需要预知分组数，第 4.1.D 节按""three groups""给出结果）；依赖每站多阵元的方向脊线几何（本项目四站单天线不成立）。","研究背景与贡献陈述：第 1–3 页摘要与 §1（第 2 页 (1)(2)(3) 三条贡献；第 2 页批评既有方法""typically require prior knowledge of the number of targets""；第 2–3 页指出 DSVF 类方法""solely relies on signal energy information""）。信号模型：§2.1 式(1)–(4)（第 3 页），式(5) 样本协方差（第 4 页）。DPD-MVDR：§2.2 式(6)–(12)（第 4 页），其中式(11) 为 1/Σ_l Q_{l,n}(p)、式(12) 为 Q_{l,n}(p)。假目标成因与计数：§3.1 图 1、式(13)(14)（第 5 页）。频率着色：§3.2 图 2 RGB 色空间、图 3 颜色映射、式(15) 三角映射函数（第 7 页）、式(16)(17)（第 8 页）、图 4 空间谱映射原理、图 5 流程框（第 8 页）。算法：Algorithm 1（第 9 页）。仿真设置：§4.1 第 9–10 页（L=2、M_l=21、间距 3 m、阵位置 [0,780]/[0,−720] m、网格 50 m、c=1500 m/s、f_s=2.5 kHz、T=4 s、39 段 50% 重叠、每段 500 点、N=500）；式(18) SNR 站间缩放（第 9 页）。情景 A：图 6 阵与目标位置（第 10 页）、图 7a/7b 与""四个交点、两个真目标""（第 10–11 页）。情景 B：图 8a/8b（第 11 页）。情景 C：图 9（第 12 页）、图 10a/10b 与""九个显著能量交点""（第 12 页）。情景 D：式(19) 与判别流程、图 11 判别概率曲线、300 次 Monte Carlo（第 13 页）。实测：§4.2 第 13–15 页（SWELLEx-96 Event S59、HLA 各 32 阵元用前 27 个、相距约 3 km、水深 213/198 m、49–400 Hz、采样 3276.8 Hz、76 个 5 Hz 间隔频点、10 s 段）；图 12a/12b 轨迹与坐标（第 14 页）；图 13a/13b 时频图（第 15 页）；图 14a/14b 空间谱与白箭头所指假目标（第 15 页）；图 15a/15b BTR 与 315° 干扰（第 16 页）。结论与局限陈述：§5 第 16–17 页；Data Availability Statement 第 17 页。论文全文未见表格（Table），所有定量结果均以图与正文数值给出；论文未给出定位误差指标，故不存在对应图表位置。"
"R12","A Direct Position-Determination Approach for Multiple Sources Based on Neural Network Computation","Chen X., Wang D., Yin J., Wu Y.（第一作者 Xin Chen，郑州），Sensors（MDPI），2018，18(6)，article 1925（26 页），DOI 10.3390/s18061925","作者针对多源直接定位（DPD）中 ML-DPD/MUSIC-DPD 计算量大、难以实时的问题，把感兴趣区域划分为若干子区域，用「样本协方差矩阵降维归一化 → 逐子区域 MLP 检测 → 逐子区域 MLP 空域滤波 → 逐子区域 RBF 回归定位」的模块化 MLP-MLP-RBF 网络替代峰值搜索与迭代；在 4 个 6 阵元 ULA 观测站、2 个远场窄带不相关源的仿真中，其定位 RMSE 在低 SNR 段优于 MUSIC-DPD、高 SNR 段接近 ML-DPD，单次定位 CPU 耗时 0.0383 s，而 MUSIC-DPD 为 1.2027 s、ML-DPD 为 6.3508 s。","视距（LOS）被动定位，用于侦察的超短波（ultra-short-wavelength，即 VHF 波段）信号。几何配置：J 个观测阵列（仿真用 J = 4），每个阵列是 M_j 阵元的均匀线阵（ULA，仿真用 6 阵元，阵元间距 λ/2）或非均匀线阵；P 个静止、远场、窄带、互不相关的发射源，满足 P < M_j。应用背景为室外多源被动定位。**关键约束**：需要事先知道源的大致区域（Remark 1，第5页），并把区域划分为若干子区域，且要求「每个子区域最多一个源」（第5页 (2)、第7页「do not permit two sources in one sub-area」）；论文只做二维定位，只用到达角信息。","每站为**多阵元阵列**（M_j ≥ 2，仿真 M = 6），观测域是**阵元输出的样本协方差矩阵**而非原始 IQ。式(1)：x_j(t) = Σ_{p=1}^{P} s_{jp}(t) a_j(u_p) + n_j(t)；式(2) x_j(t) = A_j s_j(t) + n_j(t)；式(3) R_j = A_j P_j A_j^H + σ_n² I；式(4) 用 K 个快拍估计 R̂_j = (1/K)Σ x_j(k) x_j^H(k)。未知量：各源复包络方差 σ²_sp（未知）、源位置 u_p、波形（建模为零均值复高斯随机过程，不利用波形结构）。**噪声功率 σ_n² 假定已知**（§2：可由实际应用估计或测量），噪声与信号相互独立。快拍数 K = 200（仿真默认，§4）。网络输入为降维后的实向量 z（式(9)–(12)）。","论文回避未讨论（不存在源数估计步骤，但也不需要显式给出全局源数 K）。依据：§3 末第5页第(2)条明确写「单级网络必须准确知道源数才能确定输出单元数，否则定位失败；本研究由于检测级的存在而无需该假设」；检测级对每个子区域只输出 0/1（源是否在该子区域），逐区域独立判定，因此不需要全局源数。但代价是必须预先划分子区域数 Q，并强制「每个子区域最多一个源」（第5页 (2)、第7页）。源数估计被作者列为未来工作：§5 第25页「Extending the detection stage to estimate the number of sources for a sub-area」。","整体是把传统 DPD 的「全局峰值搜索」替换为「区域划分 + 模块化神经网络回归」。四个部分（Figure 1，第4页）：1) 样本预处理（§3.1）：逐站估计协方差并减去噪声功率 σ_n²I 得 R̄_j（式(8)）；利用 ULA + 不相关源时协方差矩阵从第二行起均为第一行的线性组合这一性质，只取第一行元素 b_j = [R^j_11 − σ_n², R^j_12, …, R^j_1M]^T（式(9)），取实部/虚部组成 (2M−1) 维实向量并归一化（式(10)(11)），把 J 个站拼成 z ∈ R^{(2M−1)J}（式(12)）。论文强调式(13) 说明归一化后协方差不再依赖信号功率 σ²_s1，且减噪后不再依赖 σ_n²，因此训练集无需覆盖不同 SNR（Remark 4，第8页）。2) 检测级（§3.2）：每个子区域一个 MLP-NN，输入 (2M−1)J、输出 1，隐藏层用 tan-sigmoid、输出层用 purelin（式(14)），用贝叶斯正则化（BR）训练，输出 0/1 表示源是否在该子区域。3) 空域滤波级（§3.3）：每个子区域一个输入输出维数均为 (2M−1)J 的 MLP-NN，学习映射 z（含全部 Q 个源的混合）→ z_sq（仅含子区域 q 内源的贡献），即用网络把其他子区域的源「滤除」（Figure 3，第8页）。4) 位置估计级（§3.4）：每个子区域一个 RBF-NN，高斯基函数 φ_l(z_sp) = exp(−||z_sp − μ_l||²/2σ_l²)（式(15)），输入 (2M−1)J、输出 D = 2，先用 EM 无监督初始化中心与宽度、再用 Levenberg–Marquardt 监督训练权重。与已有方法的主要差异：不做特征值分解、不做谱峰搜索、不迭代，直接由网络回归坐标；训练集规模由子区域划分控制而非按源数指数增长（第4页：单源场景 Y 个训练样本，P 个源时训练量变为 Y^P，划分子区域可大幅压缩）。","需重推适配；输入信息层级：已提取的二阶统计量（各站由多快拍估计的样本协方差矩阵，再取第一行、实虚部拼接并归一化），既不是原始混合 IQ，也不是已估 DOA 或已关联量测。触发该判定的具体条件：(a) 每个观测站必须是**多阵元阵列**（M_j ≥ 2），因为信息全部来自协方差矩阵非对角元所包含的阵列流形/DOA 结构；本项目「每站单天线」时 M = 1，协方差退化为一个标量功率，z 只剩 1 维（(2M−1)J = J），方法失效。(b) 要求源之间不相关（式(3) 的 R_j 依赖不相关假设）、窄带、远场，因此**相干或同频混叠的源不在其模型内**。(c) 噪声功率 σ_n² 必须已知。(d) 源必须按子区域在空间上分开，否则违反「每子区域最多一源」的前提，定位失败。在这四条都不满足的短时混合 IQ 场景下不能直接使用；若改成单天线多站，需要把输入层从协方差改成别的可观测量（论文未给出此类扩展）。","数据来源：全部为计算机生成仿真数据（Remark 5，第11页：两源为零均值循环复高斯、功率不同；噪声为独立复高斯；接收功率与源-站距离平方成反比），无实测。几何：4 个观测站，位置见表 2（第10页）（±2000, ±2000）m，每站 6 阵元 ULA，阵元间距 d = λ/2；其余子节还有非均匀线阵（阵元间距 0.5λ, λ, 1.5λ, 0.5λ，站址表 4 为 ±3000 m）、观测站排成一列的布局（表 5：(−6000,0)、( −2000,0)、(2000,0)、(6000,0)）；子区域尺寸 300 m × 300 m（§4.9 另测 100 m × 100 m、200 m × 200 m）；2 个源，训练步长 Δx = Δy = 20 m、验证偏移 Δshift = 5 m（边缘 50 m 内用 10 m 步长）；SNR 与 SPR 定义见式(5)(6)，主实验固定 SPR = 0 dB、SNR 在 −10…35 dB 以 5 dB 步进变化，SPR 实验固定 SNR = 15 dB、SPR 在 −10…10 dB 以 2 dB 步进变化，快拍实验 SNR = 30 dB、快拍 50…1000 以 50 步进；网络结构：检测级 MLP 两层隐层各 12 神经元、训练 200 epochs，滤波级 MLP 两层隐层各 24 神经元，RBF 输入/隐/输出 = 44/40/2，最大神经元 500、spread = 1、MSE 目标 10^{−5}；样本量：每组合 500 次 Monte Carlo（验证集 50 个随机源位置组合）。对比方法：MUSIC-DPD（20 m 粗搜 + 1 m 细搜）与 ML-DPD [14]；评价指标：检测正确率 PCD、滤波 MRE、定位 RMSE、处理时间（Table 3）。","1) 检测级：均匀训练步长时检测正确率 98.1%，采用变步长（边界 50 m 内用 10 m 步长）后提高到 99.8%（§4.1，第12页）；Fig. 10/Fig. 11（第13页）显示变步长的 PCD 离群点更少。2) 滤波级：MRE 随 SNR 升高下降（Fig. 12，第14页），作者称高 SNR 下滤波性能优良。3) 定位精度：§4.4（第15–16页）Fig. 14–16 表明 SNR ≥ 15 dB 时本文方法 RMSE 低于 MUSIC-DPD 且方差更小，SNR ≤ 10 dB 时也优于 MUSIC-DPD（作者解释为 MUSIC-DPD 受门限效应影响），高 SNR 时接近 ML-DPD；§4.5（第16–17页）给出 SPR 适用区间：子区域 1 在 −6 ≤ SPR ≤ 2 dB、子区域 2 在 −2 ≤ SPR ≤ 8 dB 内优于 MUSIC-DPD。4) 快拍数：定位精度随快拍数增加而提高，200 个快拍已足够，继续增加收益迅速减小（§4.6，第17–18页，Fig. 21/22）。5) 处理时间（Table 3，第19页，Matlab R2017a、Intel Core i7-3520 CPU、500 次 MC、u_1 = (150,220) m、u_2 = (830,710) m、SNR = 10 dB、SPR = 0 dB）：MLP-MLP-RBF 预处理 0.0013 s + 检测 0.0105 s + 滤波 0.0146 s + 位置估计 0.0119 s = 0.0383 s，MUSIC-DPD 1.2027 s，ML-DPD 6.3508 s，作者称「约 0.04 s」完成定位。6) 非均匀阵列与不同站址布局下结论与 ULA 一致（§4.8、§4.11，第19–24页）。7) 子区域越小精度越高，观测站/阵元越多精度越高，可用更少子区域达到同等精度（§4.9，第20–22页，Fig. 27–29）。8) 分辨能力：SNR = −10 dB、SPR = 0 dB、u_1 = (−500,0) m、u_2 = (500,0) m 时，MUSIC-DPD 谱峰重叠失效，而本方法 30 次 MC 能分开两个源（§4.10，第22–23页，Fig. 30、Fig. 31）。**结果成立条件与未测试项**：全部结果都在「每子区域最多一源」且源数固定为 2、源之间不相关、每站 4–6 阵元的仿真条件下取得；没有两个源落在同一子区域、相干源、源数变化、单天线站点或实测数据的实验。论文对性能的表述是「与 MUSIC-DPD 相当（comparable）」，仅在低 SNR 与 SPR 区间内声称更优。","论文未说明是否公开代码与数据（Sensors 开放获取，但正文未给代码仓库或数据链接）。可复现性中等偏上：信号模型、SNR/SPR 定义、站址坐标（表 2/4/5）、子区域尺寸、训练/验证步长、网络结构（层数、神经元数、激活函数、训练算法 EM/LM/BR、200 epochs、RBF 的 500 神经元/spread 1/MSE 目标 10^{−5}）、MC 次数、评价指标公式均给出；未给出 MLP 训练的初始权重、BR 的超参数、学习率、停止准则的具体数值，也未说明子区域数目 Q 的选取准则（只说「取决于可用内存」）。实测：论文没有实测，作者在 §5 明确承认当前只用角度信息、只有二维。作者自评局限：Remark 1（需要源的大致区域先验）、Remark 2（源位于子区域边界时可能漏检/误检）、Remark 3（分辨率受子区域尺寸限制，与内存存在折中）、§5（未来才扩展到角度+时延联合、三维、以及子区域源数估计）。","第一层（作者结论）：MLP-MLP-RBF 网络可以在不知道源数的前提下完成多源 DPD；数据预处理（协方差降维与归一化）、空域滤波网络、区域划分是三项主要创新；网络泛化能力对训练集外的 SNR 与 SPR 良好；低 SNR 下优于 MUSIC-DPD，高 SNR 下达到 ML-DPD 精度；最大优势是几乎瞬时完成定位（0.0383 s），适合实时。第二层（实验能支持的结论）：在**(i) 每站多阵元、(ii) 每子区域至多一个源、(iii) 源互不相关、(iv) 噪声功率已知、(v) 源的大致区域已知**这五个前提下，用协方差矩阵第一行做输入、按子区域划分训练的网络确实能在仿真中给出接近传统 DPD 的二维定位精度，并把在线计算时间降低 1–2 个数量级（Table 3 有直接可比数字）。不能外推的部分：(a) 该方法的「不需要知道源数」并非盲计数，它把源数问题转化成 Q 个子区域的独立二值检测，源数上限隐含为 Q，一旦两源同区即失败（论文自述「do not permit two sources in one sub-area」）；(b) 输入必须来自多阵元阵列的协方差，单天线站点不适用；(c) 全部为计算机生成仿真，无实测验证；(d) 时间对比中未计入离线训练开销（作者承认训练耗时长，但称离线并行不影响实时），也未与同样做粗到细搜索加速的策略对比；(e) 「分辨率越高需越小区域、越多网络」的代价链条说明该方法的分辨能力来自区域划分而非算法本身。","1) 把「区域划分 + 每子区域一套检测/滤波/回归网络」作为降低多源 DPD 训练集规模的手段：指出单级网络训练集随源数按 Y^P 增长、且多源输出标签存在排列歧义导致训练不收敛（第4页 (1) 条），这是对多源端到端定位训练困难的具体诊断。2) 给出了一套可复现的输入降维方案：利用 ULA 与不相关源条件下协方差矩阵第一行即可完整表示协方差（式(9)）的性质，把输入从 2M²J 降到 (2M−1)J，并用减噪 + 归一化同时消除对 σ_n² 与 σ²_s1 的依赖（式(13)、Remark 4），使训练集无需覆盖 SNR。3) 引入「空域滤波网络」这一中间级，把「混合协方差 → 单源协方差」的映射学习出来，使后续 RBF 回归只需面对单源问题（§3.3、Figure 3）。4) 用 Table 3 给出分阶段与总体的在线 CPU 时间，量化相对 MUSIC-DPD/ML-DPD 的实时性优势。","1) 核心前提「每个子区域最多一个源」是一个很强的空间可分条件，论文自己也禁止同一子区域出现两个源；这意味着方法解决的是「多源分散在不同区域」而非「多源同频混叠在同一区域」，与未知 K、源位置可能任意接近的场景不匹配。2) 输入必须是多阵元阵列的样本协方差矩阵（M_j ≥ 2），且要求源不相关、窄带、远场、噪声功率已知；单天线站点、相干源、宽带源均未讨论。3) 没有源数估计：检测级只输出「某子区域有无源」的二值结果，全局源数不上报，作者把子区域源数估计列为未来工作；因此把它当作「未知 K 直接处理」的先例时需要限定——它绕开了源数，而非估计或利用源数。4) 证据全部来自计算机生成仿真：无实测数据、无外场实验；且分辨率结论建立在「进一步细分区域」这一需要更多内存与更多网络的代价之上（Remark 3、§4.9），论文未给出区域尺寸与定位精度的显式折中曲线之外的一般准则。","这是一篇思路清晰、工程实现完整但科学边界很窄的工作。判断：方法合理性成立，创新程度中等，实验证据强度中等，实际应用价值受前提限制较大。依据：(i) 把大区域 DPD 拆成「检测—滤波—回归」三级模块并用区域划分控制训练集规模，确实解决了多源端到端回归中标签排列歧义与训练集爆炸两个真实问题（第4页），这一动机陈述是准确且可检验的；(ii) 输入设计（协方差第一行 + 减噪 + 归一化）有理有据，式(13) 明确说明了归一化后不再依赖信号功率，因此训练集不必覆盖 SNR，这是一个可复用的具体机制；(iii) 但方法的能力上限被「每子区域最多一源」锁死，它不是在信号域或频率域分离源，而是在空间域用区域划分避免源混叠，因此不能证明「同频混叠多源可分辨」；§4.10 的分辨演示（两源相距 1000 m、SNR = −10 dB）只能说明区域划分后网络可以在 MUSIC 谱峰重叠时仍给出两个位置，不能说明算法本身具备了超分辨能力，因为两个源仍分属不同子区域；(iv) 时间对比（0.0383 s vs 1.2027 s vs 6.3508 s）是本文最硬的定量优势，且对比对象包含粗搜 20 m + 细搜 1 m 的 MUSIC-DPD，口径可比，但未含训练成本，也未与其它学习式加速方案比较。综合看，该文的价值在于「用区域划分 + 模块化网络回避多源回归的组合爆炸」，而不是提供一种新的多源可辨性或盲计数能力。","(1) 是否覆盖本项目问题：未覆盖。本文没有源数估计（明确列为未来工作），不输出逐源频率信息，也不处理同频混叠；其「多源」成立的前提是源在空间上被划分到不同子区域。覆盖程度限于「多源 DPD 的在线计算加速」与「协方差域输入降维」两个子问题。(2) 能否作为同条件基线：不能直接作为同条件基线。输入接口不兼容是第一位的原因——本项目每站单天线，无法构成 M ≥ 2 的协方差矩阵，而本文全部信息都来自协方差非对角元。若硬要适配，需要把输入层从协方差改为其它可观测量（例如多站之间的互相关或本站的时频表示），这已超出论文所给方案，属于需重推适配。次要障碍是它假定源数固定为 2、两源分属两区域、源不相关、噪声功率已知。(3) 是否压缩本研究创新空间：压缩有限但有一处必须正面处理。第5页第(2)条「单级网络需要知道源数，本研究因检测级存在而无需该假设」以及 §3.2 的逐子区域二值检测，确实构成了「不显式知道源数也能定位」的**部分先例**（对应 briefing 中「未知 K 直接处理是否已有先例」这一威胁项）。但它的做法是「用 Q 个固定子区域的独立二值检测替代源数」，既不给源数、也不处理同区多源，因此不覆盖本项目「先恢复 K 再按 K 分流」的思路。真正被压缩的是「用区域/类别划分把多源问题降为单源问题」这一弱形式。(4) 可借鉴与须避开：可借鉴 (a) 输入预处理中「减噪 + 归一化以消除 SNR/功率依赖，从而免去训练集覆盖 SNR」的做法（式(9)–(13)、Remark 4）——本项目第四章生成空间谱输入时同样面临 SNR 泛化问题；(b) 用二值检测网络给出「某区域/某频段是否有源」的中间监督信号，这一结构与本项目第三章的频带占用+源数联合输出在形式上有对应，可作为逐区域/逐频带门控的设计参照；(c) Table 3 的分阶段耗时统计口径，可作为本项目细 DPD 与粗 DPD 的对比模板。必须避开三大陷阱：(i) 不要把「子区域二值检测」当作源数恢复——它不给出 K，且隐含 K ≤ Q；(ii) 不要采用任何依赖「每区域最多一源」的分离假设，本项目源可在同一频带同一小区域混叠，必须靠频率与信号结构而非空间划分；(iii) 不要假定噪声功率已知或源不相关，本项目短时 4096 点观测下协方差估计本身不可靠，且观测是单天线的原始 IQ，二阶统计量不是自然的输入层。","摘要与贡献陈述：第1页 Abstract；问题动机（两级定位次优、DPD 计算量大）与 ML-DPD/MUSIC-DPD 的复杂度批评：第2页第2–4段；数据模型式(1)–(6)：§2 第3页；映射 G、G′ 与模块化结构四部分：§3 开头第3页末–第4页；区域划分降低训练集规模（Y^P）与单级网络不收敛的两点理由：第4页；检测级不需要已知源数（第(2)条）：第5页；Remark 1（需要大致区域先验）、Remark 2（子区域边界失效）、Remark 3（分辨率受子区域尺寸限制）：第5页；§3.1 预处理与式(7)–(13)：第5–6页；§3.2 检测级与式(14)：第6–7页；Figure 2 训练数据结构与 Step 1–3：第7页；Remark 4（训练集无需覆盖 SNR）：第8页；§3.3 空域滤波级与 Figure 3：第8页；§3.4 RBF-NN 与式(15)：第8–9页；§4 仿真环境与 Table 2 站址、K = 200、d = λ/2、两子区域：「每子区域最多一源」假设：第9–10页（Figure 4、Figure 5）；训练步长 20 m/验证偏移 5 m、网络结构与 500 次 MC、RMSE 与 MRE 定义：第10页；三个基本假设（阵列流形已知、每子区域最多一源、所有信号可被每个观测站接收）与 Remark 5：第11页；§4.1 检测正确率 98.1% 与 99.8%：第12页；Fig. 8–Fig. 11：第12–13页；§4.2 滤波 MRE 与 Fig. 12：第13–14页；§4.3 RBF 结构与 Fig. 13：第14页；§4.4 MLP-MLP-RBF 与 MUSIC-DPD、ML-DPD 对比及 Fig. 14–Fig. 16：第15–16页；§4.5 SPR 适用区间与 Fig. 17–Fig. 20：第16–17页；§4.6 快拍数结论与 Fig. 21–Fig. 22：第17–18页；§4.7 与 Table 3（0.0383 s / 1.2027 s / 6.3508 s）：第18–19页；§4.8 非均匀阵列与 Table 4、Fig. 23–Fig. 26：第19–20页；§4.9 子区域尺寸与 Fig. 27–Fig. 29：第20–22页；§4.10 分辨率对比与 Fig. 30–Fig. 31：第22–23页；§4.11 其它站址布局与 Table 5、Fig. 32–Fig. 36：第23–24页；§5 结论与未来工作（角度+时延联合、三维、子区域源数估计）：第24–25页。"
"R13","A Neural Network-Based DPD Algorithm For Low SNR And Off-Grid","Wei 等（Zhiji Wei, Yuanqi Liu, Zihan Xu, Wenjie Zeng, Jun Zhao, Xudong Dong，其中 Jun Zhao 属中国计量大学、其余属杭州电子科技大学），2026 IEEE 14th Sensor Array and Multichannel Signal Processing Workshop (SAM)，2026；DOI 10.1109/SAM58850.2026.11687963；ISBN 979-8-3315-3033-9。渲染页面上未见印刷页码，本 fragment 按 PDF 第 1—5 页引用。","针对低信噪比与有限数据下传统直接定位（DPD）性能退化的问题，作者提出 MSFF：把 M 个基站的采样协方差矩阵按实部、虚部、相位三通道拼接成一个张量（3×KP×KP），先用多尺度可变采样聚合模块与多尺度空洞卷积模块提取多尺度特征，再经基于通道注意力的多尺度特征融合模块加权融合，最后送入 MLP 把定位建模为**回归任务**直接输出 N_s 个源的笛卡尔坐标。在 4 站 × 16 阵元 ULA、3 个固定源、L = 500 快拍的仿真中，−12 dB 至 −2 dB 范围内 RMSE 低于常规 CNN 与经典 MUSIC，且 L ≥ 100 快拍时优于 CNN。","远场窄带多源直接定位（DPD）。场景为 M 个空间分布的基站（仿真中 M = K² = 4，位置 (250,300)、(300,250)、(200,200)、(300,300) m），每个基站配备 P = 16 阵元的均匀线阵（ULA），阵元间距 d = λ/2；N_s 个远场窄带源（仿真固定 N_s = 3，位于 (258.0,254.0)、(281.0,261.0)、(264.0,277.0) m），源信号建模为高斯随机过程，叠加加性高斯白噪声（AWGN）。目标是在低 SNR（−12 dB 至 −2 dB）与小快拍数（50—500）条件下直接估计源坐标，且要求估计是「off-grid」的连续坐标而非网格点。与本研究的关键差异：本文是**多阵元阵列基站**场景（每站 16 阵元），不是单天线多站；源数在仿真与网络结构中均为固定已知；观测为长快拍（L = 500）平稳段，不涉及时频混叠、不涉及未知发射波形、不含任何频率维度的输出。","接收端：M 个基站，每站一个 P 阵元 ULA（d = λ/2），L 个快拍。观测域为**协方差域（采样协方差矩阵，SCM）**，不是原始时域波形、也不是空间谱。信号模型（第 2 页 §II，式(1)—(4)）：第 m 站接收矩阵 X_m = A_m S + N_m（式(3)），A_m = [a(θ_{m,1}),…,a(θ_{m,N})] ∈ C^{P×N} 为阵列流形矩阵，a(θ_{m,n}) = [1, e^{−jπ sinθ_{m,n}}, …, e^{−jπ(P−1) sinθ_{m,n}}]^T（式(2)），S ∈ C^{N×L} 为源信号矩阵（假定为高斯随机过程），N_m ∈ C^{P×L} 为 AWGN；到达角正弦由几何关系给出 sin(θ_{m,n}) = (y_n^{(s)} − y_m)/||p_n^{(s)} − p_m||_2（式(1)）。协方差估计 R̂_xx,m = (1/L)X_m X_m^H（式(4)）。网络输入前再做一步「专门变换」：把各站协方差矩阵按实部、虚部、相位依次拼接，并堆叠为 3 通道张量 X = Stack(ℜ(R_global), ℑ(R_global), ∠(R_global))（式(6)），维度为 (3, KP, KP)——仿真中 K = √M = 2、P = 16，故实际输入为 3×32×32；R_global 被描述为「spatially stitched covariance matrix」（空间拼接协方差矩阵），论文未给出该拼接算子的定义。未知量：源位置 u_n = [x_n^{(s)}, y_n^{(s)}]^T（待估）；源数 N_s、站数 M、阵元数 P 均为给定值；源信号 S 未知但被假定为高斯随机过程；噪声为 AWGN。快拍数：主实验 L = 500，另做 L 从 50 到 500 的快拍敏感性实验。","已知K。依据：网络输出维度被显式设为 2N_s，§III-A 原文「the output vector of the network, denoted as ŷ, is designed to have a length of 2N_s, where N_s is the number of sources」，输出向量定义为 ŷ = [x̂_1^{(s)}, ŷ_1^{(s)}, x̂_2^{(s)}, ŷ_2^{(s)}, …, x̂_{N_s}^{(s)}, ŷ_{N_s}^{(s)}]^T（式(5)，第 2 页）；§III-d 再次写明「Let the input feature map be denoted as Z_6 and let N_s denote the number of sources」，输出 Z_predict = W_5 v_4 的输出维度同样设为 2N_s（式(23)，第 4 页）。仿真中 N_s 固定为 3（第 4 页 §IV-A），因此输出层维度固定为 6，模型无法在不改结构的前提下处理其他源数，也不含任何源数估计环节。特别值得注意的内部张力：论文在第 1 页 §I 中把「subspace-based methods derived from MUSIC theory…require prior knowledge of the source number [12]」列为传统方法的缺点，并提到引文 [14] 的方法可在「without knowing the source count」下工作，但本文自身的网络恰恰把 N_s 硬编码进输出维度，论文未讨论这一矛盾。","总体思路：把 M 个基站的采样协方差矩阵变换为 3 通道张量（实部/虚部/相位），用两条并行的多尺度特征提取支路 + 一个通道注意力融合模块得到特征图，再经 4 层 MLP 直接回归 N_s 个源的笛卡尔坐标（图 1，第 2 页）。(1) 输入构造（式(6)）：先由各站 SCM 构造空间拼接协方差 R_global，再按实部、虚部、相位堆叠为 3 通道。论文未给出 R_global 的构造细节，这是方法描述上的一个重要缺口。(2) 多尺度可变聚合模块（Multi-Scale Variable Aggregation Module，第 2—3 页）：输入特征图 X ∈ R^{H×W×C} 由协方差矩阵元素经 3×3 卷积上采样得到；沿通道维分为三组 X = [X_1, X_2, X_3]（式(7)），每组 X_i ∈ R^{H×W×C/3} 进入一条独立分支，各分支使用**不同窗口尺寸**的最大池化（k_i 例如 4×4、8×8、16×16）以聚合不同感受野的上下文，再用双线性插值上采样回原分辨率：Y_i = UpSample(MaxPool_{k_i}(X_i))（式(8)）；三路沿通道拼接得 Y_concat（式(9)），再与原始输入 X 做逐元素乘（残差式调制，论文写 Y_4 = Y_concat ⊕ X 并说明「⊕ denotes hadamard product」，式(10)）以保留池化易丢失的空间细节；最后用一层卷积恢复通道维度得 Z_1 = Conv(Y_4)（式(11)）。(3) 多尺度空洞卷积模块（Multi-Scale Dilated Convolution Module，第 3 页）：基本单元为 3×3 空洞卷积 F(X;r) = Conv³_{3×3}(X)（式(12)），dilation rate 为 r；采用**级联递进**而非并行结构，且每一级都把原始输入 X 注入：Z_2 = F(X;r_1)（式(13)）、Z_3 = F(Z_2 + X;r_2)（式(14)）、Z_4 = F(Z_3 + X;r_3)（式(15)），r_1、r_2、r_3 为三层连续卷积的 dilation rate（论文未给出其具体取值）。(4) 多尺度特征融合模块（Multi-Scale Feature Fusion Module，第 3 页）：用通道注意力自适应融合四个尺度的特征 F_i ∈ {Z_1, Z_2, Z_3, Z_4}；对每个 F_i 做全局平均池化 GAP 后接 1×1 卷积得到通道描述子 g_i = Conv_{1×1}(GAP(F_i))（式(16)），把描述子沿新维度拼接为 G = [g_{z1}, g_{z2}, g_{z3}, g_{z4}]（式(17)），先 Sigmoid 再沿尺度维 Softmax 得归一化权重 α = Softmax(σ(G))（式(18)），加权求和 Z_5 = α_{z1}⊙Z_1 + α_{z2}⊙Z_2 + α_{z3}⊙Z_3 + α_{z4}⊙Z_4（式(19)），加残差后投影 Z_6 = Conv_{1×1}(Z_5 + X)（式(20)）——注意此处残差项写的是原始输入 X，而非 3 通道协方差张量 𝒳。(5) 回归头（Direct Position Determination Through Regression，第 3 页）：把 Z_6 展平为 v_0 = Flatten(Z_6)（式(21)），经 4 层隐藏层 v_l = ReLU(W_l v_{l−1})（式(22)），各层维度依次为 d_1 = 2048、d_2 = 1024、d_3 = 512、d_4 = 256，输出 Z_predict = W_5 v_4（式(23)），维度 2N_s。与已有方法的主要差异：a) 相较 ML 类 DPD 需要多维搜索、MUSIC 类子空间法需要已知源数、MVDR 类在多源下偏离 CRLB，本文将 DPD 建模为**端到端回归**，直接由协方差预测坐标，从而天然获得 off-grid（连续）估计；b) 相较现有把定位当**多标签分类**的神经网络（论文第 1 页 §I 贡献 2 的主张），本文改为回归任务以提升分辨率；c) 相较常规 CNN，本文用「多尺度池化聚合 + 级联空洞卷积 + 通道注意力融合」三条支路联合提取协方差矩阵中的多尺度空间特征。论文在 §III-d 首句称 MLP 回归器「designed to predict offset values」，但式(5)、式(23) 与 RMSE 定义（式(24)，直接比较估计坐标与真实坐标）表明网络输出的是绝对笛卡尔坐标；论文未定义 offset 的参考基准，也未给出任何网格/离格偏移量的定义或验证，因此「off-grid」在本文中更像是「回归输出为连续值」的定性描述，缺少定量证据。","需重推适配。输入信息层级：已提取协方差（由 P 阵元阵列的多快拍接收信号估计出的采样协方差矩阵，SCM），层级介于原始混合 IQ 与已估 DOA 之间——比「原始 IQ」低一级，但保留了阵列流形与到达角信息，而非已解 DOA。触发该判定的具体条件：其一，本文要求每站具备**多阵元 ULA**（P = 16），并用 3×32×32 的协方差张量承载空间结构；本项目的四站是**单天线**（P = 1），若按本文的 (KP, KP) 构造，K = √M = 2 时全局协方差仅为 2×2，仅含 3 个实自由度，整个多尺度池化/空洞卷积特征提取支路在 2×2 的空间尺度上完全失去意义；其二，本文的源数 N_s 是已知的固定值（输出维度 2N_s），本项目要求未知 K 直接处理；其三，本文需要 L = 500 快拍的平稳观测以估计协方差，本项目为 4096 点量级的短时混合观测，且多个源在同一频带内时频混叠，协方差矩阵承载的是混叠后信号的和，本文方法不含任何消混叠或频率分离机制；其四，本文假设源信号为高斯随机过程、远场窄带，且不涉及波形未知带来的非高斯性。失效条件：在单天线、未知 K、短观测、时频混叠且波形未知的条件下，本文的输入接口无法构造、输出接口无法给出（2N_s 维固定），方法整体不可直接使用；只有当「每站多阵元 + 已知 K + 长快拍平稳观测」三项同时满足时才可能复现其结论。","数据来源：**纯仿真**，无实测、无公开数据集（论文未提及代码或数据公开）。几何与参数（第 4 页 §IV-A）：源数 N_s = 3，源位置随机分布于 [250,300]×[250,300] m；仿真环境另明确给出「3 个固定源」位于 (258.0,254.0)、(281.0,261.0)、(264.0,277.0) m；基站 M = K² = 4，位于 (250,300)、(300,250)、(200,200)、(300,300) m；每站 P = 16 阵元 ULA，阵元间距 d = λ/2。快拍数与样本量：主实验 L = 500 快拍；数据集覆盖 SNR 从 −10 dB 到 0 dB（§IV-A 原句），而后续实验 §IV-B 又把 SNR 范围写成从 −12 dB 到 −2 dB、步长 1 dB，两处不一致，论文未说明；训练/验证按 90 %/10 % 划分；每个 SNR 点做 N_T = 500 次独立 Monte Carlo，快拍敏感性实验的每个快拍数同样做 N_T = 500 次 Monte Carlo。训练配置：PyTorch，RTX 4090 GPU，100 个 epoch，batch size 256，Adam 优化器，初始学习率 1×10^-4；损失函数论文未说明。对比方法：仅两条——「a CNN」与经典 MUSIC 算法；CNN 基线的网络结构、层数、参数量均未给出。评价指标：RMSE（式(24)，对 N_T 次试验与 N_s 个源求均方根，逐源按同一 k 索引配对计算，未使用任何分配匹配），单位为米。","1）变 SNR 性能（图 2，第 4 页）：L = 500 固定，SNR 从 −12 dB 到 −2 dB、步长 1 dB，每个 SNR 点 500 次 Monte Carlo。三条曲线为 MSFF（红）、CNN（蓝）、MUSIC（绿）；纵轴 RMSE(m) 为对数刻度、约覆盖 10^-1—10^1 量级。MSFF 在全 SNR 范围内 RMSE 最低：低 SNR 端（−12 dB 附近）三法差距最大，MUSIC 最高、CNN 居中、MSFF 最低；高 SNR 端（−2 dB 附近）MSFF 与 CNN 接近、MUSIC 明显偏高。论文未给出任何 RMSE 数值表，图上只能读出量级（低 SNR 端约 m 量级、高 SNR 端约 10^-1 m 量级），不给出精确数值以免误引。2）变快拍数性能（图 3，第 4 页）：SNR 固定为 −2 dB，快拍数取 50、100、200、300、400、500，每个取值 500 次 Monte Carlo。所有方法随快拍数增加而改善；L = 50 时 MSFF **略劣于** CNN，L ≥ 100 时 MSFF 反超 CNN 并持续保持更低 RMSE；两种深度学习方法在所有快拍数下都显著优于 MUSIC。这是全文唯一一处明确承认本文方法不占优的条件（小快拍 L = 50）。3）结论（第 4 页 §V）：作者总结为在大噪声环境下相较 MUSIC 与 CNN 具有更优的定位精度与鲁棒性。结果成立的条件：全部结论限于**仿真**、单个 4 站 16 阵元 ULA 几何、3 个固定源、源信号为高斯随机过程、远场窄带、协方差为充分估计（L = 500）的设定；未测试的条件包括：非高斯或相干源、源数变化（N_s ≠ 3）、近场、多径与阵列误差（幅相不一致、阵元互耦）、快拍数低于 50、SNR 低于 −12 dB、以及任何实测数据。论文未做模块消融，因此「多尺度可变聚合」「级联空洞卷积」「通道注意力融合」三部分的单独贡献**未被实验证实**，无法区分是这些设计起作用还是单纯 MLP 回归头的容量起作用。此外，「off-grid」与「high-resolution」在标题、摘要与 §I 贡献中被作为主要卖点，但实验中没有离格偏移量的定义、没有与 on-grid 方法的对照、也没有分辨率极限的分析。","未提及公开代码或公开数据（论文未说明）。已给出的要素：网络结构（三支路 + 融合 + 4 层 MLP 及各层维度 2048/1024/512/256）、输出维度 2N_s、输入张量维度 (3, KP, KP)、池化窗口示例（4×4、8×8、16×16）、GAP + 1×1 卷积 + Sigmoid + Softmax 的融合流程、Adam、初始学习率 1×10^-4、100 epoch、batch size 256、90 %/10 % 划分、PyTorch + RTX 4090、Monte Carlo 次数 500、源与站的坐标、P = 16、d = λ/2、L = 500。缺失的关键要素（足以妨碍复现）：**损失函数未给出**；R_global 的「空间拼接」构造未定义（这是输入构造的核心步骤）；3×3 卷积「上采样」协方差矩阵元素的具体做法与通道数 C 未给出；三个 dilation rate r_1、r_2、r_3 的取值未给出；多尺度可变聚合模块中 k_i 与分支的对应关系只给「e.g.」示例；CNN 对比基线的结构完全未给出；SNR 的定义（按阵元还是按源、信号功率与噪声功率的归一化方式）未给出；源信号功率模型未给出；训练样本总数与随机种子未给出；数据集规模（多少个样本）未给出。实测：无论文实测数据。作者自评的局限：结论一节（第 4 页 §V）没有任何局限陈述，也未提及方法需要已知源数、需要多阵元阵列、需要长快拍这三项前提。","作者结论（第 4 页 §V 原文要点）：提出了一种面向噪声环境的神经网络直接定位算法；通过有效利用协方差矩阵元素的多尺度特征并经多尺度空间特征融合整合，算法直接预测源位置；仿真结果一致表明其定位精度与鲁棒性优于 MUSIC 与 CNN。实验实际能支持的结论（第二层）：在「4 个基站、每站 16 阵元 ULA、3 个已知数量的远场窄带高斯源、500 快拍的充分估计协方差」这一具体设定下，把实部/虚部/相位三通道协方差张量送入「多尺度池化聚合 + 级联空洞卷积 + 通道注意力融合 + MLP 回归」的网络，在 −12 dB 至 −2 dB 范围内的 RMSE 低于作者自行实现的「一个 CNN」与 MUSIC；并且在 L ≥ 100 时优于该 CNN、在 L = 50 时略劣于该 CNN。适用条件与外推限制：其一，「优于 MUSIC」这一比较在 L = 500、3 源、−12 dB 以下的极端低 SNR 下成立，但 MUSIC 在本文条件下是作为「需要已知源数」的对照，而本文同样需要已知源数，因此该比较并未触及「未知源数」这一更难的场景；其二，「优于 CNN」的对照基线结构未披露、也未做调参公平性说明，证据强度有限；其三，本文没有任何模块消融，因此三支路设计的必要性未被验证，作者关于「多尺度特征带来鲁棒性」的因果解释只能算作者主张；其四，全部结论为仿真结论，无实测支持，且未验证阵列误差、源相干性、源数失配等实际失配条件；其五，标题与摘要的核心卖点「off-grid」缺少可核查的量化定义（未定义网格间隔，也未测离格偏移量），因此该主张在本文证据下仅为「输出为连续坐标」的同义表述。","1）把 DPD 明确建模为**回归任务**而非分类任务，从而输出连续坐标；这是对「神经网络做直接定位时以多标签分类实现、分辨率受网格量化限制」这一既有做法（论文第 1 页 §I 贡献 2 所指）的一个合理反驳，且回归头设计简单（4 层 MLP，2048/1024/512/256），工程上易实现。2）提出协方差的 3 通道表示（实部、虚部、相位，式(6)）并把它当作类图像张量处理，使池化/空洞卷积/通道注意力等视觉骨干可迁移到协方差域；这是一个具体的、可复制的输入编码技巧。3）提出两条具有明确互补动机的多尺度支路：可变池化窗口的聚合支路（式(8)，用 4×4/8×8/16×16 三种窗口聚合不同感受野）与**级联**空洞卷积支路（式(13)—(15)，在每一级把原始输入 X 加回以保细节），并用通道注意力的 Sigmoid + Softmax 双归一化（式(18)）做尺度加权融合——整体设计自洽，但缺少消融证据支撑其必要性。4）在低 SNR 与小快拍两个维度上给出了 RMSE 曲线（图 2、图 3），并如实报告了 L = 50 时本文方法略逊于 CNN 这一不利结果，这一点比多数同类短文更诚实。","1）**声称解决的问题与自身设计矛盾**：论文在第 1 页 §I 批评子空间类方法「require prior knowledge of the source number [12]」，但本文网络输出维度被硬编码为 2N_s（式(5)、式(23)），且仿真中 N_s 固定为 3，论文既未讨论这一矛盾，也未把「未知源数」列为未来工作。2）**缺少任何模块消融**：三条支路（多尺度可变聚合、多尺度空洞卷积、多尺度特征融合）是论文自我主张的核心创新，但全文没有一组对照实验证明去掉或替换任一模块会变差；相比之下，对比基线只有「一个 CNN」与 MUSIC，且该 CNN 的结构完全未披露，属于弱对照。3）**关键方法细节缺失导致不可复现**：R_global 的空间拼接构造、损失函数、dilation rate r_1/r_2/r_3 的具体取值、通道数 C、SNR 的定义方式、训练样本总量与随机种子均未给出，也无公开代码或数据。4）**实验条件描述自相矛盾且覆盖过窄**：§IV-A 写数据集的 SNR 覆盖 −10 dB 至 0 dB，§IV-B 又写 SNR 从 −12 dB 到 −2 dB、步长 1 dB，两处不一致；实验只覆盖 N_s = 3 一个源数（即模型从未在变动源数下被测试）、只覆盖 50—500 快拍、只用 3 个固定源位置做 Monte Carlo，且图 2、图 3 均无 RMSE 数值表，读者只能读图。5）**「off-grid」与「high-resolution」缺少量化证据**：全文未定义网格粒度，未测离格偏移量对精度的影响，也未与任何 on-grid 方法对照，σ 与 §III-d 中「predict offset values」的表述与式(5)/(23) 的绝对坐标输出不一致，论文未解释。6）**假定条件与标题承诺不匹配**：论文假设源信号为高斯随机过程（第 2 页式(3) 下文）且源为远场窄带，标题却以「off-grid」为卖点而不讨论相干源、非高斯源与阵列误差等实际失配。","问题定位是合理的：DPD 在低 SNR 与小数据下的精度退化确实是实际痛点，把 DPD 从分类改造成回归以摆脱网格量化也是站得住脚的思路，协方差三通道张量化 + 视觉式多尺度骨干的组合在工程上是自然且有成本效益的。但就证据强度而言，这篇短文距离它的标题承诺还有明显差距。首要问题是**它批评的缺点恰恰是自己也有的**：论文以「子空间法需要已知源数」作为引入动机，却把 N_s 写死进输出层维度（2N_s），且在仿真中只测 N_s = 3，因此它并没有真正处理「未知源数」这一它自己提出的动机；这使得「相较 MUSIC 更优」的比较只在 MUSIC 被剥夺了源数信息、而本文被赋予了源数信息的非对称条件下才有意义。其次是**证据链不完整**：三个自我主张的模块没有消融，对照组只有一个未披露结构的 CNN 与 MUSIC，全部结果只有仿真、只有两个图、无数值表、无误差分布，且数据集的 SNR 范围在文中前后矛盾。第三是**可复现性不足**：输入构造中最关键的空间拼接协方差、损失函数、空洞卷积的 dilation rate、通道数等均缺失，也没有公开代码与数据。创新程度上，「协方差实虚相位三通道 + 多尺度融合 + 回归输出」是已有构件的新组合，单独看新颖性有限；论文自述与 CNN/MUSIC 相比的优越性也主要来自回归范式而非其特定的多尺度设计（因无消融，无法区分）。实际应用价值方面，方法要求每站 16 阵元 ULA 与充分快拍，部署门槛不低，而论文未给出复杂度与推理时延数据，也未做实测。综合判断：作为 SAM 类会议短文，其价值主要在于「DPD 回归化 + 协方差张量编码」这两个可复用的工程直觉，可作为低 SNR 协方差域神经网络定位的一个引用点；但不宜把其精度优势或 off-grid 能力当作已证结论引用。","1）是否已覆盖本项目想解决的问题：**在问题类别上有正面重合，但在条件上完全错开**。R13 做的是 DPD（直接定位），与本项目第四章的细 DPD 定位属于同一问题类；但 R13 的输入是**多阵元阵列（每站 P = 16 的 ULA）的多快拍采样协方差矩阵**并堆叠为 3×32×32 张量，输出是**已知固定源数 N_s = 3 的 2N_s = 6 维笛卡尔坐标**。本项目要求四站**单天线**、观测为短时混合 IQ、源数 K 未知需与位置一起恢复、且需要在同一频带内时频混叠条件下工作。R13 不涉及源数估计、不涉及逐源占用频段、不涉及频率—源—位置对应关系，也不含任何消混叠机制。因此覆盖程度：只覆盖「用可学习网络从协方差/空间统计量直接回归位置」这一子环节，且是在更强前提（已知 K、多阵元、长快拍）下。2）能否作为同条件基线：不能作为直接同条件基线，判为「需重推适配」。若强行适配至少需要四项重推：a）把 P = 16 阵元 ULA 换成单天线站，此时按本文 K = √M 的构造，M = 4 站对应 K = 2，拼接协方差仅为 2×2（3 个实自由度），多尺度池化/空洞卷积的空间支路完全失效，须另行设计输入表征；b）补齐源数估计以使输出维度可定，或改为集合式输出；c）重新推导短时混合观测下标量模型的协方差估计与平稳性假设（本文需要 L = 500 个平稳快拍）；d）去除远场窄带与高斯源假设。代价高于收益，建议只作为机制参照引用，不作为数字基线。3）是否压缩本研究的创新空间：不压缩核心主张（逐源频率权重相对公共选频的独立价值），但压缩两条外围主张。第一，**「把定位建模为回归以摆脱网格量化（off-grid）」已不是新论点**——R13 在标题、摘要与 §I 中已把它作为主要卖点，本项目第四章若以「热力图 + offset 回归实现离格定位」作为创新点，会被视为已有做法的自然延伸，因此本项目的 off-grid 只能作为实现细节而非贡献。第二，**「用神经网络直接从协方差域统计量回归源坐标」已有先例**，若本项目把「学习中间统计 + 物理后端」当作新颖性主张（这正是 briefing 中 R17 SubspaceNet 那条威胁的同类），R13 是一个额外的、更弱的先例，但需注意 R13 并未使用物理求解器，属于纯数据驱动回归，因此在这一点上它**弱于** R17 的威胁。另外值得记录：R13 明确指出引文 [14] 的方法可以在「without knowing the source count」下工作，等于承认「未知 K 直接处理」在 DPD 领域已有相关工作，这对本项目的未知 K 主张构成背景性压力。4）可直接借鉴的机制与必须避开的陷阱。借鉴：a）**协方差矩阵的实部/虚部/相位三通道编码 + 类图像张量化**（式(6)）——本项目若在第四章使用协方差或空间谱作为中间表示，这一编码方式可直接参照；b）**多窗口最大池化聚合不同感受野后再双线性上采样 + 与原始特征逐元素乘的残差式调制**（式(8)—(10)）——可用于本项目细 DPD 空间谱的多尺度上下文融合，尤其是把「池化后易失的细节」用 hadamard 乘积补回的做法；c）**级联空洞卷积中逐级回注原始输入**（式(13)—(15) 的 Z_{k} + X）——比常见并行多分支更省参数且能逐级保留原始空间细节，适合 401×401 细网格谱的特征提取；d）**Sigmoid + Softmax 双归一化的尺度加权融合**（式(18)）——为多尺度特征加权提供了一种可用的归一化形式，本项目若保留「完整频带报告 + 定位用频率权重」两条通路，可参考这种先过 Sigmoid 再过 Softmax 的「先非线性再归一化」写法；e）**如实报告不利条件**（图 3 中 L = 50 时本文方法略逊于 CNN）——这是一种应当沿用的报告习惯。必须避开的陷阱：a）**硬编码输出维度的陷阱**——R13 把 N_s 写进输出层（式(5)(23)），从而彻底失去变源数能力，且与它自己批评 MUSIC 的理由自相矛盾；本项目第四章的核心是变 K，绝不能采用 2K 维固定输出头，也不应在论文中同时批评「传统方法需要已知源数」而自己仍需已知 K；b）**无消融的多模块堆叠陷阱**——R13 的三支路设计没有一组消融，导致「创新点有效性」完全无证据，本项目在第四、五章引入新模块时必须逐模块消融，否则无法证明贡献来自哪一部分；c）**弱对照 + 未披露基线结构的陷阱**——R13 只与一个结构不明的 CNN 和 MUSIC 比较，本项目若要主张优于传统方法，必须公开对比方法的实现细节与调参预算，并尽量引用原论文报告的数字；d）**「off-grid/high-resolution」空口主张的陷阱**——R13 在标题承诺 off-grid 却全文未定义网格、未测离格偏移，本项目若要主张离格或分辨率优势，必须给出网格间隔、离格偏差扫描曲线与 on-grid 对照；e）**实验条件前后不一致的陷阱**——R13 的 SNR 范围在 §IV-A 与 §IV-B 中分别是 [−10, 0] dB 与 [−12, −2] dB，本项目在报告实验设置时必须自查一致性（R15 亦有样本总数与划分不符的问题，值得一并警惕）；f）**多阵元前提的误用**——本项目的站是单天线，不可照搬 R13 的 (KP, KP) 拼接协方差构造；也正因如此，R13 这类「阵列协方差 + 已知 K + 长快拍」的方法不应被本项目列为同条件对比对象。","摘要（低 SNR 与有限数据下传统 DPD 退化、协方差多尺度特征 + 空间特征融合、回归而非多标签分类、off-grid 高分辨、优于 MUSIC 与 CNN）：PDF 第 1 页摘要。索引词（direct position determination, off-grid, deep learning, regression task）：PDF 第 1 页。DPD 相对两步法的优势、ML 类 DPD 的多维搜索问题、子空间法需已知源数 [12]、MVDR 在多源下偏离 CRLB [13]、以及引文 [14]「without knowing the source count」与 [15] 的平行因子分析：PDF 第 1 页 §I。贡献 1）（低 SNR 下由协方差矩阵提取多尺度特征）与贡献 2）（回归任务而非多标签分类，实现 off-grid）：PDF 第 1 页 §I 末段与第 2 页首行。系统模型（M 站、N 源、ULA、P 阵元、d = λ/2、X_m = A_m S + N_m、高斯源、AWGN、SCM）：PDF 第 2 页 §II 式(1)—(4)。输出向量长度 2N_s：PDF 第 2 页 §III-A 式(5)。3 通道协方差张量与 R_global：PDF 第 2 页 §III-A 末段式(6) 及「the collection of these covariance matrices forms a tensor of dimension (K², P, P)」「dimensions of (3, KP, KP)」。网络总体结构与图 1：PDF 第 2 页 §III-B 与图 1。多尺度可变聚合模块（分组、式(7)—(11)、池化窗口 4×4/8×8/16×16、⊕ 表示 hadamard product）：PDF 第 2 页 §III-B(a) 与第 3 页首段。多尺度空洞卷积模块（式(12)—(15)、级联递进与逐级回注 X、r_1/r_2/r_3）：PDF 第 3 页 §III-B(b)。多尺度特征融合模块（式(16)—(20)，Sigmoid + Softmax，残差 Z_5 + X）：PDF 第 3 页 §III-B(c)。回归头（式(21)—(23)，d_1 = 2048、d_2 = 1024、d_3 = 512、d_4 = 256，输出维度 2N_s，「predict offset values」的表述）：PDF 第 3 页 §III-B(d) 与第 4 页式(23)。仿真设置（SNR −10 至 0 dB、N_s = 3 随机位置 [250,300]²、L = 500、SCM 实虚相位为输入、90 %/10 % 划分、PyTorch、RTX 4090、100 epoch、batch 256、Adam、lr 1×10^-4、源与站的具体坐标、P = 16、d = λ/2、RMSE 式(24)）：PDF 第 4 页 §IV-A。变 SNR 实验（L = 500、−12 至 −2 dB、步长 1 dB、N_T = 500 次 Monte Carlo）与图 2：PDF 第 4 页 §IV-B。变快拍实验（SNR = −2 dB、快拍 50—500、N_T = 500）与图 3、以及「L = 50 时略逊于 CNN、L ≥ 100 反超、两法均显著优于 MUSIC」的结论：PDF 第 4 页 §IV-C。结论：PDF 第 4 页 §V。参考文献 [12]（Weiss 与 Amar，多源 DPD 需已知源数）与 [14]（高阶累积量双原子范数框架，无需知道源数）：PDF 第 5 页参考文献列表。"
"R14","An End-to-End Deep Neural Network for Passive Positioning of Emitters and Receivers With Variable Numbers","Rui Xia, Jingchao Wang, Tian Zhang, Chao Xue, Yukai Du, Boyu Deng，IEEE Transactions on Cognitive Communications and Networking (TCCN)，2026年卷12，第759–771页（2025年4月25日在线发布，2025年12月19日为当前版本日期；DOI 10.1109/TCCN.2025.3564488）","针对低轨（LEO）星座被动定位中收发双方数量动态变化、数据量巨大的问题，作者提出端到端深度网络 DPV：把各站接收信号经短时傅里叶变换（STFT）变成时频图后与位置/速度/采样率/中心频率等「其他数据」分别编码，用零填充（Zero Padding）把可变数量对齐到固定张量，用排序不变训练（Sort Invariant Training，SIT）解决多目标输出与标签的排列问题，并自建含 1、2、3 个发射源与 3、4 个接收站的仿真数据集；在该数据集上 DPV(+ResNet) 在 25/15/5/−5 dB 的平均定位误差为 9/15/25/140 km，为所选传统最大似然 DPD 基线的 10%/19%/27%/72%，GPU 下单次定位 0.023 s。","LEO 卫星星座被动接收海上船舶（AIS 信号）发射的未知信号并估计船舶位置。N 个接收站（卫星）位置与速度在三维空间，实验取 3 或 4 个（最大 R=4）；M 个发射源（船舶）位于地面高度 0，实验取 1、2 或 3 个（最大 U=3），随机分布在 1e6 m × 1e6 m（即 1000 km × 1000 km）区域内，速度 0~30 m/s。关键约束：所有发射源共用同一载频（论文称可经滤波实现）；接收站之间时频同步（另设异步数据集评估失配影响）；接收站位置与速度、采样率、中心频率作为已知标量输入网络；卫星速度约 7 km/s、船舶约 30 节，故发射源速度对 FDOA 的贡献被近似为 0。","每站单天线单通道（模型 y_i(t) 为单路时间序列，式(1) 中未出现阵列流形）。接收模型为 y_i(t)=sum_{j=1..M} a_{i,j} s_j(t−tau_{i,j}) exp(j2π f_{i,j}(t−tau_{i,j})) + n_{i,j}(t)（式(1)），tau_{i,j}=(1/C)||p_bar_j−p_i||（式(2)），f_{i,j}=(f_c/C)·(v_i−v_bar_j)^T(p_bar_j−p_i)/||p_bar_j−p_i||（式(3)）。未知量：发射波形 s_j 完全未知，复衰减系数 a_{i,j}∈(0,1+1i) 未知；n_{i,j} 为独立复高斯噪声、零均值、标准差 σ_{i,j}（式(19) 定义 SNR）。已知量：接收站位置 p_i、速度 v_i、采样率 f_s、中心频率 f_c、发射源速度 v_bar_j、信号传播速度 C。观测域：时域复序列，经 TFA（STFT 或小波）转为 64(频率尺度)×192(时间尺度) 的时频表示（帧长 64、相邻帧重叠 63 点、hanning 窗），送入网络前只取幅度（论文脚注 2 报告「幅度+相位」与「仅幅度」结果相近、仅相位则误差显著增大且不收敛）。论文用长度 192 的采样做定位（基线 DPD 同为 192 点）；未使用快拍/多段平均概念，等效为单次接收时间段。","未知K直接处理，但 K 以「固定槽位 + 置信度阈值」方式隐式处理而非显式计数。依据：网络在固定 U 个槽位上同时输出位置与置信度（式(12) P_hat∈R^{1×DU}、式(13) C_hat∈R^{1×U}、式(14) 拼接），推理时「若 c_hat_i > 0.5 该槽位估计位置视为最终结果，否则丢弃」（§III-F 末段，第764页）；样本中发射源数 M 可变（1/2/3）而网络结构固定；零填充把 N≤R、M≤U 对齐到固定尺寸（§III-B-1 Fig.3、§III-C-1 Fig.4，第763页）。训练损失（式(15)(16)）对全部 U 个槽位求和，未使用真实 M 值。对比基线 DPD [16] 需要源数已知（§V-B 第767页、§V-E 第768页明确「传统 DPD 需要先估计源数」）。","整体为两条并行编码支路 + 坐标/置信度双头 + 排序不变训练。1) 数据分两类：Signal Data（各站复信号 y_i(t)）与 Other Data（接收站位置 p_i、接收站速度 v_i、采样率 f_s、中心频率 f_c、发射源速度 v_bar_j、传播速度 C，均为实数）。信号支路：TFA 得 beta_2=mod(TFA(beta_1))∈R^{R×F_n×T_fs}（式(8)），再经时频特征提取网络 TFFEN 得 beta_3∈R^{1×L}（式(9)，L=512）；其他数据支路：先经 ZP 对齐到 6R+2 维（式(7)），再由 DaEF 全连接网络嵌入为 gamma_2∈R^{1×L}（式(10)）。2) 拼接 alpha=concat(beta_3,gamma_2)∈R^{1×2L}（式(11)），经 CdEF 输出位置 P_hat（式(12)）、经 CfEF 输出置信度 C_hat（式(13)），splice 成最终输出 O_hat∈R^{1×(DU+U)}（式(14)）。3) 零填充：预设最大接收站数 R 与最大发射源数 U，空缺的 R−N 路信号与 U−M 个标签槽填 0，论文指出这等价于把未使用接收站的衰减系数置零（§III-B-1）。4) 归一化（Table I、§III-E）：y_i←y_i/max(|y_i|)、v_i←v_i/maxV、p_i←p_i/maxP、p_bar_j←p_bar_j/maxP、f_c←f_c/maxFc、f_s←f_s/maxFs，取 maxV=7554.6、maxP=1e6、maxFc=161.975e6、maxFs=19200。5) 损失（式(15)）：位置 RMSE（刻意去掉平均，论文脚注 3 说明若取平均，多目标定位损失会被「稀释」，网络退化为只做好单目标定位）+ 置信度 BCE 之和；训练时用 SIT：先算各标签到坐标原点的欧氏距离、升序排序、再按该顺序重排标签，使固定顺序的网络输出与标签一一对应（Fig.7、§III-C-2）。SIT 相对 Kolbe 提出的排列不变训练 PIT [30]（对 A_U^U 种排列分别算损失取最小）计算量更小、更稳定，论文实测 PIT 只在少数偶然实验（few accidental experiments）中与 SIT 相当。与已有方法的主要差异：无需先估计源数、无需为不同源数分别训模型；用几何先验排序替代全排列搜索解决多目标输出与标签的匹配。","条件适用；输入信息层级：已提取时频表示（STFT 幅度图）+ 已知几何与系统标量（接收站位置、速度、采样率、中心频率、发射源速度、光速）。触发该判定的具体条件：(1) 原始复 IQ 不是直接入网，而是先 STFT 取幅度后在 64×192 时频图上做二维卷积，且论文脚注 2 的实测表明本场景下相位贡献极小（作者推断本场景限于单个 AIS 周期、时频对齐不涉及「幅度相同而相位不同」的情形，若存在多周期则缺相位会导致整周期错位）——这与本项目「短时混合 IQ、相位是主要可用自由度」的前提直接冲突。(2) 网络需要 Other Data 支路输入接收站位置与速度（本项目四站位置固定且已知，可满足），但还需输入发射源速度 v_bar_j，本项目源速度未知（R14 以卫星速度远大于船速为由把它置零，属先验注入）。(3) 论文全部发射源共用同一载频，可分性来自 TDOA/FDOA 几何差异，网络不做频谱分辨；本项目是多源同频带时频混叠并要求输出逐源占用频段，观测接口不同。(4) 需站间时频同步，与本项目一致。失效条件：多源在时频域不可分、源数超过 U=3、接收站超过 R=4、或需跨频段处理时该框架失效，且论文均未测试。","数据来源为自建仿真数据集（作者称无公开数据集可用），信号内容为 AIS 信号，载频 f_c=161.975 MHz，接收采样率 f_s=19.2 kHz。几何：3 站位置为 1e6×[0.5,0.25,0.6]^T、1e6×[0.05,0.95,0.6]^T、1e6×[0.95,0.95,0.6]^T（m）；4 站情形为 1e6×[0.3,0.3,0.6]^T、1e6×[0.6,0.3,0.6]^T、1e6×[0.6,0.6,0.6]^T、1e6×[0.3,0.6,0.6]^T（m）；所有接收站速度 [5500,5500,0]^T m/s；发射源在地面随机分布、速度 0~30 m/s。样本量与 SNR：共 2,000,000 个样本，SNR 为 −5、5、15、25 dB（Table II：每档 SNR 训练 19e5、验证 1e5，测试每档 1e3，异步测试 1e3×4×2=8e3）；95% 训练、5% 验证；另生成 1,000 个独立异步样本，时同步误差标准差 σ(eps_tau)=1e-6、1e-5、1e-4、1e-3 s，频同步误差 σ(eps_f)=1、10、100、1000 Hz。源数与间距：每样本含 1、2 或 3 个发射源、3 或 4 个接收站；论文未给出最小源间距或角度间隔统计。带宽：论文未说明信号带宽，仅给出 AIS 时/频域示例（Fig.9–Fig.12）。训练：V100-32G，batch size 448，100 epochs，Adamw，Cosine Scheduler，学习率 4e-5（论文同时写 initial 与 minimum learning rate 均为 1e-6），TFFEN 用 AlexNet（首层 stride 由 4 改为 1）、VggNet(Vgg11)、ResNet(ResNet101，首层 stride 由 2 改为 1)。对比方法：仅 DPD [16]（基于最大似然估计，搜索网格 10 km，假设发射源数已知，用 scipy.signal.argrelextrema 取多极值）。评价指标：位置 RMSE（式(20)，仅在 c_hat>0.5 的估计上取平均，单位 1e6 m）、置信度 F1 Score（Table V）、定位耗时/FLOPs/参数量（Table IV）、CRLB 参考（Fig.14(a)）。","(1) 定位精度（§V-D-1 第767页、Fig.14(a) 第768页）：DPV(+ResNet) 在 25/15/5/−5 dB 的误差为 9/15/25/140 km（图中标注 0.009/0.015/0.025/0.140，纵轴单位为 1e6 m），对应所选 DPD 基线误差的 10%/19%/27%/72%；DPD 柱高为 0.084/0.080/0.091/0.195，CRLB 自 25 dB 的约 1e-6 量级到 −5 dB 的约 2e-3 量级（−5 dB 处标注 0.002038、5 dB 处 0.000635、15 dB 处约 2e-5），即 DPV 距 CRLB 仍有约 3~4 个数量级；同 SNR 下三种骨干差异不大（25 dB：AlexNet 0.015、VggNet 0.015、ResNet 0.009）。(2) 耗时（§V-D-2、Table IV）：DPD 需 1.1 s（无 FLOPs 与参数量数据）；DPV(+AlexNet) 0.012 s(CPU)/0.006 s(GPU)、1.1 GFLOPs、35.8 M 参数；DPV(+VggNet) 0.021/0.006 s、1.9 G、55.4 M；DPV(+ResNet) 0.129/0.023 s、7.7 G、45.7 M，GPU 上比传统 DPD 快约三个数量级。(3) 置信度分类（§V-D-3、Table V）：三种 DPV 在 −5~25 dB 的 F1 为 0.950~1.000（>95%）；作者同时声明传统 DPD 基线不含源数估计步骤，若只按式(20) 评价而不考虑源数，则多目标精度会被「等同于单目标精度」而失真。(4) 可视化（Fig.15–Fig.17，第769页）：1、2、3 源场景下 DPV 均可定位，DPD 在 3 源场景（Fig.17(b)）明显失败，论文归因于代价函数多极值无法区分次极值与真实极值（§V-D-1 末、§V-E）。(5) SIT 消融（§V-G、Fig.18）：不做排列处理时验证集收敛显著变差；PIT 可缓解但只在少数偶然实验中与 SIT 相当，换 SNR 或随机种子即不稳定，作者归因于 PIT 目标函数复杂、易陷局部极值。(6) 时频异步（§V-H、Fig.19、Table VI）：时同步误差标准差 ≤1e-4 s、频同步误差 ≤100 Hz 时各方法性能基本无影响；劣化出现在 σ(eps_tau)=1e-3 s 与 σ(eps_f)=1000 Hz（F1 由 1.000 降至约 0.84~0.87）。(7) 源速置零影响（§V-I）：1,000,000 次 Monte Carlo 表明把发射源速度当作 0 引起的 FDOA 误差标准差最大约 6.7 Hz，与频率失同步影响相当，10 Hz 以下的频率误差对定位精度影响可忽略。结果成立条件与未测部分：论文明确声明各 SNR 数据集彼此独立、「不同数据集上的评估结果不能直接比较」（§V-A 第766页加粗句）；异步实验只在 25 dB 做；未测试源数 >3、接收站 >4、低 SNR 与异步联合、多径或非理想信道；未与其他学习式被动定位方法或 TDOA/FDOA 两步法对比。","作者公开数据集与代码，链接见 §V-A 脚注 4（https://github.com/MrHaiPi/DPV），并在 §VII 说明希望以此提供包含数据集与代码的 benchmark。数据生成流程（§V-A 六步）、SNR 定义（式(19)）、数据集规模（Table II）、站址坐标与源分布范围、STFT 参数、训练配置（硬件、batch、epoch、优化器、学习率与调度）、TFFEN 的改造点均有给出；三个 FCNN 的层数与激活（Fig.8，3 层全连接、前两层 ReLU、CfEF 末层 Sigmoid）亦给出。未给全/不可确认：TFFEN 的完整层配置与特征维度细节、随机种子、异步测试样本的具体生成参数、数据集与代码链接在论文发表时是否真正可用（本次分析未联网核实）。作者自评局限（§VII，第770页）：DPV 定位误差仍然显著（原文「the positioning error of DPV remains significant」），需靠增加训练数据量或延长信号采样时长（代价是处理时间变长）以及结合电磁数据特性做结构优化来改进；DPV 依赖集中式定位系统，要求站间高效信号传输，未来应研究星间与星地链路的传输效率。","第一层（作者结论）：DPV 是一个适用于收发数量可变的被动定位端到端方案，在源数不确定的多目标场景下优于传统方法，能满足 LEO 星座大规模数据下对定位精度与速度的需求，并可容忍一定范围的时频异步；作者期望其数据集与代码成为该方向的 benchmark。第二层（实验实际能支持的结论）：在作者自建的、基于式(1) 理想化模型的单载频、每站单通道、源数 1~3、站数 3~4 的仿真数据上，单个固定结构网络确实能同时处理不同源数与不同站数，25 dB 时把 1000 km×1000 km 区域的定位误差压到 9 km（约区域尺度的 0.9%），在 F1 上达到 0.95~1.000，并比所选 ML-DPD 基线快约一个（CPU）到三个（GPU）数量级。适用条件与外推限制：全部结论限于该仿真分布（AIS 波形、固定站址与速度、源数≤3、共载频、站间已同步或仅轻度失同步）；相对 CRLB 仍差 3~4 个数量级，说明精度远非最优；「传统 DPD」的失败很大程度来自其「多极值代价函数 + 已知源数」的实现方式（作者在 §V-D-1 与 §V-E 承认 DPD 无法处理多极值），不能外推为「学习式端到端普遍优于传统方法」；论文未证明该方法在真实失配信道、多径、源数 >3、源间时频高度重合等条件下的有效性。","1. 把「变源数/变站数被动定位」形式化为「固定槽位 + 零填充 + 置信度判别」问题，并用单个网络统一处理（Fig.2–Fig.4、式(6)(7)(14)、§III），这是相对已有「收发数量固定」工作的实质差异。2. 提出 SIT（Sort Invariant Training）：以标签到坐标原点的欧氏距离升序构造确定性标签顺序，替代 PIT 的全排列最小损失搜索，在保持排列不变性的同时降低计算量并提升稳定性，主要证据为 Fig.18 的消融曲线。3. 公开一个含 1/2/3 源与 3/4 站、共 200 万样本、且含时频异步子集的被动定位数据集（§V-A、脚注 4），并把置信度分支显式用于区分「真实估计」与「零填充槽位」，配套给出 F1 指标（Table V）。4. 给出一条把复数信号处理问题转化为实数图像处理问题（STFT 幅度图 + 二维卷积骨干）的工程路线，并用脚注 2 的相位/幅度敏感性实验为该选择提供依据。需注意：这些贡献均为作者自述，其中「端到端」并不含源数显式输出，「可变源数」以固定上界 U 的槽位形式实现。","1. 源数不是显式估计量：网络只输出固定 U=3 个槽位，源数完全由置信度阈值 0.5 判定（§III-F 末，第764页），论文未给出源数估计误差、阈值敏感性或 ROC 分析，也未说明阈值如何随 SNR 调整；§V-E 把「免去源数估计」当作优点陈述，实质是回避而非解决计数问题。2. 精度与理论下限差距过大：Fig.14(a) 显示 DPV 与 CRLB 相差约 3~4 个数量级，−5 dB 时 140 km 的误差已接近 1000 km×1000 km 区域尺度的 14%，作者在 §VII 亦承认误差显著，并把方法定位为提供 9 km 级粗估计以缩小后续搜索范围。3. 判别力完全来自 TDOA/FDOA 的几何差异：模型假设所有发射源共用同一载频并经滤波保证（§II，第761页），网络不做频谱分辨，因此无法处理「同频带、时频高度混叠、且多普勒/时延差异小」的场景；论文未给出源间最小可分辨间距或失败边界的统计。4. 网络依赖 Other Data 支路输入的接收站位置、速度、采样率、中心频率与发射源速度等先验标量（式(7)、Table I），其中发射源速度在真实场景未知（论文以卫星速度远大于船速为由置零，§II 脚注 1），这构成一定程度的先验注入，且该支路的贡献未做消融；同时全文对比方法只有 ML-DPD 一种，未与 TDOA/FDOA 两步法或 §I 中提到的 DNN 被动定位方法 [26]–[29] 比较。","问题选择有真实场景驱动（LEO 星座被动定位中收发数量动态变化是实际工程约束），把「变源数」转化为「固定槽位 + 零填充 + 置信度阈值」的做法简单可行且易于工程落地，SIT 用几何先验替代全排列搜索在思路上有独立价值，公开数据集与代码也提升可复用性。但方法与证据强度并不匹配：一是核心的「变源数」被降级为固定 U 槽位与 0.5 硬阈值，论文未把源数估计作为被评估的任务，因而无法回答「网络是否真的判定出有几个源」；二是唯一基线 ML-DPD 在多极值代价函数上的失败主要来自其自身实现局限（作者在 §V-D-1 与 §V-E 已承认），据此不能得出学习式端到端优于传统方法的结论，缺少 TDOA/FDOA 两步法与更强 DPD 变体作为对照；三是证据覆盖面有限——论文自述不同 SNR 数据集之间不可直接比较，异步实验只在 25 dB 做，源数上限仅 3；四是精度距 CRLB 3~4 个数量级、−5 dB 时 140 km 的误差限制了直接可用性（作者将其定位为粗估计以缩小搜索范围）。总体判断：机制层面有明确借鉴价值，可作为「端到端网络在不输入源数的情况下处理变化源数」的先例引用；但作为同条件性能基线其证据不足，「显著优于传统方法」的主张在当前实验设计下只得到有限支持。","(1) 是否已覆盖本项目想解决的问题：部分覆盖，关键部分未覆盖。R14 确实实现了「单个固定网络处理可变源数（1/2/3）且不把 K 作为输入」，与本项目第三章「未知 K 直接处理」的部分动机重合；但其输入是 STFT 幅度时频图 + 已知几何/系统标量，输出只有位置 + 置信度，不输出源数 K、不输出逐源占用频段、更不建立频率—源—位置对应关系；模型强制所有源共用同一载频（式(1) 与 §II），网络也不做频谱分辨，因此本项目「19 个子带上联合预测频带占用与源数、并产生逐源定位频率权重」的内容未被覆盖。尺度上，R14 是 1000 km×1000 km 区域、9~140 km 误差的粗定位，与本项目细网格（401×401，10 m 级）不在同一精度层级，其精度不能作为本项目细定位的参照。(2) 能否作为同条件基线：属条件适用，不宜作直接基线。适配点：其「零填充槽位 + 置信度分支」可移植到本项目四站固定（N=4 恒定，甚至无需零填充）的设置，作为「不输入源数、直接回归多源位置」的对照；数据接口需要改造——本项目输入是 4096 点量级短时混合 IQ 且多源同频带混叠，若照搬 R14 的 STFT 幅度前端会丢弃相位，而 R14 脚注 2 恰恰表明相位在其场景无用（限单周期、无「同幅异相」情形），与本项目前提相反，故需重新设计前端并另行验证；同时必须为其补充源数输出（或用置信度阈值充当 K 判定）才能与第三章比较 K 的准确率。其公开数据集与代码面向 AIS/LEO 几何，需重写数据生成与尺度。(3) 是否压缩本研究的创新空间：压缩「端到端 + 变源数」这一条的一般性表述，但不压缩本项目的具体主张。若本项目把贡献表述为「用单一端到端网络处理变化的源数」，R14 已有先例、不能作为新贡献；此外 SIT 说明「多目标输出—标签匹配」这一子问题已有成熟解法（本项目第四章用集合热力图 + offset 天然规避），论文中应引用并说明差异。未被压缩的是：逐源频带占用、频率—源—位置三者对应、以及「用定位损失反向影响逐源频率表示」，本项目核心主张（逐源定位权重相对「公共选频 + 传统求解器」具有独立价值）不受 R14 影响。(4) 可直接借鉴与必须避开的：可借鉴——用置信度分支把「空槽」与「真实估计」区分开，比让回归网络输出 0 更稳定（作者在 §V-C 与 §V-D-3 解释零输出在回归任务中不现实、低 SNR 下尤其如此）；零填充对齐可变维度（对本项目价值有限，站数固定）；SIT 以「到原点欧氏距离排序」制造确定性标签顺序，是低成本标签—输出对齐先验；去掉 RMSE 中的平均以避免多目标损失被稀释的做法（第765页脚注 3）对本项目多源热力图损失加权也有参考意义。必须避开——不要把置信度阈值 0.5 当作源数估计，本项目的 K 必须是可评估的显式输出；不要像 R14 那样把发射源速度等未知量作为网络输入（先验泄漏）；不要以「优于一个实现受限的 ML-DPD 基线」来论证方法优越，本项目应选 R02 MVDR-DPD、R33 多频函数融合、R27 MMSE 分布式 DPD 等更强基线；不要把「复数信号转幅度时频图」当作默认前端，本项目需保留并使用相干 IQ/相位信息。","标题、作者与卷期页码见第759页页眉与首页；DOI 见第759页脚注。研究动机与 TSM/DPD 分类见 §I，第759–760页。已有学习式方法「只处理接收信号、收发数量固定」的批评见 §I，第760页。三项贡献清单见 §I 末，第760–761页。信号模型式(1)、时延式(2)、频差式(3)、收发位置与速度定义及「所有发射源共载频」假设见 §II，第761页。DPD/TSM 映射式(4)(5) 见 §II，第761页。发射源速度可视为 0 的论证见 §II 脚注 1，第761页。网络总体结构与两类数据、零填充、SIT、联合损失见 Fig.2 及图注，第762页。TFA/TFFEN 与「只用幅度」的敏感性实验见 §III-A-1 及第762页脚注 2。接收站零填充见 §III-B-1 与 Fig.3，发射源/标签零填充见 §III-C-1 与 Fig.4，均在第763页。排列问题与 PIT 不足见 §III-C-2、Fig.5、Fig.6，第763页。SIT 排序规则与效率/稳定性论证见 §III-C-2 与 Fig.7，第764页。FCNN 结构与层数见 §III-D 与 Fig.8，第764页。归一化系数见 §III-E 与 Table I，第764页（maxV=7554.6、maxP=1e6、maxFc=161.975e6、maxFs=19200）。公式表示与输出拼接式(6)–(14) 见 §III-F，第764页；置信度阈值 0.5 的推理规则见同节末段。损失式(15) 与「去掉平均」的理由见第765页正文及该页脚注 3；式(16) SIT 损失见第765页。时频异步模型式(17)(18) 见 §IV，第765页。数据生成六步与 SNR 定义式(19) 见 §V-A，第765页。数据集规模与 SNR 档位见 Table II，AIS 载频 161.975 MHz、f_s=19.2 kHz、站址坐标、源分布区域与速度、信号示例见 §V-A 与 Fig.9–Fig.12，第766页。「不同数据集结果不可直接比较」的声明见 §V-A 第766页加粗句。STFT 参数（64×192、帧长 64、重叠 63、hanning 窗）见 §V-B，第766–767页。基线 DPD 设置（192 点、10 km 搜索网格、源数已知、argrelextrema）见 §V-B，第767页。训练配置（V100-32G、batch 448、100 epochs、Adamw、Cosine、lr 4e-5）见 §V-C，第767页。收敛曲线见 Fig.13，验证集最优损失见 Table III，均在第767页。定位精度数值（9/15/25/140 km 与 10%/19%/27%/72%）见 §V-D-1，第767页；RMSE 定义式(20) 见同页。精度柱状图与 CRLB 对比见 Fig.14(a)、累计分布见 Fig.14(b)，第768页（−5 dB 各样值 0.195/0.147/0.154/0.140 与 CRLB 0.002038；5 dB 为 0.091/0.036/0.035/0.025 与 0.000635；15 dB 为 0.080/0.022/0.019/0.015；25 dB 为 0.084/0.015/0.015/0.009）。定位耗时见 §V-D-2 与 Table IV，第768页。F1 Score 与「多目标评价必须考虑源数估计」的论述见 §V-D-3 与 Table V，第768页。「DPV 免去源数估计」的论断见 §V-E，第768页。可视化见 Fig.15–Fig.17，第769页。SIT 消融见 §V-G（第768页）与 Fig.18（第769页）。异步结果见 §V-H、Fig.19 与 Table VI，第769页，时间/频率分辨率的解释在同页末段。发射源速度置零影响与 1,000,000 次 Monte Carlo 见 §V-I，第770页。相位贡献的讨论见 §V-J，第770页。结论见 §VI，第770页。作者自评局限（误差仍显著、依赖集中式系统）见 §VII，第770页。数据集与代码链接见第766页脚注 4（https://github.com/MrHaiPi/DPV）；9 km 粗估计使搜索范围缩小约 12,346 倍的说明见 §VII 正文与第770页脚注 5。"
"R15","A Lightweight End-to-End Multi-Source Localization Framework in Urban Environments via Local Radio Map Construction","Zhang 等（Qilu Zhang, Hongying Tang, Ziyi Song, Wen Chen, Jiang Wang），IEEE Transactions on Cognitive Communications and Networking，2026；DOI 10.1109/TCCN.2026.3727490；录用稿页眉为占位符「JOURNAL OF LaTeX CLASS FILES, VOL. 14, NO. 8, AUGUST 2025」，正式卷期页码论文未给出，本 fragment 按印刷页码第 1—16 页引用。","针对基于 RSS 的多源定位（MSL）中「map-free 方法可端到端优化但输出维度必须绑定源数」与「map-based 方法可处理变源数但第二阶段含不可微后处理」的两难，作者提出 E2E-MSL：用轻量 U 型网络 M2SNet 从稀疏 RSS 采样图与建筑布局重构局部无线电地图（local radio map），再用可微定位模块 DLM（可微坐标选择 DCS + 物理信息 mean-shift 聚类 PIMS）直接从该地图读出变数量源坐标，从而使定位损失反传到地图构建网络。在 VaryTxLoc 数据集上，相对最优基线 LRM-MSL，mLE 由 0.213 m 降至 0.125 m、OSPA 由 0.459 m 降至 0.233 m（分别改善 41.3% 与 49.2%）。","城市环境中的多源定位（multi-source localization, MSL）：M 个未知源同时在一个预先通过频谱感知确定的频带内发射，位置 Q_i = [Q_1,…,Q_M] 待估，Q_i 为第 i 个源的位置。观测量由 J 个移动传感终端在已知位置 S = [S_1,…,S_J] 上采样得到的 RSS（接收信号强度）组成；传感终端无法区分各源贡献，只能记录复合 RSS。关键约束：观测是空间上稀疏采样的 RSS 功率值（不是复数基带波形，也不是阵列快拍），且要求对变源数 M 具备泛化能力（无需改结构或重训）。应用背景为认知无线电网络、频谱监测、无人机/地面传感网的城市定位。论文明确把 TDOA/DOA/TOA 归为需要严格同步时钟或专用天线阵列的高精度技术、而 RSS 归为硬件简单低成本路线（第 1 页 §I）。","每站为单个移动传感终端，只有一条 RSS 测量（无阵元维度，无相位/复数信息）；观测域是**RSS 功率值的二维空间采样图**以及建筑布局图，不是时域/频域波形、不是协方差矩阵、也不是张量。信号模型：第 i 个源到第 j 个采样点的接收功率写为 Ψ^{i,j}_RX = Ψ^i_TX − L^{i,j}_ξ − L^{i,j}_ζ（式(1)，第 4 页），其中 Ψ^i_TX 为发射功率，L^i,j_ξ 为大尺度衰落（含距离相关路损与阴影），L^i,j_ζ 为小尺度衰落；路损按对数距离模型 L^{i,j}_ξ = L_0 + 10n·log10(d^{i,j}/d_0) + ξ^{i,j}（式(2)），d^{i,j} = ||Q_i − S_j||_2。多源聚合 RSS 由 M 个源的在瓦特域 RSS 求和后转到 dB 域得到。未知量：源位置 Q_i、源数 M，以及衰落相关量；波形、相位、增益在模型中根本不出现（模型不使用相干 IQ）。快拍/分段数：论文不给传统意义上的快拍数；数据集侧给出 6 种采样间隔（1、2、4、6、8、10 s）作为「观测稀疏度」的模拟变量（第 9 页 §V-A）。最终任务形式化为学一个映射 f_θ: (I_SP, I_BD) → Q̂（式(3)），I_SP 为从量测集 D = {(S_j, Ψ̃(S_j))}^J_{j=1} 构造的二维采样地图，I_BD 为建筑布局图，均为 H×W。","未知K直接处理。依据：DLM 的 PIMS 采用 Robust Mean Shift，论文明确声称「Since RMS requires neither a predefined number of clusters nor any prior distribution assumption, it is well suited to MSL scenarios with an unknown and variable number of sources」（第 7 页 §IV-B2），且「the number of localized sources is explicitly determined by the spatial structure of Î_MS, eliminating the need for an explicit source count estimation」（第 5 页 §IV-B）。算法流程 Algorithm 1 的输入只有构造出的局部无线电地图 Î_MS，输出为预测源集合 Q（训练）或 Q̂（推理）（第 6 页），全过程无 K 输入，也没有 MDL 等模型阶数估计步骤。训练期以 Hungarian 匹配（式(18)）在 M̂ 与 M 之间建立一对一分配，逐样本的匹配对数为 min(M̂, M)，因此训练也不要求预先指定 K。注意：论文正文没有任何一处显式讨论「源数上限」；PIMS 每次迭代的操作数 N = |Z_sel| 由地图像素决定，源数上界隐式由像素/局部区域数量决定，论文未说明其显式上限。","整体为端到端两级结构。(1) 局部无线电地图构建：采用作者先前工作提出的 M2SNet [21] 架构，输入为稀疏采样图 I_SP ∈ R^{H×W} 与建筑布局 I_BD ∈ R^{H×W}，输出重构的局部无线电地图 Î_MS ∈ R^{H×W}（图 4 中张量标注可见 2×200×200 输入 → 1×200×200 输出）。M2SNet 为 U 型编码器-解码器：三级编码、两层卷积瓶颈、三级对称解码，各阶段由堆叠 Conv–BN–ReLU 组成，编码器与解码器之间有 skip connection 保留高分辨率结构信息。局部无线电地图的定义是：以源位置为中心、半径 r 的局部区域内保留 RSS 值，区域外置零，从而抑制背景、突出源附近结构（第 4 页 §III，图 3(b) vs 图 3(a)）。(2) 可微定位模块 DLM，由两个子模块构成。a) 可微坐标选择 DCS：不像常规硬阈值二值化那样保留或丢弃坐标，而是对地图每个像素发一个连续软选择权重 S_soft(a,b) = σ(β(Î_MS(a,b) − τ))（式(4)），σ(z)=1/(1+e^{−z})，τ 为软阈值，β 控制斜率，像素坐标 (a,b) 离散步进；导数 ∂S_soft/∂Î_MS = β·σ(z)(1−σ(z))（式(5)），z = β(Î_MS(a,b) − τ)（式(6)），对所有有限输入非零。为把二维坐标合并为单一代数实体，采用复值坐标表示 Z(a,b) = a + jb（式(8)），软权重以单次标量乘法同时调制水平与垂直坐标，得复值调制表示 Z̃(a,b) = S_soft(a,b)·Z(a,b)（式(9)）。由此形成三种机制：局部区域 S_soft≈1 高保真保留坐标；错误区域 S_soft 小但非零，抑制其贡献但允许其参与梯度回流；背景 S_soft→0，把大部分背景坐标压缩向原点。随后做 ε 滤波 Z_sel = {Z̃(a,b) | S_soft(a,b) > ε}（式(10)），ε 设为可学习参数、初始 0.1；为让梯度穿过这一步，采用 Straight-Through Estimator（STE，引文 [46][47]），阈值比较用不可微、反向按 STE 近似。每个 Z^sel_k 取实虚部还原为二维坐标 p_k = [ã_k; b̃_k]（式(11)），得滤波复值调制坐标集 P = {p_k ∈ R²}^N_{k=1}（式(12)）。b) 物理信息 mean-shift 聚类 PIMS：以 Robust Mean Shift (RMS) [41][42][43] 为底层机制，无需预设簇数或先验分布；以 P 为初始种子集 C^(0) ← P，迭代更新 c_i^{(t+1)} = Σ_k r_k K(p_k,c_i^{(t)}) c_k^{(t)} / Σ_k r_k K(p_k,c_i^{(t)})（式(13)），其中物理信息权重 r_k = Î_MS(⌊ã_k⌋,⌊b̃_k⌋) ∈ [0,1] 即该离散网格位置上的归一化 RSS 值，K(p_k,c) = exp(−||p_k − c||²_2/(2η²))（式(14)）为高斯核，核带宽 η 经验取 2。固定迭代 T = 10 次。训练阶段直接把 C^(T) 当作未做去重合并的预测源集合 Q = {q̂_m}；推理阶段另做重复模式合并：G_i = {c ∈ C^(T) : ||c − c_i||_2 < δ}（式(15)），q̂_i = (1/|G_i|)Σ_{c∈G_i} c（式(16)），δ = 0.001 像素。c) 训练策略：先只用 L_map 预训练地图构建网络，再端到端联合微调；总损失 L_total = L_map + λ·L_coord/(L_coord/L_map)_detach + ε，λ = 0.01（式(20)），其中 L_map 为 MSE（式(17)），L_coord 为经 Hungarian 最优分配 π*（式(18)）后的匹配对平均欧氏距离（式(19)），分母的 detach 比值为动态归一化、阻止梯度经归一化项回流。与已有方法的主要差异：map-free 方法（如 [15][16]）把源数隐含在回归输出维度里，改源数必须改结构或重训；map-based 方法（如 [17][18][19][20][21][22]）第二阶段用硬阈值二值化、NMS、连通域分析等不可微后处理，梯度断链、误差跨阶段累积。E2E-MSL 用 DCS 的软选择权重替代硬阈值、用 PIMS 的可微迭代聚类替代 NMS/连通域，从而第一次把「定位损失 → 地图构建网络」的梯度通路打通，同时保留变源数泛化。作者自述「to the best of our knowledge, E2E-MSL is the first framework to simultaneously enable E2E optimization and generality for a variable number of sources」（第 2 页）。","需重推适配（更接近「仅机制」一侧）。输入信息层级：已提取功率量测（RSS 二维空间采样图 + 建筑布局图），不含任何相位/频率/复数波形信息，属于「已提取标量强度量测」，层级低于本项目所需的原始混合 IQ。触发该判定的具体条件：其一，观测物理量不同——本项目为四站单天线同步接收的短时混合复基带 IQ（4096 点量级），而本文是 J 个移动终端在 AoI 内采到的 RSS 功率标量，二者不是同一信息层级，本项目反复强调的「RSS/DOA/TDOA/相干 IQ 不等价」在此直接适用；其二，空间采样结构不同——本文要求 AoI 内有较密的空间采样点以构成 200×200 采样图，本项目只有 4 个固定站，无法构造空间采样图；其三，本文额外把建筑布局 I_BD 作为显式输入通道，属于强先验（等效于已知环境几何），本项目场景不假设已知建筑布局。失效条件：一旦把输入换成 4 站 IQ 或 4 站粗/细空间谱，DCS 所依赖的「局部区域/错误区域/背景」三分类强度结构不再成立（本文的三分类依据是局部无线电地图的归一化强度约 0.86 与背景恰好为 0 的强分离，见第 8 页脚注 2 与第 6 页 Remark 1），软阈值 τ/β 需要重新标定；同时「J 个空间采样点」这一维度在 4 站配置下不存在，地图构建网络的输入接口完全不可复用。因此可借鉴的是**机制**（可微软选择 + 可微聚类 + STE + 损失归一化 + 两阶段训练），而不是可比的精度基线。","数据来源：公开数据集 VaryTxLoc（https://github.com/QLMSL/LRM-MSL），用 WinProp 软件的 Intelligent Ray Tracing (IRT) 模式 [50] 配合来自 OpenStreetMap 的真实建筑布局**仿真**生成，因此是射线追踪仿真数据而非实测。规模与几何：34,560 个多源局部无线电地图样本（论文原句），每个 200×200 像素，空间分辨率 1 m/像素，源半径 r = 2；覆盖 24 种建筑布局，建筑高度 25 m，源/接收机高度 1.5 m，中心频率 2.0 GHz，带宽 10 MHz，默认发射功率 24 dBm；场景含 1、3、5、7 个活跃源，以及 6 种采样间隔（1、2、4、6、8、10 s）。数据集划分（第 9 页 §V-A）：25,920 样本 / 18 种布局用于预训练地图构建网络，8,640 样本 / 6 种布局用于 E2E 联合微调，4,320 样本 / 3 种布局用于 E2E 测试；测试布局与预训练、微调布局完全不相交。注意：论文给出的总数 34,560 与三段划分之和 25,920+8,640+4,320 = 38,880 不一致（按每布局 1440 样本推算，三段合计对应 27 种布局而非 24 种），论文未说明该差异，此处按图像读数如实记录。另有两组专门测试集：VaryPower 子集（3 个同时活跃源，发射功率固定为 12、20、24 dBm，覆盖 3 种建筑布局，180 个测试样本）；Large-AoI 子集（AoI 为 400×400、600×600、800×800 m²，每个 AoI 含 480 个样本，覆盖 1、3、5、7 个源与不同源位置/采样间隔）。实现环境：Python 3.9.12、PyTorch 2.0.1、AdamW；预训练初始学习率 10^-3、权重衰减 10^-4、10 个 epoch 后降为 1/10、训练多于 100 个 epoch、batch size 32；E2E 微调初始学习率 10^-4、权重衰减同为 10^-4、10 个 epoch 后同样十倍增衰减、多于 100 个 epoch、batch size 32。CPU 实验平台 Intel Core i5-12490F + 16 GB RAM，模型训练平台为 NVIDIA GeForce RTX 4060 Ti。对比方法：TL:DL [18]、cGANPeak [19]、IMNet [20]、LRM-MSL [21]；消融中另用 RadioUNet [14]、MSFF [29]、IMNet-I [20]、PMNet [30] 替换地图构建骨干。评价指标：mLE（式(21)）、False Alarm Rate ε_far（式(22)）、Missed Detection Rate ε_mdr（式(23)）、OSPA（式(24)，参数 g = 20，d^i_t = min(g, ||q̂^t_{π*(i)} − q^t_i||)）。Monte Carlo 次数：论文未以「Monte Carlo 次数」表述，而是给出固定测试样本数（4,320 个 E2E 测试样本；VaryPower 180 个；每个 Large-AoI 配置 480 个）。噪声实验为在 RSS 上加零均值高斯白噪声，标准差 σ = 1 dB 与 σ = 3 dB（第 12 页 §V-G）。","1）总体性能（表 II，第 10 页）：E2E-MSL 取得最低 mLE 0.125 m 与最低 OSPA 0.233 m，相对此前最优的 LRM-MSL（mLE 0.213 m，OSPA 0.459 m）分别改善 41.3% 与 49.2%；ε_mdr 0.058 % 与 LRM-MSL 的 0.035 % 相当，ε_far 0.017 % 显著低于 LRM-MSL 的 0.208 %。其他基线：IMNet mLE 3.065 m、OSPA 10.161 m；cGANPeak 1.363 m、9.748 m；TL:DL 0.465 m、3.301 m。2）变源数（图 6、表 III，第 10 页）：固定总源数 1050 做公平比较，E2E-MSL 在 1/3/5/7 源各配置下 mLE 最优，7 源时仍保持 0.127 m，相对 LRM-MSL 降低约 35.5 %—58.2 %；ε_far 在 1Tx/3Tx 为 0.095 %/0.095 %，5Tx/7Tx 均为 0.000 %；ε_mdr 在 1Tx/3Tx/7Tx 为 0.000 %，5Tx 时为 0.095 %（即 5 源场景下 E2E-MSL 的漏检率与 LRM-MSL 并列但并非最低，论文明确承认「Except for the 5-source case where ε_mdr is slightly higher, E2E-MSL attains the best results among all other settings」）。3）采样间隔（图 8、图 9、表 IV，第 11 页）：随采样间隔增大（观测变稀疏）所有基线退化，E2E-MSL 保持最低 mLE 与最平稳 OSPA；但在间隔 6、8、10 s 时 ε_mdr 不是最低（0.069 %、0.035 %、0.243 %，LRM-MSL 分别为 0.000 %、0.000 %、0.208 %），论文对此如实说明。4）效率（表 V、表 VI，第 11—12 页）：E2E-MSL 参数量 0.592 M、单次推理时间随 M=1/3/5/7 为 0.00536/0.00785/0.01143/0.01349 s，与源数弱相关；LRM-MSL 第二阶段 9.841 M 参数、推理时间 0.00899/0.01769/0.02640/0.03510 s，随源数近似线性增长（因需对每个源单独跑单源回归网络）；IMNet 推理时间随源数 0.00769—0.00843 s 但 OSPA 最高（10.161 m）。M2SNet 骨干为 8.377 G FLOPs / 0.594 M 参数 / 0.594 s 级之外的 0.0103 s 单次时间；IMNet-I 骨干达到最佳 OSPA 0.212 m 但计算量约为 M2SNet 的四倍。5）消融（表 VI、表 VII，第 12 页）：替换四种地图构建骨干（RadioUNet、MSFF、IMNet-I、PMNet）后加 E2E 优化一律改善 mLE 与 OSPA，说明收益来自框架级 E2E 机制而非特定骨干（M2SNet 的 mLE 0.151→0.125 m、OSPA 0.330→0.233 m；RadioUNet 0.188→0.132 m、0.274 OSPA）。定位模块消融：ArgMax 基线 1.223 m mLE / 1.501 1.501 m OSPA；CoM 无 E2E 0.289 m / 0.498 m；CoM 有 E2E 0.181 m / 0.312 m；DLM 无 E2E 0.151 m / 0.320 m；DLM 有 E2E 0.125 m / 0.233 m，逐步下降。6）超参敏感性（表 VIII、表 IX，第 12 页）：DCS 的 (τ,β) 在 (0.20,50)—(0.40,70) 范围内 mLE 稳定在 0.124—0.144 m（有 E2E 时），最终选 τ=0.2、β=60；PIMS 的 T 由 5 增到 10 明显改善（OSPA 0.419→0.233 m，ε_far 0.292 %→0.017 %），超过 10 收益边际；η=1.0 邻居聚合不足、η≥2.0 后稳定，选 η=2.0。7）鲁棒性（表 X，第 13 页）：RSS 加噪 σ=1 dB 时 E2E-MSL mLE 0.316 m / OSPA 0.501 m，σ=3 dB 时 0.871 m / 1.162 m；VaryPower 子集 mLE 0.498 m / OSPA 1.277 m，相对 LRM-MSL 分别降低 28.1 % 与 27.7 %；Large-AoI 在不重训的前提下把地图分辨率降为 2 m、3 m、4 m，E2E-MSL 仍取得最低 OSPA（1.279 m、2.283 m、4.884 m），但作者承认「localization performance gradually degrades as the map resolution becomes coarser」。未测试/不成立的条件：不做 4 站或多站几何下的验证、不做实测数据验证、不做相干 IQ 输入验证、不测试集中式阵列场景；所有结果均为射线追踪仿真数据、单一 2.0 GHz 载频与 10 MHz 带宽下的结果。","代码公开：https://github.com/QLMSL/E2E-MSL（第 1 页摘要末尾）；数据集公开：https://github.com/QLMSL/LRM-MSL（第 8 页脚注 1）。超参数与训练细节给出较全（优化器 AdamW、学习率、权重衰减、衰减策略、epoch 数、batch size、λ=0.01、T=10、η=2、β=60、τ=0.2、ε 初值 0.1、δ=0.001 像素、g=20 等），骨干网络由引文 [21] 的 M2SNet 定义、本文不给逐层通道表，复现需另行获取 [21] 与骨干引文 [14][29][20][30] 的细节。仿真设置（WinProp IRT + OpenStreetMap 建筑布局）给出软件名与关键参数（频率、带宽、功率、高度、分辨率），但未给出随机种子、未给出数据生成的脚本清单、未给出采样点布置规则与采样间隔到空间采样密度的确切换算关系，第三方从零复现数据集有难度。实测数据：论文全部为仿真数据，未说明是否有实测原始数据。作者自评的局限（第 13 页 §VI 与各节）：1）未来工作拟扩展到动态、时变传播场景；2）拟研究超分辨率重构以支持更高地图分辨率下的精细定位；3）正文承认在 5 源与较大采样间隔下 ε_mdr 并非最低；4）承认地图分辨率变粗时定位性能逐步退化。","作者结论（第 13 页 §VI 原文要点）：提出了轻量端到端多源定位框架 E2E-MSL，把局部无线电地图构建模块与可微定位模块 DLM 集成，让定位监督无阻碍地回传到构建阶段；DLM 由 DCS 与 PIMS 组成，无需源数先验即可直接估计源坐标；在统一目标下端到端联合优化地图构建与定位；实验表明 E2E-MSL 在精度、鲁棒性与计算效率上持续优于现有两阶段方法，并有效缓解跨阶段误差累积。实验实际能支持的结论：在**射线追踪仿真生成的、以 200×200 像素 RSS 采样图 + 建筑布局为输入**的条件下，把不可微后处理换成「可微软选择 + 可微 mean-shift」并打通到地图构建网络的梯度通路，确实能降低 mLE 与 OSPA，且该收益不依赖特定骨干（表 VI 的四种骨干一致改善）；同时保持推理时间与源数弱相关（表 V）。适用条件与外推限制：其一，结论只在 RSS 标量强度观测域成立，论文没有、也无法支持「该框架在相干 IQ 或阵列快拍输入下同样有效」；其二，E2E 收益的机制解释（错误区域梯度让网络修正错误区域）在本文中是通过度量下降间接支持的，论文未给出机制的直接可视化/反事实实验证据，属于作者解释而非已证机制；其三，DCS/PIMS 的稳健性论证（Remark 1）建立在局部无线电地图「局部区域归一化强度约 0.86、背景恰为 0」这一数据集特异的强度分离上，跨观测域外推时该前提需重新验证；其四，所有比较均为本文作者在同一数据集、同一训练设置下实现的基线复现（论文称基线为两阶段、共享与预训练相同的学习率与设置），没有引用原论文报告数字，因此基线的公平性依赖作者复现质量，论文未给出基线复现的独立校验。","1）提出把「定位损失反传至地图构建」这一梯度通路真正打通的框架（E2E-MSL），并以表 VI 的四种骨干替换实验证明收益来自框架级机制而非某个特定网络——这一「机制与骨干解耦」的验证设计是本文证据链中最有价值的部分，比单纯的指标领先更有说服力。2）DCS：用 sigmoid 软二值化权重 + 复值坐标表示 Z(a,b) = a + jb 的**单一标量乘法**同时调制横纵坐标（式(8)–(9)），避免了把水平/垂直坐标当作两个独立实值张量再拼接的复杂实现，并显式保留「错误区域」小非零权重以使梯度可回传——这是对「硬阈值造成梯度断链」问题的直接技术回应。3）PIMS：把 mean-shift 的核权重替换为地图强度 r_k = Î_MS(⌊ã_k⌋,⌊b̃_k⌋)（式(13)），使聚类被高能量区域吸引，从而用同一机制同时完成「去背景」与「定数」；配合 ε 滤波（ε 可学习，STE 桥接，式(26)–(28)）与仅推理期启用的重复模式合并（式(15)–(16)），把非可微操作严格隔离在梯度图之外。4）训练工程：两阶段（先 L_map 预训练、再 E2E 微调）+ 带 detach 归一化的总损失（式(20)）+ Hungarian 一对一匹配，是在「变源数 + 集合输出 + 双损失尺度差异大」条件下可迁移的稳定训练配方；实验上还给出了完整的复杂度/时延对照（表 V）与超参敏感性（表 VIII、IX）与鲁棒性（表 X）矩阵。","1）观测域层级低且强依赖环境先验：输入是 RSS 标量空间采样图 + 建筑布局，建筑布局作为显式输入通道（图 4 中 2×200×200 输入含 I_BD），且数据全部由 WinProp IRT 射线追踪仿真产生；论文没有在缺少建筑布局、或只有极少空间采样点（如 4 个固定站）的条件下测试。2）数据集规模数字存在内部不一致：正文称数据集含 34,560 个样本、覆盖 24 种建筑布局（第 8 页），而划分给出 25,920（18 布局）+ 8,640（6 布局）+ 4,320（3 布局）（第 9 页），三段之和 38,880、布局数 27，论文未说明该差异。3）变源数能力的**上界与可分条件未被刻画**：论文只测到 7 源，未分析两个源相距多近时 DCS+PIMS 会把它们合并为一个（δ=0.001 像素的合并阈值与 T=10 次迭代的收敛半径共同决定这一极限），也没有给出类似分辨极限/可辨间距的定量曲线；这正是「变源数」主张最需要边界的地方。4）E2E 机制缺少直接机制证据：全文的因果解释（错误区域保留梯度→网络学会修正）只有最终指标佐证，没有给出梯度幅值分布、错误区域强度随训练的演化、或「冻结梯度但保持其余不变」的对照，因此「E2E 优化为什么有效」在本文中仍主要是作者主张。5）基线全部为作者复现，论文未报告基线复现的调参过程与是否达到原论文水平；表 V 中 LRM-MSL 的第二阶段参数（9.841 M）远大于其第一阶段（0.592 M），复杂度对照的公平性论文未讨论。6）OSPA 的 g = 20 被当作固定参数，而测试区域是 200×200 m 量级，g 的取值会直接影响基数错误的惩罚权重，论文未做 g 的敏感性分析。","问题选得准、定位清楚：本文抓住了 map-free（可 E2E 但源数绑死）与 map-based（可泛化但第二阶段不可微）之间的结构性两难，并用一个「把不可微后处理全部换成可微算子」的统一框架回应，问题陈述（第 2 页）与图 1 的四象限对比是全文最有说服力的部分。方法层面，DCS 的复值坐标表示 + 软选择权重、PIMS 的物理信息核权重、ε 可学习 + STE 桥接、以及仅推理启用的合并操作，都是动机明确、实现代价低的具体机制，而非堆叠模块；Appendix A 给出从 L_coord 到网络参数 θ 的完整 Jacobian 链（式(31)–(38)），可微性主张有推导支撑，这在同类工作中并不常见。证据强度方面，表 VI 的「换四种骨干后 E2E 仍一致改善」是较强的机制性证据，表 V 的复杂度-时延对照与表 VIII/IX 的超参敏感性也做得比较完整；但另一方面，全部实验建立在单一射线追踪仿真数据集、单一频点、且把建筑布局作为显式输入之上，收益的可外推性受限。创新程度上，「端到端 + 变源数」这一组合确有先例价值（作者自称首个同时实现两者），但需注意其泛化能力来自 mean-shift 的簇数自适应，而非来自某种对源数的显式建模；对「如何在极少观测下分辨相邻源」这一更本质的问题，本文并未提供新工具。实际应用价值在于：其框架与骨干解耦、复杂度低（0.592 M 参数），可直接替换到其他空间表示任务上，训练策略也易复用。综合判断：这是一篇工程完整、机制可迁移、但观测域较窄的工作，其最大价值对本项目而言不是精度数字，而是「用一个可微算子族替换全部不可微后处理」的范式与配套的 STE/损失归一化细节。","1）是否已覆盖本项目想解决的问题：部分覆盖，且落在不同的信息层。R15 在**同一篇论文内同时实现了端到端优化与变源数定位**，这与本项目的「端到端 + 变源数」主张正面重合；但其输入是 RSS 标量空间采样图 + 建筑布局，完全不含频率维度（单一 2.0 GHz 载频、单一频带），也不输出「逐源占用频段」或「频率—源—位置对应关系」，更不处理同一频带内的时频混叠。因此本项目四项任务（源数 K、逐源占用频段、各源位置、三者对应关系）中，R15 只覆盖了「源数（隐式）+ 位置」两项，且是在无频率维、无混叠、有空间密采样的前提下。2）能否作为同条件基线：不能作为直接同条件基线，应判为「需重推适配」（其可复用部分接近「仅机制」）。若强行适配需满足至少四项条件：把 4 站 IQ 变成足密的空间采样 RSS 图（本项目只有 4 个站，做不到）；已知建筑布局（本项目不假设）；把复数 IQ 降级为标量功率（会丢弃本项目赖以分辨混叠源的相位/频率信息）；把评估指标换成 mLE/ε_far/ε_mdr/OSPA。适配代价高于收益，不建议作为数字基线，建议只作为设计参照与同类方法引用。3）是否压缩本研究的创新空间：压缩其中一条，且是重要的一条——「端到端 + 变源数」作为**独立的架构性卖点**已被 R15 占先（其 DCS+PIMS 用「可微软选择 + 可微聚类」替换全部不可微后处理，并在同一模型内处理未知且可变的源数）。这意味着本项目第四章若只主张「我们做了端到端且能处理变源数」，新颖性会被显著削弱；必须把主张精确化为本项目**独有**的部分：「在短时混合 IQ、四站单天线、源间时频混叠的条件下，逐源定位权重（频率权重）相对公共选频 + 传统求解器具有独立价值」，即创新点要落在**频率维度与逐源频率表示**上，而不是落在「端到端 + 变源数」本身。另外，R15 的 PIMS 式(13) 用「地图强度」作为聚类权重，与本项目「用定位损失反传影响逐源频率权重」在思路上是同一类「用物理量作聚类/加权引导」，需要在论文中明确区分：R15 的权重来自地图重构强度（前向物理量），本项目的权重来自定位损失反向调整的频率表示（反馈路径），二者机制不同但需在写作中把差异讲清楚，否则容易被审稿人视为同类。4）可直接借鉴的机制：a）**软选择 + STE + 可学习 ε 的三件套**（式(4)(10)(26)–(28)）——直接可用于本项目「按 K 分流」与细 DPD 谱峰提取环节，把硬阈值取峰（不可微）替换为可微软选择，使定位损失能反传到第三、四章的频率表示上；b）**复值坐标表示 + 单标量乘法调制**（式(8)–(9)）——本项目在细空间谱（401×401）上做 offset 回归时同样需要横纵坐标的联合表示，这一实现技巧可直接借用，避免双实值张量拼接；c）**物理信息聚类权重 r_k = 地图强度**（式(13)）——可类比为「用逐源频率响应强度作为聚类权重」来在频率维上引导聚类，是本项目把频率维度接入聚类环节的一个现成范式；d）**带 detach 归一化的总损失**（式(20)）——本项目同时有频带占用分类损失、源数损失与定位损失，尺度差异大，式(20) 的 L_coord/(L_coord/L_map)_detach 形式是一套可直接搬用的自动加权方案；e）**两阶段训练**（先 L_map 预训练、再 E2E 微调）——本项目端到端模型若直接联合训练不稳定，可先预训练粗/细 DPD 谱生成，再接入定位损失微调；f）**只有推理期才做的非可微操作**（重复模式合并式(15)–(16)，δ=0.001 像素）——本项目「K=1 定位为空接口」「K=2/3 进入细 DPD」的分支逻辑同样是非可微的，应严格放在推理路径上、不进入梯度图；g）**OSPA 指标**（式(24)，g=20）——直接适用于本项目「源数 K 与位置同时评价」的需求，因为它同时惩罚位置误差与基数错误（虚警/漏检），比单独报告 RMSE 更贴合「变源数」的评价目标；h）**换骨干消融**（表 VI）——本项目若要证明创新来自「逐源频率权重」而非某个网络结构，应照此设计「替换骨干后增益仍存在」的对照实验。必须避开的陷阱：a）**前提依赖陷阱**——R15 的 τ/β/ε 取值合法性建立在局部无线电地图「背景恰为 0、局部区域归一化强度约 0.86」的强强度分离上（Remind 1 与第 8 页脚注 2），本项目的空间谱背景不是零、且存在多源混叠造成的次峰，直接搬用软阈值参数会失效，必须重新标定并验证；b）**因果解释无证据陷阱**——R15 对「E2E 为何有效」只有指标佐证，本项目若沿用同类论证方式（只说梯度通了所以更好），会重复其证据薄弱处，应补充梯度/权重演化或去反馈对照；c）**「变源数」上界不刻画陷阱**——R15 只测到 7 源、且不给可辨间距极限，本项目在主张变源数能力时必须给出 K=2/3 相邻源的可分辨条件曲线，否则会被同类批评；d）**数据数字不自洽陷阱**——R15 的样本总数与划分之和相差 4,320，本项目在整理数据集与划分表时必须自检一致性；e）**建筑布局等环境先验**——本项目不假设已知环境几何，不能引入类似 I_BD 的显式先验通道，否则观测条件被削弱、比较失去意义。","摘要与「首个同时实现 E2E 优化与变源数泛化」的自我定位：第 1 页摘要、第 2 页贡献列表第 1 条与「to the best of our knowledge…」句。图 1（四类 map-based 方法的推理与梯度流对比）在图 1 与第 1 页右栏。map-free/map-based 两类方法的困难与两难陈述：第 1 页右栏末段—第 2 页左栏前两段。系统模型（M 源、J 传感终端、AoI、复合 RSS）：第 4 页 §III。RSS 信号模型：式(1)(2)，第 4 页。学习映射 f_θ: (I_SP, I_BD) → Q̂：式(3)，第 5 页。M2SNet 架构与局部无线电地图构建：第 5 页 §IV-A、图 4（A 部分）与图 3（第 4 页，(a) 全局地图、(b) 真值局部地图、(c) 重构局部地图）。DLM 总述与「源数由 Î_MS 的空间结构显式决定、无需源数估计」：第 5 页 §IV-B。DCS 软二值化与导数：式(4)(5)(6)，第 6 页；复值坐标表示与调制：式(7)(8)(9)，第 6 页；三种机制（局部/错误/背景）与 Remark 1 参数稳健性：第 6 页；ε 滤波式(10)、可学习 ε 初值 0.1、STE：第 7 页 §IV-B2 与式(10)；坐标还原式(11)、集合 P 式(12)：第 7 页。PIMS 更新式(13)、物理信息权重 r_k、高斯核式(14)、η=2：第 7 页。T=10 次迭代、训练期不做合并 / 推理期重复模式合并式(15)(16)、δ=0.001 像素：第 8 页 §IV-B2 末段。Algorithm 1（DLM 完整伪代码，含第 2–15 行与训练/推理两条输出路径）：第 6 页右栏。损失函数 L_map 式(17)、Hungarian 分配式(18)、L_coord 式(19)、总损失式(20) 与 λ=0.01：第 8 页 §IV-C。两阶段训练策略：第 8 页 §IV-C 末段。数据集 VaryTxLoc（34,560 样本、200×200 像素、1 m 分辨率、r=2、24 种布局、建筑高 25 m、源/接收机高 1.5 m、2.0 GHz、10 MHz、24 dBm、1/3/5/7 源、6 种采样间隔）与划分（25,920/8,640/4,320）以及两个专门测试集（VaryPower 180 样本、Large-AoI 400/600/800 m² 各 480 样本）：第 8 页 §V-A 末段与第 9 页 §V-A 首段；数据集公开链接为第 8 页脚注 1。真值局部地图最小值 219（归一化 ≈0.86）、背景为 0：[A] 第 8 页脚注 2。评价指标 mLE 式(21)、ε_far 式(22)、ε_mdr 式(23)、OSPA 式(24)（g=20）：第 9 页 §V-B。实现细节（Python 3.9.12、PyTorch 2.0.1、AdamW、学习率 10^-3/10^-4、权重衰减 10^-4、batch 32、>100 epoch、i5-12490F、RTX 4060 Ti）：第 9 页 §V-C。总体性能对比（mLE 0.125 m、OSPA 0.233 m、改善 41.3%/49.2%）：表 II 与第 9 页 §V-D1。变源数性能（7 源 mLE 0.127 m、相较 LRM-MSL 降低 35.5%–58.2%、5 源 ε_mdr 例外）：图 6、表 III 与第 10 页 §V-D2。采样间隔性能（间隔 6/8/10 s 的 ε_mdr 例外）：图 8、图 9、表 IV 与第 10 页 §V-D3。效率与复杂度对照：表 V、表 VI 与第 11 页 §V-E。换骨干消融：表 VI 与第 11 页 §V-F1。定位模块消融（ArgMax / CoM / DLM 有无 E2E）：表 VII 与第 11—12 页 §V-F2。DCS 超参 (τ,β) 敏感性、最终取 τ=0.2、β=60：表 VIII 与第 12 页；PIMS 超参 T、η 敏感性、最终取 T=10、η=2：表 IX 与第 12 页。鲁棒性（σ=1/3 dB、VaryPower 0.498 m/1.277 m、地图分辨率 ×2/×3/×4 的 mLE 1.671/1.772/3.486 m）：表 X 与第 12—13 页 §V-G。结论与未来工作（动态时变场景、超分辨率重构）：第 13 页 §VI。Appendix A 梯度推导：PIMS 软门式(26)、STE 式(27)(28)、门函数导数式(29)(30)、PIMS Jacobian 式(32)、DLM 总 Jacobian 式(33)、DCS 可微性式(34)(35)、总梯度式(36)(37)(38)，见第 13—14 页 Appendix A–A.D。"
"R16","Extending GCC-PHAT using Shift Equivariant Neural Networks","Berg A., O'Connor M., Åström K., Oskarsson M.（第一作者 Axel Berg，Arm Sweden / Lund University），Interspeech 2022（Incheon, Korea, 18–22 September 2022），pp. 1791–1795，DOI 10.21437/Interspeech.2022-524","作者针对 GCC-PHAT 在混响与噪声环境下时延差（TDOA）估计退化的问题，提出在 GCC-PHAT 之前先用一个**平移等变**的神经网络（SE-CNN，SincNet 式可学习带通前端）对两路接收信号做非线性滤波，再用 GCC-PHAT 对多通道输出逐通道求互相关，最后由第二个 CNN 把多路相关函数经 softmax 映射为时延上的概率分布、用交叉熵（回归即分类，RvC）训练；在 Pyroomacoustics + LibriSpeech 仿真中，其平均绝对误差（MAE）为 2.65 cm、10 cm 阈值准确率 98.1%（混响 T_60 = 0.2 s、SNR = 30 dB），全面优于 GCC-PHAT 与 PGCC-PHAT 基线，并因平移等变性在理想无混响无噪条件下仍可精确恢复时延。","声学场景下的**单一声源**时延差估计（TDOA/TDE），面向说话人定位与麦克风阵列。几何配置：**两个麦克风**，位于三维混响房间中的 r_1, r_2 ∈ R^3；单个声源位于 r_s ∈ R^3，发射未知声学信号 s。信号类型为宽带语音（LibriSpeech 朗读语音，采样率 F_s = 16 kHz）。关键约束：时延只由两麦克风之间的路径差决定，τ_max = ||r_1 − r_2||F_s/c；论文只估计**一对麦克风之间的单个时延**，不涉及多个源、也不涉及源的坐标求解（§4 结论明确把「整合进完整定位系统、考虑麦克风与声源几何、时延跟踪」列为未来工作）。","观测为**两路单通道时域波形**（每路一个麦克风，非阵列）。式(1)：x_i[n] = h_i[n] * s[n] + w_i[n]，n = 0, …, N − 1，i = 1, 2；h_i[n] 是声源到第 i 个麦克风的房间冲激响应（含混响），w_i[n] 为加性白噪声。式(2) 为其 DFT：X_i[k] = H_i[k]S[k] + W_i[k]。未知量：声源信号 s、房间冲激响应 h_i、噪声；已知量：两麦克风的相对位置（用于算 τ_max 与把时延误差换算为距离误差）。分段/窗长：训练时每片段取 N = 2048 个样点的一帧，测试时每段 2 s 音频切成 15 个不重叠窗（共 3240 次时延估计）。最大时延索引 τ_max = 23 个样点（训练房间配置下）。式(3) 定义 GCC：R[m] = (1/N)Σ_{k=0}^{N−1} φ[k]X_1[k]X_2*[k]e^{j2πkm/N}，m = −τ_max, …, τ_max；PHAT 加权 φ[k] = 1/|X_1[k]X_2*[k]|；式(4) 取 τ̂ = argmax_m R[m]。","论文回避未讨论（本方法面向单源、且只有两个麦克风，不存在源数问题；论文完全没有出现源数、源数估计或谱峰计数的概念）。依据：§2 Prerequisites 明确设「a single sound source positioned at r_s ∈ R^3」；式(1) 只有一路源信号；损失函数式(9) 的标签是单个真实时延 τ = round((||r_1 − r_s|| − ||r_2 − r_s||)F_s/c)。论文中未出现任何 K、源数或检测计数的符号与讨论。","整体是「可学习前端 + 经典互相关 + 可学习后端分类器」的三段结构（Figure 1，第1792页）。1) 关键设计是**刻意保留时延结构的网络架构**：定义 2.1 要求前端网络 f: R^N → R^{N×L} 满足平移等变性 f((x)_τ) = (f(x))_τ（(x)_τ 表示列向循环移位）；由于普通 CNN 因边界效应只是近似等变，作者在**每一层卷积之前对信号做循环填充（circular padding）**以完整保留时间信息（§2 Extending GCC-PHAT 一段，并引 [16]）。2) 前端 f_θ 对两路信号**共享同一组权重**：y_1 = f_θ(x_1)、y_2 = f_θ(x_2)（式(5)），输出 L 个通道，每个通道是一路滤波后的信号；L > 1 使网络能学到多种非线性滤波器。3) 对每个通道独立做 GCC-PHAT（式(6)）：R̄[m, l] = (1/N)Σ_k (Y_1[k,l]Y_2*[k,l]/|Y_1[k,l]Y_2*[k,l]|) e^{j2πkm/N}。4) 由等变性可推出 Y_1[k,l] = Y_2[k,l]e^{−j2πkτ/N}，代入即得式(7)：R̄[m, l] = (1/N)Σ_{k=0}^{N−1} e^{j2πk(m−τ)/N} = δ_τ[m]，即在理想无混响无噪环境下经过 f_θ 滤波后 GCC-PHAT 仍给出真实的单位脉冲——这是「不会因学习而丢失时延信息」的理论保证（Figure 2b 给出可视化）。5) 后端 g_θ′: R^{(2τ_max+1)×L} → R^{(2τ_max+1)} 由 4 个卷积层组成，把 L 路相关函数融合并在最后一层做 softmax 归一化，输出时延上的概率分布 p(m|x_1, x_2) = g_θ′(R̄)（式(8)）；训练用交叉熵（式(9)）：L(x_1, x_2) = −Σ_{m=−τ_max}^{τ_max} δ_τ[m] log p(m|x_1, x_2)，真实时延 τ 取整到最近样点。作者把这种「回归即分类」（regression-via-classification, RvC）与 [15] 的回归式（最小化 MSE）方法作了对照。6) 网络细节：f_θ 首层采用 SincNet [17] 结构，即**可学习截止频率的并联带通滤波器组**（128 个滤波器、长度 1023），后续为普通卷积（滤波器长度 11、9、7，输出通道 L = 128）；g_θ′ 为 4 层卷积（长度 11、9、7、5，前 3 层 128 通道、末层单通道输出对数概率）；每层用 BatchNorm [18] 与 LeakyReLU [19]。与已有方法的主要差异：以往把 NN 直接叠在 GCC 输出上（如 PGCC-PHAT 用不同 β 的 PHAT 加权相关函数拼成输入再回归），会破坏噪声无关条件下的理论保证；本文把网络放在 GCC-PHAT **之前**并用等变性 + 循环填充保证时延信息不被破坏，同时用后端概率分类器实现亚样点精度的「命中」判定。","仅机制；输入信息层级：原始混合 IQ（两路单通道时域波形直接输入网络；不是已提取时延、协方差或 DOA）。触发该判定的具体条件：(a) 论文只处理**两个麦克风、单个声源**（式(1) 只有一路源信号），输出是**一个标量时延**（或其概率分布），不涉及多源分辨、不涉及源数、不涉及位置坐标；(b) 物理信道是声学混响房间冲激响应，与射频传播信道、分布式四站几何不同；(c) 方法可用的前提是「两路信号来自同一源且相对时延在 ±τ_max 内」，多源同频混叠时 GCC-PHAT 本身的多峰/互相关混叠问题未被处理。因此不能作为本项目同条件基线，但其中的**架构性机制可迁移**。失效条件：多源共存时式(7) 的单位脉冲保证不再成立（该推导只对「x_1 = (x_2)_τ」这一单源纯时延关系有效）。","数据来源：全部为仿真。声学仿真用 Pyroomacoustics [20] 的镜像源方法 [21]；音频来自 LibriSpeech [22]（英文朗读有声书，F_s = 16 kHz），按说话人切分：40 人训练、3 人验证、3 人测试；先用 VAD 去静音、每段取 2 s，得训练 1892 段（约 1 小时音频）、验证 188 段、测试 216 段；训练每段随机取 N = 2048 样点一帧，测试每段用 15 个不重叠窗，共 216 × 15 = 3240 次时延估计。训练房间：7 × 5 × 3 m，麦克风大致在房间中央，r_1 = [3.5, 2.25, 1.5]^T、r_2 = [3.5, 2.75, 1.5]^T，τ_max = 23 样点；每个训练样本的声源位置在整个房间内均匀随机采样；混响时间 T_60 与 SNR 分别在 [0.2, 1.0] s 与 [0, 30] dB 内均匀随机采样。训练：Adam [23]，batch size 32，学习率 0.001，余弦衰减，30 个 epoch。对比方法：GCC-PHAT（无网络基线）与 PGCC-PHAT [15]（用 β ∈ {0, 0.1, …, 1} 的加权 PHAT 相关函数作为 CNN 输入、最小化 MSE 的时延回归网络，参数量 11.5 M）。测试房间（与训练房间不同）：6 × 4 × 2.5 m，麦克风 r_1 = [3, 1.75, 1.25]^T、r_2 = [3, 2.25, 1.25]^T，声源位置在整个房间随机采样；SNR ∈ {0, 6, 12, 18, 24, 30} dB，T_60 ∈ {0.2, 0.4, 0.6, 0.8, 1} s。评价指标：MAE（时延误差换算为距离误差，单位 cm）、准确率定义为 P(|τ − τ̂| < η)（η = 10 cm，Figure 3e 另给不同 η 的曲线）、RMSE（Table 1）。本文网络参数量 0.9 M。","1) Figure 3（第1794页，六个子图）：(a) MAE vs SNR、(b) MAE vs T_60、(c) Accuracy vs SNR、(d) Accuracy vs T_60、(e) P(|τ − τ̂| < η) vs η；作者结论是「Our method achieves the highest accuracy in all conditions and the lowest MAE for conditions with high SNR or low reverberation time, consistently outperforming the GCC-PHAT baseline」。2) Figure 4（第1794页，T_60 = 0.2 s、SNR = 30 dB 的散点图与指标）：GCC-PHAT MAE 5.54 cm、Acc@10cm 82.9%；PGCC-PHAT MAE 8.59 cm、Acc@10cm 71.5%；本文方法 MAE 2.65 cm、Acc@10cm 98.1%。3) Table 1（第1794页，T_60 = 0.2 s、对全部 SNR 平均，含损失函数消融）：GCC-PHAT（0 参数）RMSE 15.21 cm、MAE 6.84 cm、Acc@10cm 80.2%；PGCC-PHAT 用 MSE 训练 RMSE 10.87、MAE 5.59、Acc 80.6%，改用 CE 训练 RMSE 13.61、MAE 6.59、Acc 85.7%；本文方法用 MSE 训练 RMSE 12.44、MAE 8.38、Acc 71.9%，改用 CE 训练 RMSE 13.24、MAE 5.13、Acc 86.5%。作者据此说明：同等损失（CE）下本文优于 PGCC-PHAT；本文用 MSE 训练时反而变差（作者解释为本方法的相关函数矩阵不存在时间平滑，导致误检时相关峰均匀分布）；RvC（CE）在「准确率更重要」时更优。4) Table 2（第1794页，相关通道数 L 的消融，T_60 = 0.2 s、全部 SNR 平均）：L = 1 / 8 / 32 / 128 时 MAE 分别为 5.59 / 5.35 / 5.23 / 5.13 cm，Acc@10cm 分别为 84.4 / 85.6 / 85.8 / 86.5%；把首层 SincNet 换成普通可学习卷积（128 w/o SincNet）后 MAE 变为 5.38 cm、Acc 85.4%，说明可学习带通前端有增益。5) 论文指出 τ̂ = 0 的预测偏多，原因是音频预处理不完善、部分时间窗只含静音（第1794页左栏）。**结果成立的条件与未测试项**：全部为声学仿真，只估计单一时延；测试房间与训练房间不同但均为矩形小房间；未测试多源、未测试实测录音、未测试运动声源；Table 1/2 的数值均在 T_60 = 0.2 s 条件下取得。","论文给出代码链接（第1793页脚注 1，GitHub 上 ngcc 仓库；渲染图像中用户名跨行断字，完整拼写无法从页面确认）。可复现性较高：数据集（LibriSpeech）、仿真工具（Pyroomacoustics + 镜像源法）、训练/测试房间尺寸与麦克风坐标、τ_max、窗长 N = 2048、训练/验证/测试划分（40/3/3 说话人，1892/188/216 段，3240 次估计）、T_60 与 SNR 采样区间、优化器（Adam）、batch size 32、学习率 0.001 与余弦衰减、30 epochs、网络层数与滤波器长度、通道数 L、损失函数（式(9)）均给出；对比方法 PGCC-PHAT 的 β 网格与损失也给出。未给出：卷积层步长/填充的逐层细节、SincNet 滤波器截止频率的初始化方式、随机种子、评价时 216 段音频的具体说话人清单。作者自评局限：τ̂ = 0 的误检来自预处理（静音窗）；错误检测会造成大误差，但作者认为对鲁棒定位系统影响有限（可由外点剔除处理）。","第一层（作者结论）：所提方法能持续提升相对 GCC-PHAT 与 PGCC-PHAT 的时延检测精度；在 SNR 相对噪声与回声足够高的极限情况下，**保证在样点精度内恢复时延**；虽然误检偶发且造成大误差，但对实际影响有限（鲁棒定位系统本身会剔除外点）；该方法可作为 GCC-PHAT 的直接替换，且 SE-CNN 的输出在两麦克风以上的场景中可复用；适合作为真实场景说话人定位的时延估计替代方案。第二层（实验能支持的结论）：在**两麦克风、单一声源、混响声学房间、语音信号、时延在 ±23 样点内**的条件下，(i) 平移等变 + 循环填充的前端确实使网络在理想条件下不破坏时延（式(7) 的推导成立，Figure 2b 佐证）；(ii) 在 T_60 = 0.2 s、高 SNR 的有利条件下达到 MAE 2.65 cm / Acc@10cm 98.1%，且随 SNR 下降与 T_60 增大性能单调退化（Figure 3），仍优于两个基线。不能外推的部分：(a) 式(7) 的「保证」严格来说只对单源、纯时延（x_1 是 x_2 的循环移位）且无噪声无混响的情形成立，论文自己也把它限定为「in an ideal anechoic noise-free environment」；(b) 该「保证」不等于在混响噪声下精确，混响下的精度提升是经验结果而非理论保证；(c) 未验证多源、未验证不同的麦克风间距/角度、未验证实测数据；(d) 与 PGCC-PHAT 的比较中，两方法的训练目标不同（MSE vs CE），作者虽用 Table 1 的交叉消融部分弥补，但 PGCC-PHAT 的超参未经同等搜索（论文未说明），因此「优于 PGCC-PHAT」的强度受限。","1) 提出把可学习滤波放在 GCC-PHAT **之前**而非之后，并用**平移等变性 + 循环填充**作为架构约束，给出式(7) 的推导证明该前端在理想条件下不破坏时延信息——这是把「学习式前端」与「可解释物理后端」结合时如何处理理论保证的具体方案，也是与 [12][13][14][15] 一类「在 GCC 输出上叠网络」的工作的实质差异。2) 用多通道（L 路）共享权重的滤波 + 逐通道 GCC-PHAT + 概率融合的结构，把「多路相关函数融合」交给后端网络；Table 2 显示 L 从 1 增到 128 时性能单调改善，是可核查的消融证据。3) 采用回归即分类（RvC）+ 交叉熵训练，并给出与 MSE 回归在同一架构上的对照（Table 1），说明在需要「厘米级命中」的定位场景中分类式输出比回归式更合适（本文 CE: MAE 5.13 cm/Acc 86.5% vs MSE: MAE 8.38 cm/Acc 71.9%），这是一个可迁移的损失设计结论。4) 首层采用可学习带通滤波器组（SincNet），并给出「换成普通卷积性能下降」的消融（MAE 5.13 → 5.38 cm、Acc 86.5% → 85.4%），支持「可学习选频对 TDOA 有益」。","1) 只处理单源、双麦克风、单个时延：模型式(1) 只有一路源信号，式(7) 的单位脉冲保证建立在「x_1 = (x_2)_τ」的单源纯时延关系上，论文没有多源共存、多峰相关或源数判断的任何讨论。2) 声学专用：信道建模为房间冲激响应（混响），信号为 16 kHz 语音，网络输入长度为 2048 样点的时域帧；与射频、分布式多站、短时混叠观测的物理条件不同，论文未讨论跨模态迁移。3) 精度提升是经验结果而非理论保证：论文自己把「保证在样点精度内恢复时延」限定在理想无混响无噪条件；混响与低 SNR 下的性能退化（Figure 3a/3c）说明方法在恶劣条件下仍会失败，且误检会带来大误差（论文承认部分误检源于静音窗，即数据预处理问题未在方法层解决）。4) 与 PGCC-PHAT 的对比公平性未充分说明：两方法的最优损失不同（本文 CE、对方 MSE），Table 1 虽做了损失交叉消融，但未说明 PGCC-PHAT 是否做过同等的超参/权重搜索；也未与「直接回归时延」的其它近期方法做统一条件比较。","这是一篇动机清楚、机制具体、消融扎实的会议短文。判断：问题价值中等（单源 TDOA 已是成熟问题），方法设计有真正的巧思，创新程度中等偏上，实验证据强度中等偏上（消融充分但全部为仿真、单一场景），实际应用价值在声学说话人定位领域较明确。依据：(i) 核心贡献不是「用网络提精度」，而是「用等变性约束保证网络不会破坏要估计的物理量」，式(7) 的推导简洁且可核查，Figure 2b/2d 的对照（理想环境下滤波前后相关函数都是单位脉冲）直观证明了这一点；(ii) 循环填充这一实现细节与等变性要求直接挂钩，属于方法成立的必要条件，而非工程装饰；(iii) 消融链条完整：损失函数（Table 1）、通道数 L（Table 2）、首层结构（Table 2 末列）、与两个基线的对比（Figure 3、Figure 4），每一项都对应可核查的数字；(iv) 但论文的证据边界必须说清：所有结论都来自单源、双麦克风、声学仿真的场景，「保证」一词只在理想条件下成立，「优于 PGCC-PHAT」受两方法训练目标不同的影响；(v) 对本文最有价值的一点是方法学范式——**把可微分的物理算子（GCC-PHAT）嵌在可学习模块之间，并用等变性/不变性约束防止表示漂移**，这个范式与「学习中间统计 + 物理求解」类工作同源。总体看，该文的可引用价值在于机制与消融，而非其 MAE 数值本身。","(1) 是否覆盖本项目问题：未覆盖。它是单源、双麦克风、声学、TDOA 标量估计，不做源数、不做频率—源对应、不做多站位置求解、不处理同频混叠。覆盖程度仅限于「用学习式前端改善相关类时延估计」这一个子环节。(2) 能否作为同条件基线：不能。观测接口（两路单通道时域声学波形，单源）、物理信道（房间混响冲激响应）与输出（一个标量时延）三项都与本项目不兼容，其 MAE 2.65 cm / Acc 98.1% 的数值只对应声学仿真条件，不能作为本项目任何指标的同条件基线。若要借鉴其思想，属于「需重推适配」：需要把等变性约束重新表述到本项目的观测域（例如 4096 点短时 IQ、四站几何、频率维），并重新论证保留什么不变量，而这一步论文没有提供。(3) 是否压缩本研究创新空间：压缩两条，且都是抽象层面的。(a) 「学习选频有用」：首层 SincNet 的可学习带通滤波器组 + Table 2 显示去掉它性能下降（MAE 5.13 → 5.38 cm，Acc 86.5% → 85.4%）+ Table 2 显示相关通道数增多性能单调改善，构成了「让网络学习频率加权/多频带滤波可以改善时延估计」的先例。但它的滤波是**两路共享的一组公共频率滤波器**，只为唯一的源服务，不存在「频率与源的对应关系」，因此不覆盖本项目「逐源频率权重」这一条，只覆盖了弱化的「学选频有用」。(b) 「学习辅助物理后端」：本文是把可学习模块嵌在物理算子 GCC-PHAT 前后、并明确保留物理可解释性与理论保证，属于 briefing 所列「学习式方法是否已实现学习中间统计 + 物理求解」这一威胁项的**声学侧实例**；对本项目而言，真正被压缩的是「把物理算子留在链路中、只用学习模块改善其输入/输出」这一模式本身。(4) 可直接借鉴与必须避开：可借鉴 (a) **等变性/不变量约束的架构设计**——本项目 E2E 工作树的核心是用短反馈路径让定位损失影响逐源频率表示，可直接借用本文的做法：先明确「哪一类变换下目标量不变」（对频率维是频率置换/频带平移，对时延是循环移位），再据此设计架构并给出「学习模块不会破坏该不变量」的形式化论证，而不是只靠经验训练；循环填充这一工程手段在按帧/按滑动窗处理 IQ 时同样对应边界处理问题。(b) **回归即分类（RvC）+ softmax 概率输出 + 交叉熵**——本项目第四章的集合热力图 + offset 回归与第三章的频带槽位输出都可以用本文的对照结论（Table 1：同一架构下 CE 的 MAE 5.13 cm/Acc 86.5% 明显优于 MSE 的 8.38 cm/71.9%，但 MSE 的尾部更薄）来论证输出层与损失的选择；本文同时给出了一个可直接复用的评测口径：用 P(|误差| < η) 的阈值准确率而非仅用 MSE/RMSE 作为主指标。(c) 首层可学习带通滤波器组可作为本项目「频率表示分支」的一种轻量实现参照。必须避开：(i) 不要把式(7) 的「保证」当作混响/噪声条件下的保证——它只在理想单源纯时延条件下成立，本项目多源混叠时该推导的前提直接不满足；(ii) 不要用两路共享公共滤波器的思路处理多源——公共滤波对多源是耦合的，正是本项目要避开的「公共选频」陷阱；(iii) 不要把本文「单源 + 双麦克风 + 声学」的结论外推到射频多站多源场景。","摘要与「保留时延信息」的主张：第1791页 Abstract；问题背景（GCC-PHAT 广泛使用、NN 方法丢失理论保证、已有把 GCC 与网络结合的工作 [10]–[15]）：第1791页 §1；信号模型式(1)(2)、GCC 定义式(3)、PHAT 加权与式(4)、τ_max 定义：第1791页 §2 Prerequisites；三个网络角色与结构示意：第1792页 Figure 1；PHAT 作为加权函数的分析与「可学习滤波器」动机：第1792页左栏；平移等变定义 2.1 与循环填充的必要性说明：第1792页左栏；式(5)–(7)（含 R̄[m,l] = δ_τ[m] 的保证）与 Figure 2b 的引述：第1792页；后端网络 g_θ′ 与式(8)、交叉熵损失式(9) 与 RvC 说明、与 [15] 回归式方法的对比：第1792页右栏；Figure 2 六个子图（含理想环境与噪声环境的对照）：第1793页；网络架构（SincNet 首层、128 滤波器长度 1023、后续卷积 11/9/7、g_θ′ 四层 11/9/7/5、BatchNorm 与 LeakyReLU）：第1793页左栏；实验设置（LibriSpeech、40/3/3 说话人、1892/188/216 段、N = 2048、15 窗共 3240 次估计、训练房间 7×5×3 m 与麦克风坐标、τ_max = 23、Adam/batch 32/lr 0.001/30 epochs、PGCC-PHAT 的 β 网格）：第1793页；测试房间 6×4×2.5 m、SNR 与 T_60 取值、MAE 与 η = 10 cm 准确率定义：第1793页末–第1794页；Figure 3(a)–(e) 与「highest accuracy in all conditions」的结论：第1794页；Figure 4 的散点与 MAE/Acc 数值（GCC-PHAT 5.54 cm/82.9%、PGCC-PHAT 8.59 cm/71.5%、Ours 2.65 cm/98.1%）：第1794页；τ̂ = 0 误检归因于静音窗：第1794页左栏；Table 1 损失函数消融与 Table 2 通道数/SincNet 消融：第1794页；§4 结论（样点精度保证、可作 GCC-PHAT 直接替换、SE-CNN 输出可复用于多于两个麦克风）与 §5 未来工作：第1794页；代码链接脚注：第1793页脚注 1。"
"R17","SubspaceNet: Deep Learning-Aided Subspace Methods for DoA Estimation","Dor Haim Shmuel, Julian P. Merkofer, Guy Revach, Ruud J. G. van Sloun, Nir Shlezinger，IEEE Transactions on Vehicular Technology (TVT)，2025年3月（Vol. 74, No. 3, March 2025），第4962–4976页（DOI 10.1109/TVT.2024.3496119；收稿2023年11月25日，2024年11月4日录用，2025年3月5日为当前版本日期；早期版本见 ICASSP 2023，DOI 10.1109/ICASSP49357.2023.10096504）","针对 MUSIC/Root-MUSIC/ESPRIT 等子空间类波达方向（DoA）估计方法在相干源、宽带信号、少快拍、低信噪比与阵列标定失配下失效的问题，作者提出 SubspaceNet：用一个专用深度自编码器把输入的经验自相关特征映射为「替代协方差」（surrogate covariance），并用可微的 Root-MUSIC 作为后端、以最终 DoA 误差（周期性 RMSPE）作为损失进行端到端训练；训练后的替代协方差可即插即用地替换经典子空间方法与 MVDR 中的经验协方差。在 N=8 均匀线阵（ULA）上，SubspaceNet+Root-MUSIC 在 M=2 相干源（T=100、SNR=10 dB）把 RMSPE 从经典 Root-MUSIC 的 12.4790° 降到 0.2005°（约 60 倍），并在 T=2、宽带 OFDM、阵列失配等场景下同样有效，同时保留 MUSIC/Root-MUSIC 谱的可解释性。","单接收机、均匀线阵（ULA）的 DoA 估计（非定位）。每站/每接收机配备 N 个半波长间距阵元（实验 N=8），M 个远场窄带（或宽带 OFDM）信号源，DoA 在 [−π/2, π/2] 上均匀随机生成。不受限的理想假设包括：窄带（AS1）、源非相干（AS2）、阵列已标定（AS3）、快拍数足够且 SNR 足够高（AS4）。论文明确关注 M 小于阵元数 N 的情形，且「源数 M 不假定先验已知」（§III-A 第4965页）。应用背景为阵列处理/雷达与无线通信中的测向，作者在 §III-E 提出方法可扩展到平面阵、圆阵与稀疏阵。关键约束：训练需要配对的「观测—DoA 标签」数据集；论文的两类应用场景均要求接收端具备多阵元阵列（不是单天线）。","接收机为 N 元半波长间距 ULA，观测矩阵 X = [x(1),…,x(T)] ∈ C^{N×T}，模型 X = A(θ) S + V（式(1)），其中 S=[s(1),…,s(T)]∈C^{M×T} 为源信号矩阵，V∈C^{N×T} 为 i.i.d. 噪声（方差 σ_V²），A(θ)=[a(θ_1),…,a(θ_M)]∈C^{N×M} 为阵列流形，a(θ)=[1, e^{−jπ sinθ}, …, e^{−jπ(N−1)sinθ}]^T（式(2)，半波长间距）。协方差 R_X = A(θ)R_S A^H(θ) + σ_V² I_N（式(3)），经验协方差 R̂_X = (1/T) X X^H（式(4)）。未知量：源信号 S 与其协方差 R_S、噪声方差 σ_V²、DoA 向量 θ（待估量）。快拍数 T 为设计时可变的超参（最小 T_min 可为单快拍 T=1）。宽带情形另给频域模型 χ(ω)=A(ω,θ)S(ω)+V(ω)（式(18)），导向向量 a(ω,θ)=[1, e^{−jω(d/c)sinθ}, …, e^{−jω((M−1)d/c)sinθ}]（式(19)）。关键：SubspaceNet 的输入不是原始 IQ，也不是单次快拍，而是经验自相关函数 R̂_X[τ] = (1/(T−τ)) Σ_{t=1}^{T−τ} x(t) x^H(t+τ)（式(13)，τ=0,…,τ_max），构成 N×N×(τ_max+1) 的张量，其维度与 T 无关，从而使网络对快拍数不变（§III-B-1）。","论文主张未知K直接处理，但主实验实际把 M 当作已知。依据：(1) 概念上 §III-A（第4965页）明确写「the number of sources M is not assumed to be a-priori known」；(2) 但 §IV-B（第4969页）写明「To focus on the ability to identify the DoAs correctly, here we set M̂ to the true number of DoAs M, while in Section IV-C we show that M̂ can indeed be extracted as an accurate estimate of M」——即所有 RMSPE 表格（Table I–III）与曲线（Fig.4–Fig.9）都在 M̂ 等于真实 M 的条件下计算；(3) 源数估计的证据只在 §IV-C-1 与 Fig.10 定性给出：对替代协方差做 EVD 后归一化特征值呈现 M=3 个明显主导特征值与噪声特征值的分离，而经验协方差只能分辨 1 个、SPS 经验协方差只能分辨 2 个；(4) 损失函数式(16) 通过把多出的 M̂ 个估计 DoA 置零来处理 M̂<M，未显式输出源数。论文未给出源数估计的准确率、错误率或与 MDL/AIC 的定量比较。","1) 核心洞察（§III-A）：子空间方法失效的根源在于它们全部依赖经验协方差 R̂_X 的可分解性；因此不改子空间方法本身，而是用一个 DNN 学习「替代协方差」R̃，使其对下游子空间方法普遍可用。2) 特征提取（§III-B-1）：固定最大时延 τ_max>0（不超过最小快拍数 T_min），计算经验自相关序列（式(13)）作为输入特征，得到 N×N×(τ_max+1) 张量，维度不随 T 变化 → 对快拍数不变。3) DNN 自编码器（§III-B-2、Fig.3）：编码器为 3 个 CNN 层（输出通道 16、32、64），解码器为 3 个反卷积层 DCNN（输出通道 32、16、1），卷积核统一 2×2，不使用池化（避免丢弃有用空间信息），激活函数用 AReLU 而非 ReLU——AReLU 把输入的正负部分拼接，保证正值与负值信息都被传播（式(14)），更适合同时含正负值的传感数据。输出为 2N×N 实矩阵。4) 后处理（§III-B-3）：把输出前 N 行当实部、后 N 行当虚部重组为复矩阵 K∈C^{N×N}，再构造 Hermitian 正定的替代协方差 R̃ = K K^H + ε I_N（式(15)），ε>0 为固定超参（实验取 ε=1）。5) 训练（§III-C、Algorithm 1）：因为不存在真值协方差，不能做标签回归；改为把 Root-MUSIC 视为可微判别模型——Root-MUSIC 的 DoA 由多项式 D(z)（式(10)）的根给出，是隐函数，可对系数 {f_n} 隐式微分，而 {f_n} 由协方差的 EVD 得到（式(9)），故梯度可穿过后端反传到 DNN。损失为周期性 RMSPE（式(16)），并做了两项改造：对 M̂! 种排列取最小以消除预测顺序歧义（对应 DoA 是集合而非有序向量），以及当 M̂<M 时把多余的 DoA 视为 0。数据集损失为式(17)。6) 推理（§III-D、Algorithm 2）：训练后 SubspaceNet 与经典方法解耦，可直接把 R̃ 交给 MUSIC、Root-MUSIC、ESPRIT，乃至非子空间的 MVDR 波束形成器，形成即插即用（plug-and-play）的替代协方差估计器。与已有方法的主要差异：CNN/DA-MUSIC 等数据驱动方法直接从观测或协方差回归 DoA（黑箱、丢可解释性），而本文只替换协方差这一中间统计量，保留后端算法的可解释性（谱/根/波束图仍可看），且训练信号来自最终 DoA 误差而非协方差真值。","仅机制（若要落到本项目，改造强度相当于「需重推适配」）；输入信息层级：已提取的二阶统计量（经验自相关函数 / 由网络自造的替代协方差），不是原始混合 IQ，也不是已估 DOA 或理想量测。触发该判定的具体条件：(1) 观测接口不同——本文是单站多阵元（N=8 ULA、半波长间距）的阵列观测，可分性来自阵列流形；本项目是四站分布式、每站单天线，可分性来自站间时延/多普勒几何，不存在阵列流形，式(2) 与式(19) 的导向向量无法直接迁移。(2) 输入层级不同——网络吃的是 N×N×(τ_max+1) 的自相关张量（式(13)），本项目短时混合 IQ 若直接计算自相关将丢失逐源频率信息，且单天线无法构成 N×N 空间协方差。(3) 输出任务不同——本文输出角度集，本项目输出源数、逐源频段与位置，无位置回归头也无频率维。(4) 训练标签不同——本文需要 DoA 标签数据集，本项目需要位置标签（有）但还需要频率—源对应标签。失效条件：阵元数不足（如单天线）、源数接近或超过阵元数、以及需要位置而非角度输出时，论文的方法与结论均不适用；论文自身也把适用范围限定为 M<N 的 ULA 类场景。","数据来源：全部为仿真（代码开源见 §IV-A 脚注 1）。几何与阵元数：N=8 元半波长间距 ULA。源数与 DoA：M 取 2、3、4（相干源表 Table I 与 Table II 覆盖 M=2/3/4），DoA 在 [−π/2, π/2] 均匀随机；§IV-C 使用的具体角度为 θ=[−12.34°, 34.56°, 65.78°]（M=3 窄带相干、T=100、SNR=10 dB）、θ=[23.45°, 56.78°]（M=2，违反 AS2 与 AS4）、θ=[−45.67°, −23.45°]（宽带相干、T=50）。SNR 定义 SNR=10log10(σ_S²/σ_V²)（§IV-A-1），非相干实验的 SNR 范围：Fig.4 用 [−5,−1] dB（T=200）、Fig.5 用 [5,10] dB（T=2）、Fig.6(b)(c) 为中等 SNR（T=20 与 T=2）；相干源主表 Table I 用 SNR=10 dB、T=100；Table II 用 SNR=5 dB、T=2。样本量与 Monte Carlo：RMSPE 由平均 5000 次 Monte Carlo 试验得到（§IV-B）；数据驱动方法的训练集 J=45000 个样本、SNR=10 dB，并另用 8000 个样本针对特定 M 做适配（§IV-A-3）。宽带设置（§IV-B-3、式(20)）：OFDM，L=500 个子载波，带宽 B_f=0.5 kHz，阵元间距 d=c/(2B_f)，采样率 50~1000 Hz，观测时长 1 s 故 T=1/f_s；训练只在 0.2 kHz 采样率下进行，测试跨 50~1000 Hz；Table III 取 f_s=200 Hz、M=2。失配设置（§IV-B-4、式(21)）：(a) 阵元间距偏离半波长的非均匀间距 δ_m~U(−η,η)，η∈[0.025d, 0.15d]（最大偏差 30%）；(b) 导向向量加零均值复高斯噪声，方差 σ²_sv，图中扫描至 0.75。对比方法：MUSIC、Root-MUSIC、ESPRIT、SPS+MUSIC/SPS+Root-MUSIC/SPS+ESPRIT（空间平滑 SPS 预处理）、DA-MUSIC [30]、CNN [13]（论文称其参数超过 21·10^6、训练样本超过 300000）、宽带 MUSIC（把频带分成 50 个 bin 的宽带扩展 [37]/BB-MUSIC），非相干窄带情形另加 Ziv-Zakai 界（ZZB）[53] 作为下界。评价指标：RMSPE（单位度，式(16)），图中以 dB 表示均方周期误差。超参与训练：τ=1（实验取值，属手工调参）、ε=1、自编码器总可训练参数 41,761、Adam 优化器、学习率 μ=0.001；MUSIC 谱峰搜索网格分辨率 0.01°。","(1) 相干源（Table I，T=100，SNR=10 dB，RMSPE 单位度）：SubspaceNet+Root-MUSIC 在 M=2/3/4 为 0.2005/0.7219/3.8846，对应经典 Root-MUSIC 的 12.4790/20.3972/23.2047 与 SPS-Root-MUSIC 的 1.0112/1.6369/12.1467；M=2 时约提升 60 倍。SubspaceNet+MUSIC 为 2.1084/4.2398/5.2482（经典 MUSIC 为 9.4709/19.0794/22.8037），SubspaceNet+ESPRIT 为 0.4761/2.4350/4.4690（经典 ESPRIT 为 25.8426/22.4599/23.2047）。数据驱动对比项 DA-MUSIC 为 1.1860/2.6585/3.9705、CNN 为 0.7693/1.2438/7.4198，即 SubspaceNet 在 M=2/3 优于两者且参数少得多（41,761 vs CNN 的 2.1e7）。(2) 极限少快拍（T=2）与相干源叠加（Table II，SNR=5 dB，M=2 相干）：SubspaceNet+Root-MUSIC 1.8907、SubspaceNet+ESPRIT 1.9675、SubspaceNet+MUSIC 2.2532，而经典 Root-MUSIC/MUSIC/ESPRIT 为 26.3560/25.8134/29.0632、SPS 预处理后仍为 8.2735/8.0758/11.0179，DA-MUSIC 4.7326、CNN 9.6053。(3) 宽带 OFDM（Table III，M=2，f_s=200 Hz，仅用 0.2 kHz 训练）：SubspaceNet+MUSIC 2.2861、SubspaceNet+Root-MUSIC 2.3376、SubspaceNet+ESPRIT 3.7127，对比 Broadband MUSIC 7.06456、DA-MUSIC 4.74523、CNN 26.7439、MUSIC 26.7513；Fig.8 显示 SubspaceNet 在 50~1000 Hz 采样率下均可靠，而宽带 MUSIC 扩展需逐 bin 处理、在相干+宽带下完全失效（Fig.13(c) 相关正文）。(4) 阵列失配（Fig.9）：间距偏差 η 与导向向量噪声 σ²_sv 增大时，SubspaceNet 增强的子空间方法优势持续扩大，论文指出在 σ²_sv=0.75 与 η=0.075d 时差距明显；经典子空间方法随 η 增大迅速劣化。(5) 可解释性（Fig.10、Fig.11–Fig.13、Fig.14）：SubspaceNet 协方差的归一化特征值对 M=3 相干源呈现清晰的信/噪子空间分离（经验协方差只能分辨 1 个、SPS 只能分辨 2 个）；SubspaceNet+Root-MUSIC 的根谱中非 DoA 根被推离单位圆（Fig.12(c) 举例：θ=28.4° 处一个非 DoA 根被推离单位圆至 |root|>8），SubspaceNet+MUSIC 谱峰与真实 DoA 对应；SubNet+MVDR 波束图主瓣指向更准（Fig.14(a)(b)(c)）。结果成立条件与未测部分：所有 RMSPE 数值都在 M̂ 取真实 M 的条件下得到；所有实验均为仿真、单一 ULA 几何（N=8）；相干源实验用的是「相位与幅度完全相同」的极端相干情形；论文未做 M≥N、源数远超阵元数、多径信道、真实阵列实测；未与其他「学习替代协方差」类方法（如 [21]、[27]）做定量横向比较。","公开代码与超参，见 §IV-A 脚注 1：https://github.com/ShlezingerLab/SubspaceNet（论文称「The source code used in our empirical study along with the hyperparameters is available at」）。论文给出的可复现要素：网络层数与通道数（3 层 CNN：16/32/64；3 层 DCNN：32/16/1）、卷积核 2×2、无池化、AReLU 激活、输出重整方式与式(15) 的 ε、可训练参数总量 41,761、优化器 Adam 与学习率 0.001、训练集规模 45000（另 8000 用于按 M 适配）、5000 次 Monte Carlo。未给出：随机种子、批大小与训练轮数（Algorithm 1 中记为超参 B 与 e_max，正文未赋值）、τ 的具体选择依据（论文说 τ=1 是手工调参结果）、网络初始化的具体设置、训练/测试数据是否重叠的说明。作者自评的待办与局限（§III-E）：τ_max 与 ε 均为额外超参，ε 与窄带噪声方差在概念上相关，SNR 依赖的 ε 设置留作未来工作；方法目前是有监督训练、需针对给定阵列准备充足数据；扩展到无监督/域适应/超网络作未来工作；DNN 模块在受限传感器件上可能计算开销较大。","第一层（作者结论）：把子空间方法失效的根源归结为经验协方差不可靠，并用可微 Root-MUSIC 端到端训练出一个「替代协方差」，可以让经典子空间方法（MUSIC、Root-MUSIC、ESPRIT）在相干源、宽带信号、少快拍、低 SNR 与阵列失配下继续可靠工作，同时保持模型驱动方法的可解释性，并可迁移到 MVDR 等其他协方差类算法。第二层（实验实际能支持的结论）：在 N=8 的理想 ULA 仿真下，以最终 DoA 误差为损失训练出的替代协方差，确实显著改善了所有被考察的经典子空间估计器与 MVDR 波束形成的 DoA 精度（相干源 M=2 时提升约 60 倍；T=2 时把不可用的经典方法拉回可用区间），且训练后的替代协方差可跨采样率（0.2 kHz 训练、50~1000 Hz 测试）和跨后端算法复用。适用条件与外推限制：结论严格限定于 (a) 已知 M（主实验）或 M 可由替代协方差 EVD 定性分辨（仅一处定性验证）；(b) 有充足仿真监督数据且训练分布与实际观测匹配；(c) 阵元数 N 大于源数 M 的多阵元阵列；(d) 单站角度估计而非多站定位。论文未证明在真实信道/实测阵列、源数估计错误传播、或 M 接近 N 时结论仍成立。","1. 提出用「可微物理后端 + 最终任务误差」训练一个中间统计量（替代协方差）而非直接回归任务输出，从而在获得数据驱动增益的同时保留模型驱动方法的可解释性与可组合性（Fig.2、式(15)(16)、Algorithm 1–2）。这是与 CNN/DA-MUSIC 那类「观测直接到 DoA」黑箱方案的实质差异，也是本文最具迁移价值的部分。2. 具体构造上给出两条可复用的设计：(i) 以经验自相关函数 R̂_X[τ]（式(13)）为输入特征，使网络维度与快拍数 T 无关，从而对 T 天然不变；(ii) 用隐式微分打通 Root-MUSIC 求根的梯度路径，使「DoA 误差」可反传到协方差生成器（§III-C-2）。3. 用 AReLU 与 2×2 小卷积核、去掉池化的编码器—解码器结构（Fig.3）在处理含正负值的自相关张量上取得优势（作者的架构论证见 §III-B-2）。4. 给出可验证的可解释性证据：替代协方差的特征值谱能清晰分离信/噪子空间（Fig.10），Root-MUSIC 的非 DoA 根被推离单位圆（Fig.11–Fig.13），MVDR 波束图改善（Fig.14），间接支持了「源数可从学到的协方差中读取」这一说法（§IV-C-1，但仅定性）。","1. 源数在全部定量实验中仍被设为已知：§IV-B 明确写所有 RMSPE 结果在 M̂=真实 M 下计算，源数估计只在 §IV-C-1 用 Fig.10 的特征值分离做定性展示，没有给出源数估计准确率、与 MDL/AIC 的对比、以及源数估计错误如何传播到 DoA 误差；因此论文并未真正解决「未知源数」下的性能评估问题。2. 场景为单站多样本 ULA 角度估计，输入是自相关张量而非原始 IQ（§III-B-1、式(13)），无法覆盖分布式多站、单天线、需输出位置的定位任务；论文 §III-E 虽提到可扩展到平面阵/圆阵/稀疏阵，但均为设想、无实验。3. 训练依赖与测试分布匹配的有监督仿真数据（J=45000 个样本，另需 8000 个样本按 M 适配，§IV-A-3），论文未做训练分布/信噪比不匹配、样本量不足或跨阵列迁移的实验（作者在 §III-E 把域适应与超网络列为未来工作）。4. 关键超参 τ_max 与 ε 缺乏选取准则：τ 取 1 是手工调参结果（§IV-A-2），ε 固定为 1 且作者承认它与噪声方差概念相关、SNR 依赖设置未做（§III-E）；论文亦未给出网络训练轮数、批大小与随机种子，影响完全复现。","论文的问题定位准确——子空间方法的瓶颈确实集中在经验协方差上，而「只替换中间统计量、不替换后端算法」这一选择同时保住了数据驱动的增益与模型驱动的可解释性，是较有方法论价值的路线；技术上用隐式微分把 Root-MUSIC 变成可训练层、用自相关特征使网络对快拍数不变，这两点都处理得干净，实验覆盖相干源、少快拍、低 SNR、宽带、阵列失配五类失效场景，对比对象包含经典方法、SPS 预处理、DA-MUSIC、CNN 与 ZZB 下界，证据链相对完整，且代码与超参公开。主要弱点集中在适用边界与评估严谨性上：一是所有定量结论都在「源数已知」条件下取得，源数只能说「可以从特征值谱看出来」，这是作者自己承认的限制，却容易被读者忽略；二是全部为 N=8 ULA 仿真，缺实测与跨几何验证；三是 τ 与 ε 这两个新增超参没有系统敏感性分析。总体上，作为「学习替代统计量 + 物理后端求解」这一范式的代表工作，其机制层面的参考价值高于其指标本身。","(1) 是否已覆盖本项目想解决的问题：没有覆盖本项目的任务（多站被动定位、源数/频段/位置联合恢复），但覆盖了本项目一个关键机制的先例问题——「学习一份对物理后端有用的替代中间统计量，并且用最终估计误差（而非统计量真值）端到端训练」在 RF 领域已有明确先例（式(15)(16)、§III-C、Algorithm 1）。同时它还揭示了第二条相关先例：从学到的统计量做特征值分解可以自然支持源数判别（Fig.10、§IV-C-1），即「学习 + 物理分解」也能承担源数判定，只是本文仅作定性展示。(2) 能否作为同条件基线：不能。观测接口是单站 N=8 半波长 ULA 的角度估计，本项目是四站单天线、以站间时延/多普勒几何为可分性来源的定位；输出是角度集而非位置；输入是自相关张量而非短时混合 IQ。若强行迁移，至少要重推：把 N×N 空间协方差替换为「频率×站间相关」的统计量、把 Root-MUSIC 后端替换为本项目使用的 DPD 物理求解器、把 RMSPE 角度损失替换为位置误差损失——这已属「需重推适配」级别的工作，且其 RMSPE 数值绝不能拿来与本项目的位置 RMSE 比较。(3) 是否压缩本研究的创新空间：压缩「学习中间统计 + 物理后端 + 用最终误差训练」这一条机制的新颖性，必须承认已有先例，不能再把它作为本项目的独立创新点陈述；也部分压缩「从学到的中间表示读取源数」的思路（Fig.10 已给出特征值分离的证据），但 R17 没有把源数估计作为被评估任务，本项目把 K 作为显式可评估输出且与频带占用联合，这一点仍有区分度。未被压缩的是：逐源占用频段、频率—源—位置三者对应、以及「用逐源定位损失反向影响逐源频率权重」——R17 的统计量只含空间维与快拍维，没有频率维到源、源到位置的对应关系。(4) 可直接借鉴与必须避开的：可借鉴——(a)「不做黑箱端到端，而是学习一个可交给物理求解器的中间量」这一范式，与本项目 E2E 工作树中「把完整频带报告与定位用频率权重分离、用短反馈路径让定位损失影响逐源频率表示」的设计同构，可直接引用其方法论先例；(b) 用最终任务误差穿过可微物理求解器反传的做法，对应本项目把细 DPD 定位损失反传给第三章频率表示；(c) 让中间统计量的维度与观测长度 T 无关（式(13) 的自相关张量）以取得对观测长度不变性的技巧，本项目可用类似方式获得对快拍/观测时长的不变性；(d) 用特征值/子空间结构作为可解释的中间证据，本项目可用空间谱的峰值结构作为可解释性证据。必须避开——(a) 不要让「源数」只停留在「能从学到的表示里看出来」的定性层面，本项目的 K 必须有准确的定量指标（R17 的 M̂=真实 M 是一个容易被误引的陷阱）；(b) 不要把训练依赖的仿真分布当作可外推保证，需明确域不匹配风险；(c) 注意 R17 的增益部分来自 N=8 阵列提供的空间自由度，本项目每站单天线没有这份自由度，不可把其增益幅度外推到本项目。","标题、作者、卷期页码见第4962页页眉与首页；DOI 见第4962页脚注，早期 ICASSP 2023 版本同处。五项假设 AS1–AS4 与经验协方差式(4) 见 §II-B，第4964页。阵列流形式(2)、协方差式(3) 见 §II-A，第4963–4964页；信号模型式(1) 见第4963页。MUSIC 谱式(8)、Root-MUSIC 多项式式(9)(10)、ESPRIT 式(11) 见 §II-B-1/2/3，第4964页。问题表述「M 不假定先验已知、限制 M<N、T 下界为 T_min」见 §III-A，第4965页；数据集 D 定义式(12) 同页。网络高层结构与训练/推理示意见 Fig.2（第4966页）；自编码器结构见 Fig.3（第4966页）。自相关特征式(13) 与「维度不随 T 变化」的论证见 §III-B-1，第4965页。AReLU 式(14)、2×2 卷积核、无池化见 §III-B-2，第4966页。替代协方差式(15) 与 ε 见 §III-B-3，第4966页。损失 P1–P3 讨论与式(16)、数据集损失式(17) 见 §III-C-1，第4967页。隐式微分与 Root-MUSIC 可微性、MVDR 延伸见 §III-C-2 与 §III-D，第4967页。Algorithm 1（SGD 训练）与 Algorithm 2（推理）见第4967页。可训练参数 41,761、三层 CNN 通道 16/32/64 与三层 DCNN 32/16/1、τ=1、ε=1、Adam、lr=0.001、N=8 ULA、SNR 定义、J=45000 与 8000 样本、MUSIC 网格 0.01° 见 §IV-A，第4968页；代码链接见第4968页脚注 1。相干源结果 Table I 见第4969页，正文「about 60× better」与「M̂ 在 §IV-C 可准确提取」的表述见 §IV-B-1，第4969页。低 SNR 与非相干源 Fig.4（T=200）与 Fig.5（T=2）见第4970页；T=2 相干源 Table II 见第4970页。少快拍相干源 Fig.6（T=200/T=20/T=2）与 Fig.7（随 T 变化）见第4970–4971页。宽带信号模型式(18)(19)、OFDM 信号式(20)、L=500、B_f=0.5 kHz、50~1000 Hz、训练用 0.2 kHz 见 §IV-B-3，第4970–4971页；Table III 见第4971页。阵列失配模型式(21)、η∈[0.025d,0.15d]、σ²_sv、Fig.9(a)(b) 见 §IV-B-4，第4971–4972页；σ²_sv=0.75 与 η=0.075d 的讨论见第4973页首段。替代协方差特征值与信噪子空间分离见 §IV-C-1 与 Fig.10，第4973页。谱表示与具体 DoA 取值 θ=[−12.34°,34.56°,65.78°]（Fig.11）、θ=[23.45°,56.78°]（Fig.12）、θ=[−45.67°,−23.45°] 与 T=50（Fig.13）见 §IV-C-2，第4973页与第4974页；非 DoA 根 θ=28.4° 被推离单位圆（|root|>8）见第4973页末段。MVDR 波束图见 §IV-C-3 与 Fig.14，第4974–4975页。附录/讨论中的扩展设想（平面阵、圆阵、稀疏阵、无监督、域适应、超网络、SNR 依赖 ε）见 §III-E，第4968页。结论见 §V，第4975页。"
"R18","An envelope separation aided multi-task learning model for blind source counting and localization","Jiaqi Du, Donghang Wu, Xihong Wu, Tianshu Qu（北京大学智能科学与技术学院、通用人工智能国家重点实验室），ICASSP 2026（2026 IEEE International Conference on Acoustics, Speech and Signal Processing），页码 14852–14856，DOI 10.1109/ICASSP55912.2026.11464467","针对声源数未知或可变条件下的声源定位问题，作者提出""包络分离辅助的多任务学习模型""，用自适应 attractor 网络在推理时逐源生成 attractor 并以第 s+1 个源的存在概率阈值决定何时停止解码，从而估计源数，同时在同一框架内用 PIT 联合优化逐源时域包络分离与逐源三维坐标回归；在 FSD50K + gpuRIR 仿真数据（1–3 源）上，源数计数平均准确率由基线 SEET 的 88.0% 提升到 93.4%，方位/仰角/距离误差由 17.52°/10.32°/0.82 m 降到 10.59°/6.74°/0.64 m。","日常声音事件（FSD50K 数据集类声音），室内混响条件下的单节点声源定位与盲源计数。输入为混合一阶 Ambisonics（First-Order Ambisonics, FOA）信号，采集阵列配置为 Eigenmike 麦克风阵列，阵列位置在房间中心 10% 房间尺寸范围内随机放置。房间尺寸 U(3×3×3 ~ 10×10×6) m^3，T60 ∈ [0.2, 1.0] s，墙面吸收系数 0.5–1.0。源数目在训练与测试中都从 1 到 3 随机均匀选取（即源数可变、未知，含""无源/单源""边界情形）。源被假定位于室内、与阵列的距离由模型回归（不是远场假设），输出为每源的三维笛卡尔坐标 (x,y,z) 与到阵列的距离。关键约束：单节点观测（一个 FOA 阵列），非多站分布式；任务是室内尺度（3–10 m）定位，不是野外/远场地理定位；论文未涉及频带占用或频率—源对应。","输入为混合 FOA 音频信号，经 STFT 变换到""时频域""（§2.1）；AFEM 用一层时域卷积（T-Conv1d）提取初始特征，再重复 L 次""Cross-band Block + Narrow-band Block""，输出混合信号的声学特征嵌入 B_mix ∈ R^{F×T×H}（F 为频点数、T 为时间帧数、H 为特征维）。AAM 对 B_mix 沿时间维求平均并与特征维拼接得 B_avg ∈ R^{F×2H}，用它初始化单向 LSTM 的隐/细胞状态；LSTM 每步输入零向量，输出 attractor a_s ∈ R^{F×1×H}。MTLM 中 B_mix 被拼接并 reshape 为 B_mix' ∈ R^{F×1×T×2H}，attractor 集合 A ∈ R^{F×S×1×2H}，两者相乘得逐源特征 B_A ∈ R^{F×S×T×2H}。未知量：各源的方位角、仰角、距离（回归量）与逐源时域包络（辅助量）以及源数（由存在概率判定）。噪声与混响由 gpuRIR 生成的 RIR 卷积建模（论文未单独给出噪声模型或 SNR 设定）。快拍/分段数：论文未说明 STFT 的窗长、帧移与 F 的具体取值；训练样本 20,000 条、测试 4,000 条，batch size 2。","未知K直接处理（但推理阶段用固定阈值决定何时停止增加源）。依据：§1 摘要与引言明确目标为""blind source counting""，训练时源数从 1 到 3 随机采样；AAM 用 LSTM 逐源生成 attractor，式(2) P_pred=Sigmoid(Linear(a_0,a_1,…,a_S)) 给出各 attractor 代表真实活动源的概率，式(3) 的训练标签为 P_gt=[p_{1..S}=1, p_{S+1}=0] 并用 BCE 优化（S 为真值源数）；§2.2 明确写""At inference, the decoding loop (1) is repeated until the probability of the (s+1)-th source falls below a predefined threshold τ = 0.5.""，即源数由该停止准则在线确定，不需要预先给出 K。需要注意：该阈值 τ=0.5 是人为设定的（论文未给出 τ 的敏感性分析或不同 τ 下的对比）；训练时仍使用真值源数 S 来构造标签 P_gt（因为需要标记第 S+1 个 attractor 为失活）；此外式(6) 的 PIT 与式(10) 的计数准确率都使用真值 S。","整体为三个模块串联（Fig. 1）。1) AFEM（声学特征提取模块，受 SpatialNet 编码器启发，Fig. 2a）：STFT → 时域卷积 → 重复 L 次""跨带块 + 窄带块""，分别提取跨频带特征与时序特征，得到 B_mix。2) AAM（自适应 attractor 模块，Fig. 2b）：把 B_mix 时间平均并拼接成 B_avg ∈ R^{F×2H} 作为单向 LSTM 的初始状态 (h0,c0)，解码步输入为按源数扩展的零向量 x0 ∈ R^{(S+1)×2H}，按式(1) h_{s−1},c_{s−1},a_{s−1}=LSTM(h_{s−2},c_{s−2},0) 逐步产生 attractor；每个 attractor 经 reshape 拼接后过全连接层与 sigmoid，按式(2) 得该源的存在概率 P_pred ∈ R^{(S+1)×1}，用式(3) 的 BCE 训练。3) MTLM（多任务学习模块，Fig. 3）：含包络分离分支与源定位分支，二者共享同一份逐源特征 B_A（由 B_mix' 与 attractor 相乘得到），但分别乘以一个可训练门控向量 gate 及其补 (1−gate)（gate 为 1×1×2H，经 sigmoid 约束，在训练前 n=3 轮内被优化、之后固定），从而在同一批逐源特征上分工：包络分支按式(4) ê=MaxPool1d(iSTFT(Linear(x_env))) 输出逐源时域包络 ê ∈ R^{S×T}；定位分支把 x_xyz reshape 为 R^{S×T×2FH} 后过全连接层，按式(5) d̂=Linear(x_xyz) ∈ R^{S×T×3} 输出三维笛卡尔坐标（距离取坐标向量的欧氏范数）。关键的 ESA（包络分离辅助）机制：用 PIT 把两个任务的逐源输出对齐，按式(6) L_j = min_{π∈P_S} Σ_i (λ L_env(e_{π(i)}−e_i) + L_xyz(d_{π(i)}−d_i)) 计算联合损失（λ=0.01），其中式(7) 包络损失为归一化平方误差 ||ê−e||²/(||e||²+ε)、式(8) 坐标损失为平方误差；总损失式(9) L = L_p + α L_j（α=1）。与已有方法的主要差异：① 用逐源 attractor + 存在概率实现""输出维度不固定""的盲源计数，而不是固定维输出加经验阈值（论文在 §1 明确批评 EINV2/SEET 等""outputs remain fixed-dimensional, and source existence is determined via empirically set thresholds""）；② 把时域包络分离作为辅助任务与定位做联合 PIT 优化（同一置换同时对齐包络与坐标），而不是把包络估计与 DOA 预测当作相互独立的串行步骤（§1 与 §2.3 对 SEET 的批评）。","需重推适配；输入信息层级：原始多通道音频波形经 STFT 后的时频特征（单节点 FOA 观测），非跨站混合 IQ、非时延/协方差层、非已估 DOA。判定触发条件：方法依赖单节点 FOA（一阶 Ambisonics）表示所提供的球谐域空间线索与室内 RIR 可卷积建模，输出是单节点相对坐标（房间尺度三维坐标与距离）；其""距离""由单节点观测回归得到，隐含依赖房间/阵列的相对几何与混响线索，而不是多站几何交叉。在本项目的四站单天线、未知发射波形、短时（4096 点）混合 IQ 条件下：单站没有球谐域孔径，也没有可直接卷积的 RIR，输入接口需从 FOA 时频图重推为跨站观测特征；输出需从""单节点方位/仰角/距离""重推为""多站几何下的位置""。失效/未测条件：论文只在 1–3 源、室内混响（T60 0.2–1.0 s）、仿真数据上验证，未做实测、未测更远距离或室外/远场、未测未知波形与多站同步误差。","数据来源：仿真。声音事件取自 FSD50K 数据集；RIR 由 gpuRIR 工具箱用镜像源法生成。房间尺寸 U(3×3×3 ~ 10×10×6) m^3，T60 0.2–1.0 s，吸收系数 0.5–1.0；Eigenmike 阵列在房间中心 10% 房间尺寸范围内随机放置；源数从 1 到 3 随机均匀选取；训练 20,000 条样本、测试 4,000 条。训练：Adam 优化器，学习率 1×10^-4，batch size 2，最大 epoch 200；损失为源数 BCE 与式(9) 联合损失之和；λ=0.01、α=1、门控预热轮数 n=3；推理停止阈值 τ=0.5。对比方法：EINV2、Sp-ACCDOA（ACCDOA 训练的 SpatialNet）、SEET；并做消融：单任务方向坐标回归 w/o ESA（不含包络分离辅助）与会文模型 w/ ESA 在不同源数条件下的对比。评价指标：盲源计数准确率 acc=Σ I(Ŝ=S)/M（式(10)，M 为样本总数，要求源数完全正确）；定位误差分别为方位角误差 ε_azi（绝对差，≤180°）、仰角误差 ε_ele、距离误差 ε_dist（米）与相对距离误差 ε_rel=(1/S)Σ|î_i−l_i|/(l_i+ε)（式(11)）。论文未给出 SNR 设定、STFT 参数（窗长/帧移/频点数 F）与特征维 H 的具体数值。","1) 盲源计数准确率（Table 1，第 14855 页；acc 为源数完全正确的比例 %）：EINV2 在 1/2/3 源下为 97.7 / 2.74 / 100.0、平均 66.4；Sp-ACCDOA 为 100.0 / 63.1 / 98.1、平均 87.3；SEET 为 92.6 / 90.5 / 80.3、平均 88.0；本文 w/o ESA 为 96.0 / 80.5 / 86.2、平均 87.8；本文 w/ ESA 为 96.9 / 90.9 / 91.9、平均 93.4。可见增益主要体现在 2 源情形（80.5→90.9）。2) 定位误差（Table 2，第 14855 页）：EINV2 为 ε_azi 86.07°、ε_ele 35.97°、ε_dist 2.47 m、ε_rel 62.41%；Sp-ACCDOA 为 21.79°、12.79°、1.01 m、34.90%；SEET 为 17.52°、10.32°、0.82 m、25.68%；本文 w/o ESA 为 16.31°、10.09°、0.75 m、26.69%；本文 w/ ESA 为 10.59°、6.74°、0.64 m、22.08%。3) 消融结论：w/ ESA 相对 w/o ESA 在计数（平均 87.8%→93.4%）与全部定位指标（16.31°→10.59°、10.09°→6.74°、0.75→0.64 m、26.69%→22.08%）上都更好，作者据此认为包络分离提供了互补的时序线索。4) 热力图（Fig. 4，第 14855 页）：以 5° 网格统计方位/仰角、0.5 m 网格统计距离，本文模型在真值附近峰更尖锐集中；作者指出单任务模型在 2 源情形明显劣于 1 源或 3 源情形，而多任务模型显著改善 2 源下的计数。5) attractor 可视化（Fig. 5，第 14855 页）：对 10,000 条混合样本做 t-SNE，源数为 2–4 时不同源的 attractor 在嵌入空间中清晰分离。结果的适用条件与未测边界：全部结果来自仿真（FSD50K + gpuRIR 生成 RIR），源数限于 1–3，房间尺度 3–10 m；论文未做真实录音验证（结论部分只提未来工作），未给 SNR 相关实验，未报告 τ 取值变化的敏感性，未报告推理速度或参数量；Table 1 中""3 源""列部分基线（EINV2）反而达 100.0%，说明该指标在特定源数下由数据/基线特性主导，不能直接横向比较平均以外的数值。","数据与工具：FSD50K、gpuRIR 均为公开资源，RIR 生成方法（镜像源法）与房间参数分布、阵列类型（Eigenmike）均已说明；但未提供本文代码、训练好的模型或生成的仿真数据（论文未说明是否开源）。超参数：优化器（Adam）、学习率（1e-4）、batch size（2）、最大 epoch（200）、λ=0.01、α=1、门控预热轮数 n=3、推理阈值 τ=0.5、样本量（20,000/4,000）均已给出。缺口：STFT 窗长与帧移、频点数 F、特征维 H、Cross-band/Narrow-band 块的层数与通道数、LSTM 隐层维度、attractor 的 reshape/拼接细节、T-Conv1d 核尺寸均未给出；""number of sources randomly selected from 1 to 3""的采样分布是否均匀未逐项说明（文中多处用""randomly and uniformly selected from 1 to 3""，可视为均匀）；基线（EINV2、Sp-ACCDOA、SEET）的训练配置未说明，公平性无法核验。作者自评局限：§4 结论（第 14855 页）指出未来工作是把 Transformer 解码器与 U-Net 等更先进结构引入，以进一步强化时序包络特征与空间方向信息的协同；未提及任何当前方法的失效条件。","第一层（作者结论）：所提""包络分离辅助多任务学习模型""通过统一损失与 PIT 联合优化时域包络分离与空间坐标/距离估计，能有效利用时序与空间线索的互惠关系；实验表明包络分离提供了互补的时序线索，使方向估计更准确、盲源计数与定位都更鲁棒；在 1–3 源条件下各项指标均优于 EINV2、Sp-ACCDOA 与 SEET。第二层（实验实际支持的结论）：在单节点 FOA、室内混响仿真、源数 1–3、语音/日常声音事件的条件下，attractor + 存在概率阈值的计数框架与""包络分离作为辅助任务""的设计确实同时改善了源数计数与三维坐标/距离误差，且消融显示该增益来自 ESA 而非其他因素（Table 2 的 w/o ESA 与 w/ ESA 对比）。不支持的外推：论文不支持该方法在真实录音、超过 3 个源、远距离/远场、多站分布式接收或未知波形条件下成立（这些条件均未测试）；也不支持把该工作当作""频率域属性与位置联合估计""的证据——其辅助属性是时域包络，与逐源频率占用无关；此外计数性能对推理阈值 τ=0.5 的依赖性未做分析，因而""盲源计数""结论的稳健性边界不明。","1) 提出用 LSTM 逐源生成 attractor 并在推理时以第 (s+1) 个源的存在概率是否低于 τ=0.5 作为停止准则，用输出维度可变的框架直接处理未知/可变源数的计数与定位（式(1)–(3)），并在 1–3 源随机分布条件下给出平均计数准确率 93.4%（Table 1）。2) 提出""包络分离辅助""的多任务学习机制：把逐源时域包络分离与逐源三维坐标回归放在同一套逐源特征之上，用 PIT 在同一次换排列中同时算两个任务的损失（式(6)），并给出消融证据显示 ESA 提升了全部定位指标（Table 2）。3) 引入可训练门控向量在包络分支与定位分支之间分配共享的逐源特征（Fig. 3，前 n=3 轮训练后固定），以低代价实现两分支的自动权衡。4) 用 ≥5° 网格热力图（Fig. 4）与 attractor 的 t-SNE 嵌入（Fig. 5）分别说明定位峰更集中、以及 attractor 能按源良好分离。","1) 推理时用固定阈值 τ=0.5 判定源是否存在并终止 attractor 解码，论文未给出 τ 的敏感性分析、未报告不同 τ 下的计数曲线，也未讨论低 SNR/强混响下该概率是否校准；因此""盲源计数""的可控性边界不清（训练时还用真值 S 构造标签 P_gt，属训练—推理信息不对称）。2) 实验全部为仿真（FSD50K + gpuRIR 生成 RIR），无真实录音验证，也没有 SNR 相关实验；房间尺度仅 3–10 m、源数仅 1–3，未测更多源、更大空间或室外场景；论文另在 §3.1 提到""number of sound sources was randomly selected from 1 to 3""，但平均准确率把 1/2/3 源合在一起报告，未给按源数分层的显著性说明。3) 与基线的对比条件不可核验：EINV2/Sp-ACCDOA/SEET 的训练配置、参数量与输入特征是否与本文一致未说明；Table 1 中 EINV2 在 3 源列达到 100.0% 但 2 源列仅 2.74%，这种极端数值暗示各方法在不同源数下的行为差异很大，仅凭平均值难以判断稳健性。4) 模型与训练细节披露不足（STFT 参数、F、H、各块层数、LSTM 维度、attractor 拼接方式均未给），且未开源代码或模型，复现困难。","问题选题准确且与当前""未知源数 + 多任务联合""的研究趋势一致，方法设计有两个值得肯定的实质点：一是把""源数未知""从后处理问题变成模型内部的在线停止问题（attractor + 存在概率阈值），二是用一个逐源辅助任务（时域包络分离）与定位任务在同一次 PIT 置换下联合优化，并用消融证明增益来自该辅助任务而非别的因素。这两点把""多任务学习""从""两个独立任务的拼接""推进到""共享逐源表示 + 互补线索""的层次，思路清晰。但证据强度中等偏弱：全部结论建立在 1–3 源、房内混响的仿真数据上，没有真实录音、没有 SNR 实验、没有阈值敏感性分析；模型的表述（STFT 参数、特征维、各模块层数）缺失，基线配置未说明，无法复现也无法严格核验公平性；Table 1 中某些基线在特定源数下的反常高值（EINV2 三源 100.0%）提示计数准确率指标的结论对外部条件敏感，平均值的比较价值有限。定位指标本身（方位 10.59°、仰角 6.74°、距离 0.64 m、相对距离误差 22.08%）在室内单节点场景下属于可用但不算突出，尤其是相对距离误差 22% 说明距离估计仍是弱项。总体判断：机制层面有借鉴价值（尤其 attractor + 存在概率 + 自适应解码步数，以及与主任务共享逐源表示做联合 PIT），但作为性能基线或作为""已解决问题""的证据都不够充分。","(1) 是否覆盖本项目问题：部分覆盖机制、不覆盖问题本身。R18 确实实现了""源是否存在 + 逐源属性 + 逐源位置""的联合输出——存在性由逐源 attractor 的 sigmoid 概率给出（式(2)(3)），位置为逐源三维笛卡尔坐标与距离（式(5)），属性为逐源时域包络（式(4)），且源数由推理期在线判定，属于未知 K 直接处理。但它是在单节点 FOA（一阶 Ambisonics）观测、室内尺度（3–10 m）下工作的，属性是时域包络而非逐源占用频段，不涉及频率—源—位置的对应关系，也不涉及多站几何与跨站相干。本项目要的是四站单天线、短时混合 IQ 下的 K、逐源占用频段、各源二维位置及三者对应，R18 只覆盖其中""未知 K + 存在性 + 逐源位置""这一模式，不覆盖频率维度与多站几何。(2) 能否作为同条件基线：不能。输入信息层级不同（单节点 FOA 时频特征 vs 四站单天线跨站 IQ），输出空间不同（房间尺度单节点方位/仰角/距离 vs 多站几何下的位置），且 R18 依赖混响与房间几何线索（gpuRIR 生成 RIR、Eigenmike 单阵列），本项目的四站分布式短时观测不具备该类线索。若要借其思想，需把 FOA 特征前端换成跨站观测特征、把包络分支换成频带占用分支、把坐标回归换成多站定位回归，属需重推适配。(3) 是否压缩创新空间：压缩两条。第一条是""未知 K 直接处理 + 逐源存在性概率 + 逐源位置联合输出""这一先例——本项目第四章若以""集合热力图 + 未知 K 解码""作为独立创新点，必须与 R18 的""attractor + 存在概率阈值在线停止""明确区分，且要证明热力图 + 频率槽位方案有 R18 不具备的能力（逐源频带、频率—位置对应）。第二条是""用一项逐源辅助任务与定位联合优化、以辅助任务提升定位""这一机制——R18 已给出消融证据（方位误差 16.31°→10.59°），因此本项目""逐源频率表示辅助/反哺定位""不能笼统地以""多任务联合能提升定位""作为创新点，必须把创新点收窄到""频率信息以逐源权重形式参与定位损失""这一具体闭环上（R18 的门控是全局静态的、逐源特征不含频率选择，且定位与包络之间只有共享表示而没有让辅助属性反向调制定位损失的通道）。(4) 可借鉴机制与须避开陷阱：可借鉴——① attractor + 存在概率的自适应解码步数可作为本项目""K=0/1/2/3 分流""的替代实现参考，特别是 K=0 的判定可转化为""第一个源存在概率低于阈值""这一形式；② 用一次 PIT 同时对齐两个逐源任务的置换（式(6)）——本项目若要联合输出逐源频带与逐源位置，同样面临""频率槽位与位置槽位如何配对""的排列问题，式(6) 的联合置换最小化是一个可直接借鉴的解法；③ 式(7) 带 ||e||²+ε 归一化的相对损失，可迁移到逐源频带图/占用图的损失设计（各源能量尺度差异大，直接 MSE 会被强源主导）；④ 可训练门控（前 n 轮训练后固定）是一种低成本的""两分支耦合权重""自动调节手段，可用于本项目""完整频带报告分支""与""定位用频率权重分支""之间的耦合系数，避免手工调 β。必须避开——① 用固定阈值 τ=0.5 直接判定源存在而不做敏感性分析（本项目若用阈值判 K，必须报告阈值选择依据与敏感性）；② 训练用真值 S 构造标签、推理改由阈值决定源数这种训练—推理不对称，若本项目沿用需明确说明其对指标的影响；③ 把""包络辅助提升定位""的结论直接类推为""频率辅助提升定位""——R18 的辅助量是时序包络，其增益来源被作者归因于""时序线索与空间线索互补""，与频率—位置对应关系不是同一机制，不能借其结论替代本项目自己的证据；④ 只在仿真 1–3 源条件下报告平均准确率而掩盖按源数分层的结果差异（R18 的 2 源列是主要增益来源），本项目汇报时应分层。","摘要与引言（问题定义、对已有方法""fixed-dimensional outputs + empirically set thresholds""与""包络估计与 DOA 预测相互独立""的批评、attractor 概念来源）：第 14852 页。整体框架与三模块：Fig. 1、§2 开头（第 14853 页）。AFEM 与式(4) 的包络输出、Fig. 2a：§2.1 与 §2.3.1（第 14853 页）。AAM 与 attractor 更新式(1)、存在概率式(2)、BCE 式(3)、推理停止阈值 τ=0.5：§2.2（第 14853 页）。MTLM 两分支、门控单元（前 n=3 轮训练后固定）、式(4)(5)、Fig. 3：§2.3、§2.3.1、§2.3.2（第 14853–14854 页）。ESA 联合 PIT 损失式(6)(7)(8) 与总损失式(9)：§2.3.3（第 14854 页）。实验设置（FSD50K、gpuRIR、房间尺寸、T60、吸收系数、Eigenmike、源数 1–3、20,000/4,000 样本、Adam、lr 1e-4、batch 2、200 epoch、基线 EINV2/Sp-ACCDOA/SEET、消融 w/o ESA）：§3.1（第 14854 页）。计数准确率定义式(10)、Table 1：§3.2.1 与 Table 1（第 14854–14855 页）。定位误差定义式(11)、Table 2：§3.2.2 与 Table 2（第 14855 页）。热力图与 2 源情形的观察、Fig. 4：§3.2.3（第 14855 页）。t-SNE 结果、Fig. 5：§3.2.3（第 14855 页）。结论与未来工作（Transformer/U-Net 结构扩展）：§4（第 14855 页）。参考文献列表与作者致谢：§5（第 14856 页）。论文无补充材料说明，也未给出代码/数据链接。"
"R19","Multiple Emitters Direct Tracking With Distributed Single-Sensors: Improved Particle Filter Based on Multiple-Frequency Fusion","Xinjian Yin, Jianfeng Li, Mingyi You, Tong Hu, Xiaofei Zhang，IEEE Transactions on Aerospace and Electronic Systems，2025，Vol. 61, No. 4，pp. 9539–9549（DOI: 10.1109/TAES.2025.3555214；2024-07-30 投稿，2025-01-08 与 2025-03-07 修回，2025-03-14 录用，2025-03-28 在线，2025-08-11 定稿；通讯作者 Xinjian Yin、Jianfeng Li、Mingyi You；作者单位：南京航空航天大学电子信息工程学院、中国电子科技集团公司第三十六研究所、电磁空间安全国家重点实验室（嘉兴））","针对同一频带内多个宽带运动发射源、用分布式单天线传感器（single-sensor）直接跟踪时传统方法需反复定位再做数据关联、计算量大且路径交叉时易失效的问题，作者提出 PF-MFF：先用多频融合（MFF）构造一个可消去未知路径衰减系数的 MUSIC 型超分辨代价函数 F(p_k) = e_1^H Q^{−1}(p_k)e_1 取代粒子滤波的似然函数，再在每个跟踪时刻划分 D 个频带、对每套粒子分别求权并加权求和，同时用多组粒子（每组对应一个发射源）实现多源跟踪；复杂度与耗时均低于 PF-MUSIC、PF-PM 与 DPD-MFF，在 SNR 升高时 RMSE 最低，并用校园内 DJI 无人机（AAV）实测验证了单源轨迹跟踪。","二维平面内做近匀速（CV）运动的 M 个远场宽带发射源（""confined to a plane with a fixed altitude moving around the sensors""），由 L 个地面静止观测传感器接收。几何配置：传感器为分布式单天线（single-sensor），位置 S_l = [X_l, Y_l]^T 已知，所有传感器时间同步；源与传感器处于同一平面（固定高度）。核心场景约束：**多个发射源处于同一频带内**（""multiple emitters within the same frequency band""），发射**宽带**信号，且各源信号互不相关（""transmit uncorrelated wideband signals""）。应用背景为分布式无源站对运动辐射源的直接跟踪（雷达/声呐/无线通信/汽车/信号处理等）。论文明确把""发射源数目""排除在研究范围之外（见「是否已知源数」字段）。","每传感器为单通道（标量）接收，无阵列流型，仅靠多站几何形成""虚拟阵列""。式(4)：z_lk(t) = Σ_{m=1}^M α_lmk s_mk(t − τ_lmk) + w_lk(t)，0 ≤ t ≤ T_s；α_lmk 为第 m 个源到第 l 个传感器的路径衰减系数，s_mk(t) 为第 m 个源在第 k 个跟踪时刻的复宽带信号，w_lk(t) 为白、零均值、复加性高斯噪声，τ_lmk = ||S_l − p_mk||₂/c（式(5)）。观测域为""分段 DFT 后的频域协方差＋子空间""，具体分三步：式(6)(7)(8) 把 L 个传感器信号堆叠为 Z_k(t) 并按时间分成 J 段 Y_k(t_j)；式(9)(10) 对每段做 N 点 DFT 得 z̄_ljk(f_n)；式(11)(12)(13) 得 Ȳ_jk(f_n) = A_k(f_n)S_jk(f_n) + W_jk(f_n)，其中 A_k(f_n) = [a(f_n,p_1k) … a(f_n,p_Mk)] 为信号流形矩阵，a(f_n,p_mk) 含路径衰减、时延与频率信息。未知量：源波形 s_mk(t)、路径衰减系数 α_lmk（被集中为矢量 φ = [α_1,…,α_L]^T）、噪声功率、源位置与速度；源数 M 被假定已知。快拍/分段数：J 段（分段数）、每段 N 点 DFT；仿真取 N = 1024，实测每个时刻 32508 个采样点、K = 100 个时刻、T_r = 1 s。","已知K（论文显式假定并引用外部估计器）。依据：§II-B 第9541页左栏首句明确写道""Since the number of emitters is not the focus of this article, it is assumed that the number of emitters is already known, which can be obtained by Akaike information criterion (AIC) [26], Gershgorin disk estimator (GDE) [27], canonical correlation technique (CCT) [28], and signal subspace matching (SSM) [29] during the tracking.""。M 在算法中出现在：式(4) 的求和上界、式(11) 的信号流形矩阵列数、式(21)(22) 的协方差矩阵与噪声子空间维数（噪声子空间维数为 L − M，见 §IV-A 复杂度式子中的 (L−M)）、Algorithm 1 中的 for m = 1, 2, …, M 循环与""top M maximum peaks""的初值选取（式(29)(30) 的多组粒子）、式(35) 的 RMSE 求和上界。论文未给出自己的 K/M 估计器，也未评估 M 估值错误的影响。","三个部分：PF 框架、基于多频融合的似然函数、多组粒子的多源跟踪。
1) PF 框架（§III-A，式(14)–(20)）。以式(15) 的粒子集 {x^{n_s}_{m,k}, ω^{n_s}_{m,k}} 表示后验 PDF；式(16)(17) 为重要性权重的递推与归一化，式(18) 令重要性密度等于先验（q = p(x_k|x_{k−1})，即由式(1) 的 CV 模型直接采样）；式(19) ω̃ = ω_{k−1}·p(Ȳ|x)；式(20) 把似然一般地记为 p(Ȳ_k^n | x_{m,k}^{n_s})。为解决权值退化，每次更新后都重采样并把权值重置为 1/N_s。
2) 多频融合似然（§III-B，式(21)–(26)，本文核心）。先按式(21) 对第 n 个频点求跨传感器协方差 R_n(k) = (1/J)Σ_j Ȳ_jk(f_n)Ȳ_jk^H(f_n) = A_k(f_n)R_{S,n}(k)A_k^H(f_n) + R_{W,n}(k)；式(22) 特征分解得信号子空间 U_{nS} 与噪声子空间 U_{nN}；套用直接定位的子空间正交关系（引 [10]）得式(23)：U_{nN}^H(k)diag(a(f_n,p_k))φ = 0。**关键机制一**：式(23) 中 φ = [α_1,…,α_L]^T 是全部传感器的路径衰减系数，未知，故式(23) 单频点下不可解；但论文指出""the path attenuation coefficient, or φ, is the same for the data from different frequency points of the same signal""，于是**关键机制二**：从采样带宽的""有效部分""挑出 G 个频点，把式(23) 按频点堆叠成式(25) 的 q(p_k)（每块为 U_{gN}^H(k)diag(a(f_g,p_k))），令 Q(p_k) = q(p_k)^H q(p_k)，则位置谱为式(26) F(p_k) = e_1^H Q^{−1}(p_k)e_1，e_1 = [1,0,…,0]^T ∈ R^{L×1}。**关键机制三**：求逆后取第 1 个对角元，等效于对未知的 φ 做了代数消去（φ 正比于 Q^{−1}e_1），从而在衰减系数未知、源波形未知的条件下得到可算的超分辨位置谱。这解释了摘要所称""circumvents the impact of unknown attenuation coefficients""。
3) 权值与多频带、多源（§III-B 末与 §III-C，式(27)–(30)、Algorithm 1）。为避免低 SNR 或粒子过少导致似然谱""平坦化""而丧失分辨力，用式(28) 的指数加权 ω̃ = (F(p^{n_s}) / max F(p^{n_s}))^γ 替换式(27) 的原始似然。多频带处理上，选出 D 个各含 G 个频点的频带（起始频点 f_{01},…,f_{0D}），对每个频带分别构造似然函数、逐个粒子算权并重采样，最终跟踪结果是各频带结果的加权求和；""starting frequency can choose the D frequency points with the highest energy near the center frequency""（即起始频点取中心频率附近能量最高的 D 个）。多源处理上，在 k = 1 时刻对搜索范围网格化，用式(26) 算每个网格点的代价、取代价函数的前 M 个极大值对应位置 p̂_{m1}（m = 1,…,M）作为 M 个源的初值，再按式(29) 以每个初值为中心各生成一组粒子（共 M 组，各组均值分别为 p̂_{11},…,p̂_{M1}，方差 σ²）、按式(30) 令各组权值均为 1/N_s；此后 M 组粒子各自独立按 CV 模型演进、各自独立更新权值，以此回避显式的多源数据关联（论文称""avoids the need for repeated localization and data association""）。
与已有方法的主要差异：a) 用多频点堆叠消去未知路径衰减矢量 φ，得到与 φ 无关的位置谱（式(23)→式(26)），而 PF-MUSIC [25]、PF-PM [23] 直接使用噪声子空间与信号矢量的正交关系、未处理未知路径衰减（§IV-C 对此有明确说明）；b) 把似然函数整体替换为 MFF 代价函数，不再需要中间参数估计（避免时延等中间量误差传播）；c) 用多组粒子代替单组粒子＋数据关联；d) 只用分布式单天线传感器，不需要多传感器阵列（对比 [25][23] 等""employ multisonsor arrays and narrowband signals""）。","条件适用；输入信息层级：原始混合 IQ（各传感器标量时域采样 z_lk(t)，仅经分段 DFT 变成频域快拍，不含任何外部时延/DOA/量测输入；但位置谱本身是""已提取的协方差/子空间""层）。触发该判定的具体条件（缺一即失效）：a) 必须**已知源数 M**（§II-B 明确假定已知，式(21)(22) 的噪声子空间维数 L − M、式(29) 的 M 组粒子、Algorithm 1 的 for m = 1..M、k = 1 时取""top M peaks""全都依赖 M）；b) 需要源与传感器近似共面、且源做近匀速运动（式(2)(3) 的 CV 模型，否则粒子预测发散）；c) 需要源信号为宽带（多频点堆叠消去 φ 的前提是 φ 在所选 G 个频点上相同，这是""同一信号不同频点共享衰减""的性质）；d) 需要各源信号互不相关（§II-A 假定""transmit uncorrelated wideband signals""）；e) 需要 k = 1 时刻的代价函数确实存在 M 个可分辨的极大值（初始粒子组按 peak 位置生成），若两源在初始时刻距离过近或代价谱分辨不出 M 个峰，则初值即失败；f) 需要选取""有效带宽""内的 G 个频点与 D 个频带（论文未给出""有效频点""的自动判据，只说取中心频率附近能量最高的 D 个频点）。在本项目四站单天线、短时混合 IQ 场景下，a) 与本项目""输出 K""的任务相反（R19 需要 K 作为输入），c)、f) 需要重新论证，但 b)、d) 与其他站几何部分与本项目接近。","数据来源：仿真 + 校园实测（无人机）。仿真几何：跟踪实验用 6 个传感器跟踪 4 个运动宽带源，源轨迹由式(31)–(34) 给出，形如 x_{1k} = 100 + 5k + 2k·sin(k/5)、y_{1k} = 100 + 10k + 2k·sin(k/5)（源2：y_{2k} = 500 − 8k + 2k·sin(k/5)；源3：x_{3k} = 400 + 10k + 2k·sin(k/5)、y_{3k} = 200 + 5k + 2k·sin(k/5)；源4：x_{4k} = 500 + 5k + 2k·sin(k/5)、y_{4k} = 400 − 5k + 2k·sin(k/5)），即带非线性扰动的近似匀速运动；源1 与源2 的 X 轴轨迹重合、Y 轴轨迹相交（用于考察轨迹交叉场景）。仿真参数：K = 50 个跟踪时刻，N_s = 600 个粒子，N = 1024 点 DFT，采样频率 f_s = 125 MHz，T_r = 1 s；复杂度/耗时仿真的参数为 L = 4、D = 4、J = 40、N = 1024、G = 25、M = 2、N_x = N_y = N_s（Table III 另用 N_x = N_y = 400、M = 2，统计 30 次连续跟踪的总耗时与平均耗时）；RMSE 仿真用 K = 50、N_s = 600、N = 1024、N_x = N_y = N_s、T_r = 1 s、L = 4，Monte Carlo N_mc = 800 次。SNR 扫描 −12 dB 至 12 dB；粒子数扫描 100–1500；加权指数 γ 扫描 1–7。对比方法：PF-MUSIC [25]、PF-PM [23]、DPD-MFF、two-step 算法。评价指标：RMSE（式(35)）、计算复杂度（复乘次数，Table II）、实际耗时（Table III）、误差 CDF（Fig.14）。实测：4 个传感节点（超宽带全向天线，工作频段 80–8000 MHz，接收链含频谱仪、GPS 模块、SIM 卡、电池等），发射源为 DJI 无人机（Fig.10），从操场东北角飞到西北角并持续发射宽带信号；带宽 B = 20 MHz，中心频率 fc = 5.84 GHz，采样频率 f_s = 125 MHz，采样周期 T_r = 1 s，总观测时刻 K = 100，每时刻采样点数 32508；以 Sensor 1 为原点建立直角坐标系，S_1 = [0, 0]^T、S_2 = [18.2176, 92.9518]^T、S_3 = [147.6289, 124.2326]^T、S_4 = [81.5546, 146.4954]^T。注意实测**只有 1 个发射源**，多源结论全部来自仿真。","1) 跟踪结果（Fig.3，第9545页，SNR = 15 dB 与 5 dB）：所提 PF-MFF 在 SNR = 5 dB 时即可较准确地跟踪非线性运动的多源轨迹，SNR 提到 15 dB 后精度大幅改善。Fig.4（第9545页，SNR = 15 dB）：给出四个源在 X 轴与 Y 轴方向上的跟踪曲线，源1 与源2 的 X 轴轨迹重合、Y 轴轨迹相交，论文称所提算法仍能确定 Emitter 1 与 Emitter 2 的正确运动轨迹，证明其在轨迹交叉场景下的有效性。2) RMSE vs SNR（Fig.5，第9545页，−12 至 12 dB）：SNR 越高所提算法优势越明显，显著优于 PF-MUSIC 与 PF-PM；与 DPD-MFF 性能接近但计算复杂度低得多；two-step 算法最差。论文明确说明低 SNR 段优势不明显，原因是所提似然函数依赖多频数据融合、对 SNR 变化更敏感，而 PF-MUSIC 与 PF-PM 直接用噪声子空间与信号矢量的正交关系、未处理未知路径衰减。3) 粒子数影响（Fig.6，第9546页，SNR = 10 dB，粒子数 100–1500）：所提算法在粒子数很少时即优于另外两种 PF 方法；粒子数增加到一定程度后精度不再明显提升。4) 加权指数 γ 的影响（Fig.7，第9546页）：SNR 低于 −10 dB 时 γ ≈ 4 较好，γ 继续增大（如 5、7）改善有限；SNR 升到约 −5 dB 时 γ ≈ 2 更好。Fig.8（第9546页，SNR = 0 dB、N_s = 200/300/400/500）同样显示 γ ≈ 4 时跟踪性能明显改善。综合两个仿真，论文建议低 SNR 或粒子数少时取 γ = 4。5) 复杂度与耗时（Table II、Fig.2、Table III，第9544页）：理论复杂度所提算法低于 PF-MUSIC、PF-PM，远低于 DPD-MFF（后者需在二维上搜索代价函数）；30 次连续跟踪的总/平均耗时分别为 所提 17.5025131 s / 0.5834 s、PF-PM 19.086639 s / 0.6362 s、PF-MUSIC 20.0375633 s / 0.6679 s、DPD-MFF 124.5092304 s / 4.1503 s。6) 实测（Fig.12–Fig.14，第9547–9548页）：四个节点在某一时刻接收信号的频谱（5.78–5.9 GHz）中可清晰看到宽带信号；Fig.13 的无人机跟踪轨迹与真实航迹基本吻合但略有偏差，作者归因于部分节点位于楼顶、接收信号受多径影响；Fig.14 的误差 CDF 显示所提算法误差低于 PF-PM 与 PF-MUSIC。结果成立条件与未测试项：多源（4 源）结论仅在仿真、6 传感器、SNR ≥ 5 dB、已知 M 的条件下给出；实测只有 1 个源、4 个节点，未验证多源、未验证同频带多源在实测下的表现；未测试 M 估值错误、未测试源数未知、未给出""有效带宽""与 G、D 的自动选取准则。","论文未说明是否公开代码或数据。仿真参数给出较完整（源轨迹解析式（式(31)–(34)）、传感器数、粒子数、DFT 点数、采样率、K、T_r、J、D、G、N_x = N_y、Monte Carlo 次数、SNR/粒子数/γ 的扫描范围），具备仿真复现的较好条件；但论文**未给出仿真中传感器坐标**（只在实测部分给出节点坐标）、未给出随机种子、未给出""有效带宽""的具体选取方法、未说明 D 个频带的起始频点 f_{01}…f_{0D} 在仿真中的具体取值（只给了选取原则）。实测部分给出了节点坐标、带宽、中心频率、采样率、采样点数、观测时刻数与设备照片（Fig.9–Fig.12），但未说明原始数据是否公开、未给出 GPS 与真值轨迹的获取方式、未说明多径的处理方式。作者自评的局限：多径效应使实测跟踪结果与真实航迹略有偏差（第9547页右栏末段）；低 SNR 下所提算法因依赖多频数据融合而对 SNR 变化更敏感（第9545页右栏）；加权指数 γ 需按 SNR 与粒子数取值，未给出自适应方案。","第一层（作者结论，§V）：提出面向同一频带内多发射源的直接跟踪算法，基于 PF 并用多频融合改进似然函数以计算粒子权重，从而可利用所有传感器数据；进一步提出多组粒子集以跟踪多个发射源；仿真表明算法在轨迹交叉情形下仍能有效跟踪多个宽带发射源；由于避免反复定位与数据关联而在计算复杂度上有优势；性能分析表明跟踪精度高；真实环境飞行实验验证了算法在复杂真实电磁环境下仍能跟踪目标。第二层（实验实际支持的结论与条件）：实验确实支持""在已知源数 M、源做近匀速运动、各源信号互不相关、宽带同频带、6 传感器/4 源、SNR 不低于约 5 dB""这一组条件下，用式(26) 的多频融合位置谱替换 PF 似然、并用 M 组粒子分别跟踪，可以在计算量低于 PF-MUSIC/PF-PM/DPD-MFF 的同时获得不低于它们的 RMSE，并在轨迹交叉时避免数据关联失败。结论的适用条件与外推限制：a) 全部结论以已知 M 为前提，论文未提供自身源数估计，不能外推到未知 K；b) 单次定位/单时刻的能力未被单独评估——算法依赖 k = 1 的网格搜索取 M 个谱峰作为初值，且依赖 CV 运动模型在时间上累积，因此不能视为单次短观测的定位方法；c) 低 SNR 段优势不明显，甚至与对比方法相当；d) 实测仅有单源，多源与同频带多源的实测有效性未验证；e) 论文未讨论 M 组粒子在长时间跟踪中是否会因源间互扰而错配（只展示了轨迹交叉场景下的结果图，无定量指标）。","1) 提出用多频堆叠消去未知路径衰减矢量的位置谱（式(23)→(25)(26)）：把单频点下因 φ 未知而不可解的噪声子空间正交关系，按同一信号的 G 个频点堆叠成矩阵 Q(p_k) 并取 e_1^H Q^{−1} e_1，使代价函数与未知路径衰减系数无关。这是相对 PF-MUSIC [25]、PF-PM [23] 的实质方法差别（后两者直接使用正交关系、未处理未知衰减），也是本文能在单天线分布式观测下同时处理多源的关键。2) 把该位置谱作为 PF 的似然函数替代品（式(27)），并引入指数加权（式(28)）以解决低 SNR 或粒子数少时谱函数""平坦化""导致的分辨力丧失；实验上 γ ≈ 4 在低 SNR 与少粒子时确有改善（Fig.7、Fig.8）。3) 提出多组粒子的多源跟踪结构（式(29)(30)、Algorithm 1）：以 k = 1 时代价函数的前 M 个谱峰初始化 M 组粒子，各组独立演进，从而回避反复定位与显式数据关联；在源1/源2 轨迹交叉的场景下（Fig.4）给出可用结果。4) 给出复杂度分析（Table II、Fig.2）与实际耗时统计（Table III），说明多频堆叠带来的额外开销（D 次协方差估计与子空间分解）被二维网格搜索的省略所补偿，总体上优于 PF-MUSIC、PF-PM 与 DPD-MFF。","1) **源数 M 被显式假定为已知**（§II-B：""it is assumed that the number of emitters is already known""），M 进入式(21)(22) 的噪声子空间维数 L − M、式(29) 的粒子组数、Algorithm 1 的 for m = 1..M 循环与 k = 1 时的 top-M 谱峰选取、式(35) 的 RMSE 求和上界；论文未评估 M 估值错误的影响，也未实现所引用的 AIC/GDE/CCT/SSM 四种估计器。2) 多源能力的验证不完整：仿真中的多源条件固定为 6 传感器/4 源，实测仅 1 个源、4 个节点；论文摘要与标题强调""multiple emitters""，但实测部分无法支撑多源结论。3) 方法依赖外部给定的谱结构与选取准则：需要在 k = 1 时从代价函数中取出 M 个""极大值""作为初始位置（若两源初始时刻接近或谱分辨不足则初值失败），需要人工确定""有效带宽""内的 G 个频点与 D 个频带（论文未给自动判据，只给""取中心频率附近能量最高的 D 个频点""这一原则），需要人工给出加权指数 γ（建议值 γ = 4 是按 SNR 与粒子数分情形讨论得出的经验值）。4) CV 运动模型假设与初始粒子生成方式（式(29) 围绕 k = 1 的谱峰取正态分布、按式(1) 按 F_m 递推）使方法只适用于运动平稳且初始谱可分辨的场景，论文未讨论机动目标。5) 若干参数设置存在前后不一致，影响复杂度结论的可比性：§IV-A 的复杂度与耗时评估使用 M = 2、L = 4（Table II 的条件写为 L = 4, D = 4, J = 40, N = 1024, G = 25, M = 2；Table III 写为 N_x = N_y = 400, M = 2），而第9544页右栏的多源跟踪仿真用 6 个传感器跟踪 4 个源，两者不匹配，因此""复杂度低于 DPD-MFF""这一结论是在 2 源条件下取得的。6) 式(35) 的 RMSE 定义为 (1/M)·sqrt((1/(N_mc K))Σ_{n_mc}Σ_kΣ_{m=1}^{M}||p̂ − p||²)（按渲染图像读取），求和内已含对 m 的求和而根号外又乘 1/M，论文未解释该因子的作用，该式作为精度比较指标的可比性存疑，需按原文核对。7) 论文引用 [10] 的窄带直接定位正交关系（式(23)）用于宽带分段处理，但未讨论该正交关系在有限快拍 J 与噪声子空间维数估计误差下的适用性；论文也未报告 J = 40 与 J 更大时结果的差异。","这是一篇工程上扎实、但在问题定位上有明显边界的工作。问题价值真实：同频带多源、分布式单天线、需要在线跟踪的场景确实存在，而""避免数据关联""与""避免未知路径衰减""是两个具体的、由仿真证据支撑的痛点。方法合理性上，本文最有价值的部分是式(23)→(25)(26) 的推导：单频点下式(23) 因 φ 未知不可解，而 φ 在同一信号的各频点相同这一物理事实使多频堆叠成为消去 φ 的自然手段，取 Q^{−1} 的首个对角元等价于对 φ 做代数消去，数学上干净且与阵列处理中经典的精简 MUSIC 思路同源；用 PF 承载该位置谱、用 M 组粒子承载多源，也是合理的工程组合。创新程度属中等：位置谱构造是把已有的子空间直接定位思想（[10]、[25]）与""多频点消去未知增益""技巧结合，PF 框架与多组粒子结构均为常规手段；论文自身给出的差异化理由是""处理了未知路径衰减""与""避免了重复定位与数据关联""，这两点在其对比对象上确有区别。实验证据强度中等：仿真设计较完整（含 SNR、粒子数、γ 三个维度的扫描，800 次 Monte Carlo，理论复杂度与实际耗时双重对比，并设有 DPD-MFF 这一同类方法的对照），但**全部结论以已知源数为前提**，实测又只有单个源，导致标题与摘要中""multiple emitters""的实测支撑缺失，多源结论完全落在单一仿真配置（6 传感器/4 源）上。实际应用价值尚可：0.58 s/时刻的耗时对秒级跟踪周期（T_r = 1 s）是可接受的，单天线分布式节点的硬件实现（论文给出的超宽带天线＋频谱仪节点）已接近工程可用。总体判断：作为""同一频带内多宽带源的分布式单天线直接跟踪""这一具体问题的解决方案，方法自洽、边界清楚，但读者必须注意其源数已知、宽带、近匀速、需要初始谱峰可分辨这四条前提。","(1) 是否已覆盖本项目想解决的问题？部分覆盖，且是本项目""公共选频 + 适用传统求解器""这一对照臂在文献中的**现成实例**，而非本项目创新边界的威胁。R19 确实在分布式单天线、源波形未知、多源同频带的条件下直接输出各源位置，但它：a) **要求已知源数 M**（§II-B 明文假定，且 M 贯穿式(21)(22) 的子空间维数、式(29) 的粒子组数与 Algorithm 1 的循环），与本项目""输出 K""的任务方向相反；b) 不做**逐源频段归属**——它选出的 G 个频点与 D 个频带是**所有源共用的公共频点集/公共频带**（式(25) 的堆叠对每个频点只构造一次 diag(a(f_g,p_k))，不区分源），其物理量是""同一信号各频点共享的衰减矢量 φ""而非逐源占用频段；c) 不建立""频率—源—位置""的对应关系；d) 其多源能力依赖 k = 1 时代价函数的 M 个可分辨谱峰与 CV 运动模型在时间上的累积，不是单次观测的多源分辨。(2) 能否作为同条件基线？**可以，而且应当作为""公共选频 + 传统求解器""一侧的首选基线**。适配工作量适中：本项目四站几何可直接代入式(4)(5)（把 L 设为 4）；把本项目 4096 点短 IQ 按式(7)(8) 分段做 N 点 DFT、按式(21) 求跨站协方差、按式(25)(26) 构造位置谱即可得到""公共频点集 + 子空间求解器""的对照结果。需要适配与注意的地方：a) 本项目的 K 由第三章给出后作为 M 输入（这正好复现 R19 的假定）；b) R19 的 G 与 D 需按本项目 19 个子带/细网格尺度重新选取，论文未给自动判据；c) R19 依赖时间累积与 CV 模型，若本项目只做单次（或少数几次）观测，需改为逐次定位并放弃其粒子跟踪部分，此时它退化为""公共频点集 + MUSIC 型位置谱 + 网格搜索""，与本项目的对照口径才对齐；d) R19 式(35) 的 RMSE 定义含 (1/M) 因子，做基线比较时须改用统一指标。(3) 是否压缩创新空间？压缩两条弱命题：其一，""多源同频带下用分布式单天线直接定位可行""已被 R19 覆盖（虽以已知 M 为前提）；其二，""用频率维度上的差异或融合改善定位""已被 R19 以""多频点堆叠消去未知衰减""的形式覆盖，本项目不能仅以""引入频率信息""作为贡献。**不压缩本项目最核心的候选贡献**：R19 的频点集是公共的、与源无关的，它没有""逐源定位权重""这一概念；本项目要证的""在短混合观测下，逐源定位权重相对公共选频 + 适用传统求解器具有独立价值""恰好以 R19 为反例一侧——R19 用公共频点集时需要已知 M、需要初始谱可分辨 M 个峰、低 SNR 下优势不明显，这些都是本项目可以测量并超越的对照点。(4) 可直接借鉴与必须避开：可借鉴——a) **""同一信号各频点共享同一路径衰减系数""这一物理性质与式(23)→(26) 的消去技巧**，可直接迁移到本项目的物理后端：本项目各源占用不同频段，因此可以把""共享衰减""的约束从""跨频点""改为""跨观测（四站）""，从而在不显式估计信道的情况下得到与信道无关的空间谱，这与 R27 的相位补偿项构成两条互补的免信道估计路线；b) 式(28) 的 F^γ / max F^γ 指数加权可直接用于本项目空间谱的对比度增强与""频带过度截断导致谱平坦""的抑制；c) 用""D 个频带各自求权再加权求和""的多频带集成思路，可作为本项目第三章频率权重与第四章定位权重解耦设计的一种非学习式对照实现；d) 用多组粒子（每组对应一个源）替代显式数据关联、在轨迹交叉时保持身份的思路，可启发本项目 K=2/3 分流后""每源一路解码""的并行结构，避免集合热力图在近邻源处发生合并。必须避开——a) 不要把源数当已知输入；b) 不要把""公共频点集""当作逐源频段——R19 恰恰证明公共频点集路线需要额外假设（已知 M、初始谱 M 峰可分辨），本项目若沿用公共频点集就已落入 R19 与 R27 共同覆盖的范围；c) 不要依赖 CV 运动模型与时间累积换取精度与源数，那与本项目单次短观测的接口不符；d) 不要用 k = 1 的谱峰搜索作为初始化——那要求空间谱在初次观测就能分辨全部 M 个源，正是本项目要在低 SNR、短观测条件下检验的难点；e) 注意式(35) 的指标定义异常与 §IV-A 参数不一致（复杂度对比用 M = 2，多源跟踪用 4 源）——引用其数值时必须核对原始条件，不能把 0.5834 s/时刻 的耗时当作 4 源场景的耗时。","研究定位与""同频带多宽带源 + 分布式单传感器""：摘要（第9539页）、§I 第9540页右栏""In this article, a direct tracking algorithm for multi-emitters within the same frequency band via distributed single-sensors is proposed""；假设已知源数、并列出 AIC/GDE/CCT/SSM：§II-B 第9541页左栏首段；运动模型（CV 状态、F_m、Q_m）与观测场景：§II-A 第9540页右栏末段、式(1)(2)(3) 第9541页左栏、Fig.1 第9541页；接收信号模型与相对时延：式(4)(5) 第9541页左栏；宽带分段与 DFT：§II-C 式(6)(7)(8)(9)(10) 第9541页；信号流形矩阵与频域快拍模型：式(11)(12)(13) 第9541页右栏至第9542页左栏；PF 递推与权值：§III-A 式(14)–(20) 第9542页左栏；协方差与子空间分解：式(21)(22) 第9542页右栏；单频点正交关系与 φ 未知导致不可解：式(23)(24) 及第9542页右栏""Since φ is unknown, (23) is unsolvable""；""φ 在同一信号各频点相同""与选取 G 个有效频点：第9542页右栏；多频堆叠与位置谱：式(25)(26) 第9542页右栏；指数加权：式(27)(28) 第9543页左栏；多频带（D 个频带、起始频点、逐粒子处理、加权求和）与起始频点选取原则：§III-C 第9543页左栏末段与右栏；k = 1 的网格搜索取 top-M 谱峰与多组粒子初始化：§III-C 第9543页右栏、式(29)(30)；Algorithm 1 全流程：第9543页左栏；复杂度分析（含 O(LJNlog₂N)、O(JGL²)、O(GL³)、O(N_s(2G(L−M)L² + L³))）：§IV-A 第9543页右栏；四算法复杂度表：Table II 第9544页；复杂度随粒子数变化图与仿真条件（L = 4, D = 4, J = 40, N = 1024, G = 25, M = 2）：Fig.2 第9544页；实际耗时（17.5025131 s / 0.5834 s 等，30 次连续跟踪，N_x = N_y = 400、M = 2）：Table III 第9544页；四源轨迹解析式：式(31)–(34) 第9544页右栏；跟踪仿真参数（K = 50、N_s = 600、N = 1024、f_s = 125 MHz）与 SNR = 5/15 dB 结果：第9544页右栏与 Fig.3 第9545页；轨迹交叉结论与 Fig.4：第9545页；RMSE 定义式(35) 与 Monte Carlo 次数 N_mc = 800：第9545页左栏；RMSE vs SNR 与""低 SNR 优势不明显""的原因说明：Fig.5 第9545页、第9545页右栏；粒子数影响：Fig.6 第9546页；γ 的影响与 γ = 4 的建议：Fig.7、Fig.8 第9546页、第9546页左栏末段与右栏首段；实测场景与设备（DJI 无人机、超宽带全向天线 80–8000 MHz、频谱仪/GPS/SIM/电池）：§IV-D 第9546页右栏、Fig.9/Fig.10/Fig.11 第9547页；实测参数（B = 20 MHz、fc = 5.84 GHz、f_s = 125 MHz、T_r = 1 s、K = 100、每时刻 32508 点、四节点坐标）：第9547页左栏；实测频谱与跟踪结果、多径导致偏差：Fig.12、Fig.13 第9547页与第9547页右栏；误差 CDF：Fig.14 第9548页；结论：§V 第9548页左栏。"
"R20","High Accuracy Source Localization Based on Parallel Factor Analysis of TDOA in the Cross Correlation Domain","Li J., Jiang H., Li Y., Zhou F., Wu Q., Quek T. Q. S., Al-Dhahir N., IEEE Transactions on Communications，2025，73(9)，第 7090–7104 页（DOI 10.1109/TCOMM.2025.3534582；收稿 2024-08-27，修回 2024-11-30，录用 2025-01-10）","针对多站被动定位在低 SNR 与多径下精度不足的问题，作者把参考站与其余各站的互相关函数在频域展开、用 IDFT 构造「时差矩阵」并扩维成 H^{(E)} = [H; H*]，从而把跨站互谱组织成一个 N×K×2L 的三线性（PARAFAC）模型，用 TALS/COMFAC 分解后经归一化与相位提取同时得到各站 TDOA（无需插值或提高采样率），另给出一个直接在互相关域做二维网格搜索、以 det(Q_u) 为代价函数的多径鲁棒 DPD；仿真与校园实测显示所提 DPD 的 RMSE 最接近 CRB（实测中定位误差在约 5 m 处 CDF 达到 1），且计算复杂度低于 PARAFAC-TDOA/PARAFAC-DPD/FD-DPD。","对象为**单个**非合作辐射源的被动定位（位置向量 u = [x, y]^T 只有一处，第 7092 页 §II；全文未出现多源模型）。几何配置为 L 个空间分布、同步接收的传感器（第 7091 页 §II 与 Fig. 1；仿真用 L = 4），第一号传感器作参考站。源静止（§II 假设(3)「The source should keep static」）。论文分两种场景：非多径／弱多径（TDOA 分支，先估时差再用 Chan 算法定位）与多径（DPD 分支，G 条传输路径，直达径为 g=1）。关键约束：各站同步（假设(4)）；源信号与噪声互不相关（假设(2)）；参考站幅度系数 α_1 = 1（假设(1)）；多径场景下进一步假设参考站 x_{1,k}(t) 不含多径分量且 α_{1g} = 1。应用背景标注为军事、搜救、室内定位、蜂窝网、空中与星载平台。","L 个传感器，每个传感器一根天线（单通道，非阵列），采样得到 x_{l,k}(t)（l = 1,…,L 为传感器序号，k = 1,…,K 为**分段序号**，K 是分段总数而非源数）。式(1)：x_{l,k}(t) = α_l s_k(t − τ_l) + n_l(t)，τ_l = ‖u − p_l‖/c，α_l 为非相关随机幅度系数，n_l(t) 为零均值高斯白噪声；式(2) 令 α_1 = 1。观测域为**互相关域／互谱域**：先算 r_{1l}(τ) = E[x_{1,k}(t)x_{l,k}(t+τ)]（式(3)），再由 Wiener–Khinchin 关系做 DFT 得互谱 g_{1l}(ω)（式(4)，长度 N = 2N_s − 1，N_s 为数据长度），再限制到 P 个感兴趣的频点 ω_c = [ω_{c1},…,ω_{cP}]^T 得式(8)：r_{1l}(t) = F_c^H diag(h_{cl})s_k(ω_c)，其中 F_c^H 由 IDFT 矩阵按频点抽取列得到，h_{cl} = [α_l e^{−jω_{c1}τ_{1l}}, …, α_l e^{−jω_{cP}τ_{1l}}]^T。时差矩阵 H = [h_{c1} … h_{cL}]^T ∈ C^{L×P}（式(9)）；第 l 站的互谱数据矩阵 R_l = F_c^H D_l(H)S^T（式(10)）。为扩维引入**共轭反转互相关** r*_{1l}(−t)（式(12)）得 R_l^{(e)}（式(13)(14)），拼成 H^{(E)} = [H; H*] ∈ C^{2L×P}（式(15)）与 R^{(E)} ∈ C^{2NL×K}（式(16)）。未知量：源位置 u、各站（含多径各路径）时延 τ 与幅度 α、源信号功率谱矩阵 S = [s_1(ω_c),…,s_K(ω_c)]^T（即各分段的谱，构成 PARAFAC 的 K 维）、噪声。式(18) 给出三线性模型 r_{n,k,l} = Σ_{p=1}^{P} f_{n,p}s_{k,p}h_{l,p}。","论文回避未讨论（因为全文只有单源）。源在模型中不是一个可计数的维度：式(1)(2) 只有一条传播路径上的一个源，多径场景式(36) 中的 G 是**同一源的传输路径数**而不是源数。PARAFAC 模型的秩维是 P（频点数），标识条件式(26)(27)(28) 全部围绕 N、K、L、P 给出，没有任何一处涉及源数。作者在第 7102 页明确回避了该问题（见下条与「论文结论与支持边界」）。","两个并列的产出。产出一，PARAFAC-TDOA（§III-A 至 §III-C）：(a) 把 L 个传感器相对参考站的互谱经 IDFT 组成矩阵 H（式(9)），为降低噪声影响把 H 扩维为 H^{(E)} = [H; H*]（式(15)，共轭反转构造），再堆叠成 2NL×K 矩阵 R^{(E)}（式(16)）并重排为 N×K×2L 三线性张量（式(17)(18)(19)(20)，Fig. 3）；(b) 用三线性交替最小二乘 TALS（式(21)–(24)）迭代更新 S、H^{(E)}，以式(25) 的 SSR 收敛为停止条件，并用 COMFAC 作为 TALS 的快速实现；(c) 标识性由 Theorem 1 [53] 给出：k_{F_c^H} + k_{H^{(E)}} + k_S ≥ 2P + 2（式(26)），实用条件式(28) 为 L ≥ 3——一般要求**至少 3 个传感器**；(d) 用归一化（除以 a_1，式(32)）消去尺度模糊 B̄^{(E)}，把 B̄^{(E)} 的第 p 列逐元素除以第 p−1 列（式(33)）消去幅度 α 与相位模糊，再取 q_l = −angle(c_l) 得式(34) 的频率差向量，最后由式(35) τ̂_{1l} = [ŵ']^+ q_l^T 一次解出**全部** L−1 个 TDOA（不需要逐站搜索谱峰，也不需要时延补偿或插值），再用 Chan 算法 [54] 线性最小二乘加迭代精化得位置。产出二，PARAFAC-DPD（§III-D）：针对多径建立式(36)(37)(38)(39) 的多径时差矩阵（每站各行变为 Σ_{g=1}^{G} α_{lg}e^{−jω_{cp}τ_{l,g}}）；把式(40) 的 Ĥ^{(E)} = H^{(E)}Δ_1 拆成列 h_p，用式(41) 由候选位置 u 算出 τ_{1l}(u)，构造 φa(ω_{cp},p) = Λα（式(42)）；对 h_p 做正交投影并利用 (I − h_p h_p^+ )h_p = 0（式(44)）与式(45) 的二次型化，把位置估计转化为式(46)–(50) 的**多项式求根／零点**问题：û = arg max_u 1/det(Q_u)，其中 Q_u = Σ_{p=1}^{P} Λ^H(I_p − h_p h_p^+)Λ。关键机制与差异：(i) 多径抑制的原理不是常规的「取主径」或「多径白化」，而是**几何汇聚**——论文陈述「the signals originating from the sensor converge exclusively at the source location and do not converge at multipath reflection points」，即各路径信号只在真实源位置处同相汇聚，式(44) 的正交投影算子正是把不含直达径的 h_p 投影掉，从而在候选位置为多径反射点时代价函数不产生峰；(ii) 与已有 FD-DPD、PARAFAC-DPD [48] 的差异在于把 H 扩维为 [H; H*]（式(15)）以增大矩阵维数、降低噪声影响并加速收敛；(iii) TDOA 分支相对 GCC 族（GCC、SCOT、PHAT）与自延迟补偿 SDC [29] 的差异在于不做逐站谱峰搜索、不受采样间隔分辨率限制。复杂度列于 Table I。","条件适用；输入信息层级：**已提取的互相关／互谱**（参考站与其余各站的互谱向量 g_{1l}(ω) 及其 N 点 IDFT 结果），不是原始混合 IQ，也不是已估 DOA 或已关联量测。判定依据：式(3)(4)(5) 的整个推导起点是 r_{1l}(τ) 与 g_{1l}(ω)，观测矩阵 R^{(E)} 由互谱构成，DPD 分支式(39) 同样以互谱为输入，因此论文的算法无法绕过「先做互相关」这一步。失效条件明确写在论文里：1. 源数——全文单源，作者第 7102 页写明「While the proposed scheme has been evaluated in the context of single-source localization, it remains to be seen whether it can be effectively extended to scenarios involving multiple source localization」，并进一步说明「If the multiple sources are separable in frequency or time, our algorithm is applicable. However, the challenging scenario is when multiple signals simultaneously occupy the same frequency band. In such cases, techniques like source separation are required [58],[59],[60], which fall outside the scope of this paper」。即：**多源且同时占据同一频带被作者明确排除在论文范围之外**。2. 传感器数——式(28) 要求 L ≥ 3，本项目四站满足但无冗余。3. 单天线站——每个传感器只有一个通道，靠互谱而非阵列增益取信息，因此与本站的阵元数无关。4. 相参性——式(3) 用 E[x_{1,k}(t)x_{l,k}(t+τ)] 的统计平均，要求各分段内信号与噪声平稳、且源信号跨站相参；本项目短时 4096 点、源波形未知，能否形成稳定的互谱估计需要重新验证。5. 幅度模型——式(1)(2) 假设非相关随机幅度系数 α_l 且不允许频段差异，无「多源各占不同频段」的建模。","数据来源为**自造仿真 + 自采实测**两部分，这是本文相对其他候选基线的一个显著优势。仿真（§IV-B）：4 个传感器位于 p_1 = [800, 500]、p_2 = [800, −500]、p_3 = [−800, 500]、p_4 = [−800, −500]（单位 m），源位于 u = [100, 100]^T m；发射信号为 OFDM 复现，采样率 f_s = 25 MHz，信号时长 T_s = 1 μs，样本数 N = 2500；搜索区域 200 m × 200 m，搜索步长 1 m。图 6 谱峰图参数 SNR = 0 dB、K = 100、P = 5。误差 CDF 与 RMSE 统一定义见式(51)，M 为 Monte Carlo 次数。TDOA 误差 CDF（图 7）参数：J = 10、SNR = −5 dB、K = 150、P = 5、M = 100。定位 RMSE（图 8 无多径、图 9 多径）：SNR 从 −15 dB 扫到 10 dB；多径情形取 G = 2、α_{l1} = 1、α_{l2} = 0.25、τ_{l,2} = 1.10 × τ_{l,1}、J = 10、K = 150、P = 5、T = 400、M = 100（式(52)(53) 用于 CRB）。复杂度曲线（Fig. 5）参数 L = 4、J = 10、K = 100、P = 5、T = 200、n_1 = n_2 = 10。对比方法：GCC [25]、SDC [29]、FD-DPD [32]、PARAFAC-TDOA [48]、PARAFAC-DPD [48]，外加 CRB 作为下界。评价指标：时差误差与定位误差的 CDF、RMSE、计算复杂度（Table I）与「计算时间／精度」定性分档（Table II）。实测（§V）：自采数据，源为 QPSK，载频 f_c = 720 MHz，带宽 B = 20 MHz，采样率 f_s = 125 MHz，样本数 N = 32508；4 个传感器坐标（以 1 号站为原点）q_1 = [0, 0]、q_2 = [60.1263, −32.0600]、q_3 = [83.7238, −127.4608]、q_4 = [65.5065, −220.4126]，源坐标 u = [−37.0008, −75.4746]；K = 27、P = 8、N_s = 1204，每组数据维数 d_1 ∈ C^{1204×27}，共 40 组采集数据；搜索区域 200 m × 200 m，步长 0.5 m。论文未给出仿真的 Monte Carlo 次数以外的重复次数、未给出实测的 SNR 标定方式、未说明实测中源坐标的获取手段（论文未说明）。","1) 无多径定位精度（图 8，第 7099 页）：SNR −15 dB 至 10 dB 区间内所提 DPD 的 RMSE 最低并最贴近 CRB；所提 TDOA 次之；GCC 与 SDC 明显最差；FD-DPD 居中；PARAFAC-TDOA 与 PARAFAC-DPD 居中偏上（高 SNR 更好）。2) TDOA 误差 CDF（图 7，第 7099 页）：所提 TDOA 的误差在 90% 以上的情况下小于 20 ps；GCC 受采样间隔限制误差显著更大，SDC 虽改善但仍受限。3) 多径鲁棒性（图 9、图 11，第 7100 页）：多径下所提 DPD 仍优于其他方法；GCC 与 SDC 在多径下明显退化；DPD 的误差 CDF 曲线在五种方法中最靠近纵轴。4) 复杂度（Fig. 5 与 Table I，第 7098 页）：在 L = 4、J = 10、K = 100、P = 5、T = 200、n_1 = n_2 = 10 下，所提方法复杂度居中偏低；N 增长时增长最慢，N = 5000 时相对 PARAFAC-DPD、FD-DPD 优势明显；Table I 给出各方法的复杂度阶数（所提 TDOA 为 O(L(N log_2 N) + PN² + 0.5(L−1)(4P−3))，所提 DPD 为 O(L(N log_2 N) + PN² + 0.5(L² + 4L)PT²)）。5) 精度与耗时汇总（Table II，第 7101 页）：所提 DPD 精度 Very Good（~10^0.4 m）／计算时间 Moderate（~10^1.5 ms），所提 TDOA 为 Very Good（~10^0.5）／Moderate（~10^1.2），而 PARAFAC-DPD 为 Good（~10^0.7）／Very Slow（~10^3.8）、FD-DPD 为 Good（~10^0.9）／Very Slow（~10^4.2）、TDOA-GCC 为 Poor（~10^2）／Fast（~10^0.1）。6) 实测（图 13、图 14，第 7101 页）：所提 TDOA 的 CDF 快速趋近 1；所提 DPD 的 CDF 曲线最陡，在约 5 m 误差处 CDF 达到 1。所有结果均为**单源**；论文未测试多源、未测试同一频带内多源混叠、未测试运动源（§II 假设(3) 明确要求源静止）。","论文未说明代码／数据是否公开。仿真与实测的设置给得相当精细：传感器与源坐标、OFDM 波形、f_s、N、搜索区域与步长、K、P、J、T、M、多径幅度与时延比例、CRB 公式（式(53)）均给出；实测给出载频、带宽、采样率、调制方式、样本数与源坐标，具备较好的可复现基础。未给全的部分：TALS 的初始化方式（论文只说用 LS 按前次估计更新，未给初值构造）、式(25) 中「SSR 小于指定值」的具体阈值（原文 ""Once SSR is less than the specified value of minuscule""，未给数值）、COMFAC 迭代次数、网格搜索是否存在分级细化、实测中的 SNR、以及实测里源真实坐标（u = [−37.0008, −75.4746]）的测量方法；式(35) 中 [ŵ']^+ 的伪逆实现与频点选取规则（P 个频点如何选、是否等间隔）也未说明。作者自评的局限：第 7102 页明确承认「it remains to be seen whether it can be effectively extended to scenarios involving multiple source localization」，并指出多源同频带需要源分离技术且「fall outside the scope of this paper」；同页也说「due to current experimental limitations, its performance in multipath or high-noise environments remains unexplored」（此处与第 7101 页「实测定位误差 5 m 内 CDF 达 1」的表述存在张力）。","第一层（作者结论，§VI 第 7102 页）：提出一个 TDOA 估计方法与一个 DPD 方法，均基于接收信号的互谱构造适用于三线性分解的模型；所提 TDOA 相对传统方法精度与鲁棒性更好，且无需插值或提高采样率即可同时给出多个时差；所提 DPD 在多径下优于其他先进的 DPD 方法；通过频点抽取与互谱的多频融合最大化了定位信息的利用，仿真与实测数据验证了方法的有效性与实用性。第二层（实验实际支持的结论）：(a) 「PARAFAC 分解互谱可一次性得到全部 TDOA 且不受采样间隔限制」有较扎实的支持——同一段互谱数据同时给出 L−1 个时差，且图 7 中 90% 以上误差小于 20 ps 明显优于受采样间隔限制的 GCC，这一点即使波形未知也成立（方法不要求已知源波形，只要求互谱可估）；(b) 「多径下 DPD 优于对比方法」在 G = 2、α_{l2} = 0.25、τ_{l,2} = 1.1τ_{l,1} 这一组特定的两径参数下成立，论文未扫描多径数、幅度比与时延比的敏感性；(c) 「复杂度更低」由 Table I 的阶数分析与 Fig. 5 的直方图支持，但 Table II 把复杂度与精度压成量级分档，属于定性比较，不宜当作精确的耗时结论；(d) 实测结论只覆盖单源、近场 200 m × 200 m 的校园场景，且作者自己也说实测的多径／高噪声表现「remains unexplored」；(e) **明确的支持边界**：方法只在单源下被验证，作者本人把「多源同时占据同一频带」列为需要源分离、超出本文范围的问题。因此任何把 R20 当作「已能处理同频多源」的引用都是错误的。","1. 给出把跨站互谱组织为三线性 PARAFAC 模型的具体构造（式(9)(15)(16)(17)(18)），其中把 H 扩维为 [H; H*]（式(15)）是一个具体且可验证的降噪／加速手段，而非泛泛的「张量建模」。2. 提出从 PARAFAC 因子的列间比值中经归一化与相位提取一次性解出全部 TDOA 的做法（式(32)–(35)），绕开了传统互相关的最强峰搜索与采样间隔分辨率限制；这一点与「波形是否已知」无关，适用面较宽。3. 提出以 det(Q_u) 为代价函数、以正交投影式(44) 为几何汇聚机制的多径鲁棒 DPD（式(45)–(50)），并明确陈述了「信号只在真实源位置汇聚、不在多径反射点汇聚」这一可检验的机理，且把定位化为求根问题从而避免全域细网格搜索。4. 提供仿真 + 自采实测两类证据（含 CRB 对比与复杂度阶数表），在同方向文献中实验完整度较高。","1. 全文只有单源，且作者明确把「多源同时占据同一频带」排除在范围外（第 7102 页），这意味着它对本研究最核心的同频混叠场景没有提供任何解法；其 TDOA 分支在结构上只能输出 L−1 个时差对应一个源。2. 输入被固定在互相关／互谱层：式(3)(4) 起点是 r_{1l}(τ) 与 g_{1l}(ω)，论文没有讨论互谱本身在低 SNR 短观测下的估计偏差如何传播到 TDOA 与位置，也没有给出互谱估计所需的样本量条件——而式(51) 的 RMSE 结果全部建立在已估出的互谱之上。3. 多径分支依赖若干较强假设：参考站不含多径且 α_{1g} = 1（式(37) 上方原文），各路径幅度 α_{lg} 与频率无关，源静止（假设(3)）；论文只测了 G = 2 的单一参数点（α_{l2} = 0.25、τ_{l,2} = 1.10τ_{l,1}），未做多径数／时延间隔／幅度比的敏感性扫描，因此「多径鲁棒」的适用范围未被界定。4. 若干对比与自评存在张力或信息缺失：Table II 用「Very Good / Poor」等定性词与 10^x 量级描述精度和耗时，区分度低；第 7102 页说实测多径／高噪声表现「remains unexplored」与第 7101 页「实测 5 m 内 CDF 达 1」的正面结论之间未作说明；TALS 初值、SSR 阈值、频点选取规则均未给出，影响逐点复现。","问题价值明确，落在「低 SNR 与多径下被动定位精度」这一持续有需求的方向上；方法设计有实质内容而非拼装——把跨站互谱写成三线性模型本身不算新（作者也如实引用了 [43]–[48] 等 PARAFAC 文献），但式(15) 的共轭反转扩维、式(32)–(35) 的比值式 TDOA 解析提取、以及式(44)–(50) 的「几何汇聚 + 求根」多径 DPD 这三处是有辨识度的技术点，且作者对多径抑制机理的陈述（信号只在真实源位置汇聚）是可以被实验否证的明确命题，这一点值得肯定。实验证据强度在同类文献中偏上：有 CRB 对照、有复杂度阶数表、有 5 种对比方法、还有自采实测（720 MHz、20 MHz 带宽、QPSK、32508 样本）与 40 组数据，实测中 5 m 量级的定位误差对于一个 200 m × 200 m 的搜索区域是合理的结果。但短板也很清楚：单源贯穿全文、多径只测一组参数、Table II 的定性与量级比较过于粗糙、以及实测结论与作者自评之间的矛盾未被处理。此外，因输入被固定在互谱层，其精度优势有多少来自 PARAFAC 而非互谱本身，论文并未通过消融实验分离。综合判断：作为 2025 年 TCOM 上的方法类论文是合格且有实用价值的（尤其对分布式同步接收的 TDOA 系统），但它解决的是「单源、已知 L ≥ 3、源静止」下的精度与鲁棒性问题，与「未知 K、同频混叠多源」不是同一问题。","(1) 覆盖程度：R20 基本不覆盖本研究的核心问题，且是**作者自己明确划界排除**的。它解决的是单源在低 SNR／多径下的 TDOA 与位置精度问题，输入层级是已提取的互谱，不含源数 K、不含逐源占用频段、不含频率—源—位置对应，也不含任何学习成分。第 7102 页原文承认单源局限并指出多源同频带需源分离且「fall outside the scope of this paper」——这句话本身就是对本研究问题定位的一个有力旁证：同频带多源问题在 2025 年的 TCOM 论文中仍被列为未解决的外部问题。(2) 同条件基线：可作为「条件适用」层级的后端求解器候选，且是四篇中**最适合做『已分离源后端』基线**的一篇（因为它本身就把多源当作需前置分离的输入）。作为基线需要的适配：(a) 本项目第三章预测出 K 与逐源频带后，若把每个源各自的频带送入 R20 的 PARAFAC-TDOA 分支，需把式(8) 的 P 个频点改为「该源占用的子带内频点」，并验证式(26)(27)(28) 的标识条件在 P（频点数）显著变小后是否仍满足——这是最需要注意的一点，因为标识条件对 P 敏感；(b) 式(28) 要求 L ≥ 3，本项目四站满足，但四站时 PARAFAC 的 2L = 8 维虽可分解，可分辨的独立源数并未被论文讨论，需重新推导；(c) 本项目四站单天线，与 R20 的传感器模型一致（都是单通道站），因此互谱构造可直接复用，这是它比阵列类方法更贴近本项目接口的地方。(3) 创新空间压缩：压缩有限，但压缩了一条容易踩的线。它证明「多频点互谱融合到统一模型」已被做过（§VI 明确把「multi-frequency fusion of cross-cross functions」列为贡献），因此本项目不能把「把多个频点的信息融合起来做定位」当作新意；但它的多频融合是把 P 个频点当作 PARAFAC 的一个张量维、对所有频点一视同仁、且不区分频点属于哪个源，这与本项目「逐源定位权重」是不同的自由度，所以本研究的候选创新（逐源权重相对公共选频的独立价值）未被压缩。另一条被压缩的是「用几何汇聚抑制多径」这个思路，若本项目想用多径鲁棒性作为卖点需要避开。(4) 可直接借鉴的机制与必须避开的陷阱：可借鉴——(a) 式(32)–(35) 的「归一化 + 逐元素比值 + 相位提取」一次性解出 L−1 个时差的做法，是本项目四站（L=4）场景下可直接使用的廉价后端：对四站只需一次相位提取就能得到 3 个时差，无需逐站谱峰搜索，避免了短观测下谱峰模糊的风险；(b) 式(15) 的共轭反转扩维 [H; H*] 是一个低成本提升矩阵有效维数的手段，可考虑用于本项目细 DPD 阶段的协方差／互谱矩阵；(c) det(Q_u) 形式的代价函数与式(48) 的求根化，比全域 401×401 网格搜索更省算力，可用于本项目细 DPD 阶段的加速；(d) 它的实测设置（720 MHz 载频、20 MHz 带宽、125 MHz 采样、QPSK、K = 27 段、P = 8 频点、200 m × 200 m 搜索区、0.5 m 步长）可作为本项目细 DPD 阶段参数设置的对照参考。须避开的陷阱——(a) 不要把 R20 的精度结论当成本项目同频多源场景下的可达精度，它的结果是单源、且互谱由理想单源信号算得；(b) 不要忽略它依赖 L ≥ 3 这一硬条件（本项目恰好四站，无冗余，若某站失效则方法直接失效）；(c) 不要把「互谱多频融合」写成新贡献，已被覆盖；(d) 若要把它作为「已分离源后端」基线，必须说明本项目是用第三章/第四章的输出（K 与逐源频带）去喂它，属于级联方案，其精度不应与本项目的端到端方法混为一谈。","标题、作者、单位与资助信息、摘要、Index Terms、§I INTRODUCTION 的被动定位分类与两种方法的定义、§I-A TDOA-Based Methods（GCC [25]、SCOT、PHAT、SDC [29] 的评述）：第 7090 页；§I-A 续（PARAFAC 与 TALS/COMFAC 的综述、§I-B DPD-Based Methods 对 Weiss & Amar [32]、MVDR-DPD [35][36][37]、WCCE [39]、FD-DPD [41][42] 的评述）：第 7091 页；本文贡献 1)2)3) 的列举、Notation、§II SYSTEM MODEL 的 Fig. 1 与式(1)(2)、四条假设（含「The source should keep static」与「All sensors are synchronous」）：第 7092 页；§III-A The PARAFAC Model 的式(3)(4)(5)(6)(7)(8)(9)(10)(11)(12)(13)(14)(15)、N = 2N_s − 1 的定义：第 7093 页；式(16)(17)(18)(19)(20)、Fig. 2 虚拟节点图、Fig. 3 三维阵列重排图、§III-B 的 TALS 式(21)(22)：第 7094 页；式(23)(24)(25) 与 SSR、Theorem 1 及式(26)(27)(28)「L ≥ 3」、式(29)(30)(31)、§III-C 的式(32)(33)(34)(35) 与 Chan 算法 [54]：第 7095 页；§III-D DPD 的 Fig. 4 多径场景图、式(36)(37)(38)(39)：第 7096 页；式(40)(41)、式(42) 的 φa = Λα、式(43)(44)「(I − h_p h_p^+ )h_p = 0」及其上方「the signals originating from the sensor converge exclusively at the source location and do not converge at multipath reflection points」的原文措辞、式(45)(46)(47)(48)(49)(50)：第 7097 页；Algorithm 框（输入/输出与逐行流程）、Table I 各方法复杂度阶数、Fig. 5 复杂度直方图（L = 4, J = 10, K = 100, P = 5, T = 200, n_1 = n_2 = 10）、§IV-B Simulation Results 起始与四站坐标：第 7098 页；源坐标 u = [100,100]^T、OFDM/f_s = 25 MHz/T_s = 1 μs/N = 2500、搜索区 200 m × 200 m 与 1 m 步长、Fig. 6 谱峰图、式(51) 的 CDF/RMSE 定义、Fig. 7 TDOA 误差 CDF（J = 10, SNR = −5 dB, K = 150, P = 5, M = 100）与 Fig. 8 定位 RMSE、式(52) 多径参数（G = 2, α_{l1} = 1, α_{l2} = 0.25, τ_{l,2} = 1.10τ_{l,1}, T = 400）：第 7099 页；Fig. 9 多径 RMSE、Fig. 10/Fig. 11 误差 CDF、式(53) CRB 及其符号定义、§V REAL-WORLD TESTS 起始（f_c = 720 MHz, B = 20 MHz, f_s = 125 MHz, QPSK, N = 32508）：第 7100 页；Table II 复杂度与精度汇总、Fig. 12 校园实测场景图及四站坐标与源坐标（K = 27, P = 8, N_s = 1204，40 组数据，搜索步长 0.5 m）、Fig. 13 TDOA 误差 CDF、Fig. 14 定位误差 CDF 与「CDF = 1 at approximately 5 meters of error」：第 7101 页；**单源局限与多源同频带的明确排除声明**（「While the proposed scheme has been evaluated in the context of single-source localization, it remains to be seen whether it can be effectively extended to scenarios involving multiple source localization. Future work will explore the feasibility...」与「However, the challenging scenario is when multiple signals simultaneously occupy the same frequency band. In such cases, techniques like source separation are required [58], [59], [60], which fall outside the scope of this paper.」）、§VI CONCLUSION、参考文献 [1]–[25]：第 7102 页；参考文献 [26]–[60]（含 [32] Weiss 2004 DPD、[35] Tzafri & Weiss MVDR、[48] 本组 Multi-TDOA/PARAFAC、[53] Sidiropoulos 张量分解、[55] 多项式求根、[57] 多源子空间融合 CRB）与作者简介：第 7103–7104 页。（说明：全文印刷页码 7090–7104 位于每页页眉左侧或底部中央；页眉右侧给出卷期信息 IEEE TRANSACTIONS ON COMMUNICATIONS, VOL. 73, NO. 9, SEPTEMBER 2025。）"
"R21","Joint Spectrogram Separation and TDOA Estimation using Optimal Transport","Linda Fabiani, Sebastian J. Schlecht, Isabel Haesler, Filip Elvander（Aalto University、Friedrich-Alexander-Universität Erlangen-Nürnberg、Uppsala University），EUSIPCO 2025（33rd European Signal Processing Conference），页码 221–225，ISBN 978-9-46-459362-4","针对多通道语音中""盲源分离""与""到达时间差（TDOA）估计""两个任务，作者把每个源的功率谱在麦克风之间的时延建模为时频谱质量沿时间轴的搬运，用最优传输（Optimal Transport, OT）的运输计划表示逐源、逐频点、逐时间帧的软分配，并把分离与时延估计写进同一个优化问题（以式(4) 的二次代价把时延参数嵌入代价矩阵），用块坐标下降交替求解；在 2 源 2 麦克风的语音仿真中，极低 SNR（−10 dB）下 TDOA 的 RMSE 约 0.17，明显低于 GCC-PHAT（约 0.60）与 MCCC（约 0.83），但高 SNR 下 RMSE 存在约 0.06–0.17 的下限（GCC-PHAT 在高 SNR 趋于 0）；分离方面重建误差与 ΔSDR 整体优于 Delay-and-Sum、FDICA 与 MNMF。","语音信号（两段真实语音，一男一女）在混响/噪声环境下的盲源分离与到达时间差估计。几何配置：2×2 的""源—接收""系统（K=2 个声源、L=2 个麦克风），两个接收麦克风近距离放置；论文在脚注中明确假设""麦克风间距很近、信号到达各麦克风的幅度差异很小""，并把各源谱统一定义为参考麦克风处的无噪版本（脚注 1、脚注 3）。源的空间位置与源信号波形均未知。应用背景是多通道语音增强与通信中的校准/同步、麦克风阵列空间滤波。关键约束：设 K 个源、L 个麦克风，观测量为各麦克风的功率谱图（非相干）；需要已知源数 K；房间混响被作为未来工作（结论部分），实验中的混响因素未单独建模。","时频（STFT）域模型，见式(1)：R_ℓ(f,t)=Σ_{k=1}^{K} S_k(f,t−τ_k^(ℓ)) + W_ℓ(f,t)，其中 S_k 为第 k 个源信号的 STFT，R_ℓ 为第 ℓ 个麦克风信号的 STFT，τ_k^(ℓ) 为第 k 个源到第 ℓ 个接收机相对于参考麦克风（取第 1 个麦克风）的时延（即 TDOA，τ_k^(1)=0），W_ℓ 为传感器噪声的 STFT，假设为空间与时间白高斯、方差 σ²。观测量取功率谱图：R^(ℓ) ∈ R_+^{T×F}，元素 [R^(ℓ)]_{t,f}=|R_ℓ(f,t)|²（相位被丢弃）；同理定义 S_k^(ℓ)（第 k 个源在第 ℓ 个麦克风处的功率谱图）与 W^(ℓ)。核心近似式(2)：R^(ℓ) ≈ Σ_{k=1}^{K} S_k^(ℓ) + W^(ℓ)，即把功率谱图当作各源功率谱图的加性混合；该近似的依据是""不同源信号统计独立""与""各麦克风幅度差异很小""（脚注 1，对应麦克风紧邻）。S_k^(ℓ) 由 S_k^(1) 沿时间维按 τ_k^(ℓ) 平移得到（即""时延 = 功率分布的时间平移""）。未知量：各源在各接收机处的功率谱图 S_k^(ℓ)、各源的 TDOA τ_k^(ℓ)（k=1..K，ℓ=2..L）、源数 K 被假定为已知。时间/频率参数：STFT 采用 Hann 窗，窗长 256、跳步（hop）200、FFT 长度 256；信号重采样到 f_s=8 kHz；实验片段总时长 2 s（原始源信号被补零到统一 2 s）。","已知K。依据：§II 信号模型开篇即写""Consider a system with K ∈ N acoustic sources impinging on L ∈ N microphones. The spatial locations of the sources as well as the source signals are unknown.""，即只把源位置与波形列为未知；式(5) 的优化问题显式对 k=1..K 求和并施加逐源质量守恒约束 Σ_{k=1}^{K} s_{k,f}^(ℓ)=r_f^(ℓ)（f=1..F，ℓ=1..L），说明 K 必须预先给定才能写出该问题；§V 数值实验固定为""2×2 source-receiver system""即 K=2、L=2。论文全文未讨论 K 的估计或检测，也未把""未知源数""列入局限或未来工作（未来工作列的是非平衡最优传输与真实混响场景）。","把盲源分离问题放在最优传输框架里：把每个源的功率谱图视为时频平面上的质量分布，把""同一源在不同麦克风之间的时延""视为该质量分布沿时间轴的平移，于是分离等价于寻找一组""搬运计划""。1) 最优传输基础（§III）：离散 Monge–Kantorovich 问题式(3) minimize_{M∈R_+^{N×N}} ⟨C, M⟩ s.t. M1_N=a、M^T1_N=b；C 为代价矩阵，M 为运输计划。2) 逐频点构造（§IV）：对每个频点 f，用运输计划 M_k^{f,ℓ} 把参考麦克风处该源的谱列向量 s_{k,f}^(1) 搬运到第 ℓ 个麦克风处的 s_{k,f}^(ℓ)，可行性约束为 M_k^{f,ℓ}1=s_{k,f}^(1) 与 (M_k^{f,ℓ})^T1=s_{k,f}^(ℓ)；给定候选时延 τ_k 时，运输计划的代价为 ⟨C(τ_k), M_k^{f,ℓ}⟩，其中式(4) 定义 [C(τ)]_{ij}=((t_i−t_j)−τ)²，t_i 为时间帧索引。注意代价是""时间索引差的二次函数""，由此在时延维上得到良性的优化结构。3) 联合优化问题式(5)：对 ℓ=2..L、k=1..K、f=1..F 求和最小化 ⟨C(τ_k^(ℓ)), M_k^{f,ℓ}⟩，约束为运输计划的两个边缘相等条件与逐源质量守恒 Σ_{k=1}^{K} s_{k,f}^(ℓ)=r_f^(ℓ)（逐接收机、逐频点的总质量等于观测谱）。论文指出该问题在""固定时延""时对运输计划与源谱是线性的，在""固定运输计划与源谱""时由于式(4) 的选择对时延是凸的，因此是双凸（bi-convex）问题。4) 求解：块坐标下降（Algorithm 1）——初始化 {τ_k^(ℓ)}，在未收敛时交替地""对 M_k^{f,ℓ} 最小化式(5)""与""对 τ_k^(ℓ) 最小化式(5)""；其中对 τ 的最小化是无约束二次规划，可解析求解；论文引用 [16, Proposition 2] 说明该问题满足其条件，故算法保证收敛到（局部）极小点。5) 源谱重建：式(6) Ŝ_k^(1)=[s_{k,1}^(1) s_{k,2}^(1) … s_{k,F}^(1)]，其中 s_{k,1}^(1)=M_k^{f,ℓ}1 对任意 ℓ∈{2,…,L} 都成立（即任一非参考麦克风的运输计划的行边缘都可给出参考处的源谱）。6) 时域重建（实验部分）：把估计出的功率谱图用多通道维纳滤波（multichannel Wiener filter，文献[5]）做时域信号重建。与已有方法的主要差异：传统做法先用 GCC/GCC-PHAT 类互相关估时延、再分离（或反之），两步独立；本文把""逐源逐频点的质量分配（运输计划）""与""逐源时延""放进同一个带边缘约束的优化问题共同求解，使时延估计与分离互为约束；此外作者引用 [16] 的""系综混合物的最优传输分离""框架，把该框架中的""系综与动力学""对应到""源谱与麦克风间时延""。","需重推适配（且适配代价高，本判定下该方法的核心假设在本项目条件下不成立）；输入信息层级：单节点近距离麦克风对的功率谱图（STFT 幅度平方，相位被显式丢弃），非跨站混合 IQ、非相干协方差、非时延量测量测。判定触发条件：方法成立的物理基础有三条，(a) 观测为功率谱图、混合是可加性近似 R^(ℓ)≈Σ_k S_k^(ℓ)+W^(ℓ)（式(2)），这要求不同源在时频域近似不重叠（否则 |S_1+S_2|² 的交叉项不可忽略）；(b) 时延等价于""功率分布沿时间轴的整体平移""，这要求信号具有可对齐的时间结构（语音的起止、静音段提供分布形状）；(c) 接收机紧邻、幅度差异可忽略（脚注 1 与脚注 3）。在本项目的四站单天线、短时（4096 点）混合 IQ、发射波形未知且同频带时频混叠的条件下：(a) 相干 RF 源在同一频带内持续共存，交叉项不仅不可忽略，恰是干扰的主体，功率谱可加近似失效；(b) 若辐射波形近似平稳/连续，其功率沿时间的分布近似平坦，OT 代价 ⟨C(τ),M⟩ 对 τ 近似不敏感，τ 不可辨识——RF 场景下分辨时延靠的是载波相位而非功率包络；(c) 四站地理分散，各站幅度差异显著，与""紧邻麦克风""假设相反。因此直接套用会在本项目条件下失效；若要适配，需要改用保留跨站相位（复数、相干）的观测模型并重新定义代价与可辨识条件。","数据来源：仿真（由真实语音片段人工构造）。源信号为两段语音（一男一女），两个信号被人工重叠并延时以生成两个接收机混合，总时长 2 s。几何：2×2 源—接收系统（K=2 源、L=2 麦克风）。采样与变换：所有信号先降采样到 f_s=8 kHz，STFT 用 Hann 窗、窗长 256、跳步 200、FFT 长度 256。Monte Carlo：每个实验 100 次，相对时延从""基于语音信号长度的有限取值集合""中随机初始化。SNR 场景：−10 至 30 dB 或 −10 至 30 dB 的多档 SNR（图 2、图 3、图 4 的横轴均为 −10、−5、0、10、20、30 dB）。TDOA 对比方法：GCC-PHAT（文献[9]）与 Multiple Cross-Correlation Coefficient（MCCC，文献[10]，按文献[20] 实现）；评价指标为式(7) RMSE=sqrt((1/K)Σ(τ_k−τ̂_k)²)，图 2 标题说明在分数延迟（fractional delays）条件下评估（论文未标注 RMSE 的物理单位）。分离对比方法：Delay-and-Sum 波束形成（基线）、FDICA（频域独立成分分析，文献[21,22]）、MNMF（多通道非负矩阵分解，文献[23]）；评价指标为式(8) 重建误差 S_err=(1/K)Σ||S_k−Ŝ_k||_F²/||S_k||_F² 与式(9) 的 SDR 增量 ΔSDR=10log10(σ_s²/σ_{D,s}²)−10log10(σ_s²/σ_{D,mix}²)。论文未给出时延真值的具体取值范围、混响时间 T60、噪声类型（仅假设为白高斯）、STFT 收敛容差与迭代次数。三个实验分别对应图 2（TDOA）、图 3（重建误差）、图 4（ΔSDR）。","1) TDOA（图 2，第 223 页）：在 −10 dB 处提出方法 RMSE 约 0.17，GCC-PHAT 约 0.60，MCCC 约 0.83；−5 dB 处约 0.12 / 0.18 / 0.39；0 dB 处约 0.11 / 0（GCC-PHAT 与 MCCC 在 0 dB 及以上的 RMSE 均降到 0）；10、20、30 dB 处提出方法分别约 0.08、0.07、0.06，呈平缓下降但仍保持非零下限。作者据此称其在极低 SNR 下更稳健，同时承认在高 SNR 下 RMSE 略大，并把补偿理由归为""OT 估计器端到端的复杂性与多功能性""。2) 分离重建误差（图 3，第 224 页）：提出方法在各 SNR 下整体最低且曲线最平滑，−10 dB 处约 0.82，0 dB 约 0.33，10–30 dB 约 0.17→0.12；Delay-and-Sum 由约 0.87 降到约 0.21；FDICA 约 0.9→0.25；MNMF 约 0.9→0.36。3) ΔSDR（图 4，第 224 页）：提出方法持续最优且随 SNR 上升而增大，−10 dB 约 5.9 dB、0 dB 约 4.6 dB、20 dB 约 10.3 dB、30 dB 约 11.3 dB；Delay-and-Sum 约 4.5→2.9 dB（基本不随 SNR 改善）；FDICA 约 4.5→2.0 dB；MNMF 约 6.1→1.9 dB，即 FDICA 与 MNMF 的 SDR 增量随 SNR 升高反而下降（作者称二者难以正确分离该数据、估计仍处于混合状态）。结果成立条件与未测边界：全部结果都在 K=2、L=2、近距麦克风、无显式混响建模、2 s 语音片段、100 次 Monte Carlo 的仿真条件下得到；未做真实录音实验，未测 K>2 或 L>2，未测远场/分布式几何，未测非语音（连续平稳）信号——而后者恰是本文""时延即功率分布平移""假设最可能失效的情形。作者明确指出两类失败模式：一是 OT 估计器工作在""含显著失真的谱混合""上，""传输过程会把噪声自然地重新分配到各信号之间；若目标函数中没有额外约束或项来抑制该效应，噪声将不可避免地进入运输计划并进入重建谱""（第 224 页），未来工作拟用非平衡最优传输（文献[24]）解决；二是精度显著受 STFT 时间分辨率与算法收敛容差影响（第 224 页）。","数据：使用公开的语音片段构造仿真，未提供本文代码、仿真脚本或数据链接（论文未说明是否开源）。超参数：STFT 参数（Hann 窗、窗长 256、跳步 200、FFT 长度 256）、采样率（8 kHz）、片段时长（2 s）、Monte Carlo 次数（100）、SNR 档位（−10、−5、0、10、20、30 dB）、源数与麦克风数（2×2）均已给出；算法层面则缺口较大——块坐标下降的迭代次数、收敛判据（论文只说""while not converged""与""收敛容差""影响精度但未给数值）、τ_k^(ℓ) 的初始化方式（只说""随机初始化，取值来自基于语音长度的有限集合""）、时延搜索范围（分数延迟的量化步长）、式(5) 中运输计划与源谱子问题的具体求解器（线性规划形式与所用工具箱）均未说明。对比方法（GCC-PHAT、MCCC、FDICA、MNMF、Delay-and-Sum）的实现细节与参数也未给出，公平性无法核验。作者自评局限：噪声被并入运输计划导致重建谱含噪、精度受 STFT 时间分辨率与收敛容差限制、混响场景留作未来工作。","第一层（作者结论）：提出了一种基于最优传输的多步优化方法，用块坐标下降高效求解，通过挖掘 OT 问题结构实现逐源谱的有效分离并准确评估相对时延；所得估计用于谱重建并经多通道维纳滤波恢复时域信号；在真实语音数据上表现良好，优于常用的时延估计与源分离方法，为真实房间混响环境与麦克风阵列结构下的多通道分离与 TDOA 估计""奠定了基础""。第二层（实验实际支持的结论）：在 2 源 2 近距麦克风、8 kHz、2 s 语音、人工重叠并延时构造的仿真条件下，该联合 OT 方法在极低 SNR（−10、−5 dB）时 TDOA 的 RMSE 明显低于两个互相关类基线，在全部测试 SNR 下重建误差最低、ΔSDR 最高且随 SNR 单调改善（而 FDICA、MNMF 的 ΔSDR 随 SNR 升高而下降）。不支持的外推：论文不支持该方法在高 SNR 下比 GCC-PHAT 更准确（图 2 显示 0 dB 及以上 GCC-PHAT 与 MCCC 的 RMSE 为 0，而本文方法保留约 0.06–0.17 的下限）；不支持在混响、大间距/分布式接收、非语音或连续平稳信号、K>2 或 L>2 条件下成立（均未测试）；也不支持本文方法本身可用于源数未知的场景（K 是优化问题的显式维度）。","1) 提出把""逐源、逐频点、逐时间帧""的质量分配写成带边缘约束的最优传输计划，并把时延参数通过二次代价矩阵（式(4)）嵌入运输代价，从而把盲源分离与 TDOA 估计统一在一个优化问题（式(5)）里联合求解——这使分离与时延估计互相提供约束，而不是串行两步。2) 给出该问题的结构分析（双凸：固定时延线性、固定运输计划对时延为无约束二次规划）与块坐标下降算法（Algorithm 1），并借助已有命题给出收敛到局部极小点的保证；对时延子问题可解析求解，降低计算复杂度。3) 给出由运输计划反推参考麦克风处逐源功率谱图的重建公式（式(6)），并用多通道维纳滤波完成时域重建。4) 在三个维度（TDOA RMSE、谱重建误差、ΔSDR）上与 GCC-PHAT、MCCC、Delay-and-Sum、FDICA、MNMF 做了系统对比，并如实报告了""低 SNR 占优、高 SNR 存在精度下限""以及""噪声会被并入运输计划""这两项负面结果。","1) 源数 K 必须已知，且 K 直接决定优化问题的规模与逐源质量守恒约束的个数（式(5) 对 k=1..K 求和）；论文既未讨论 K 的估计，也未把未知源数列入局限或未来工作，因此在源数未知或可变时该方法无法直接使用。2) 观测模型丢弃相位、只使用功率谱图，并依赖""不同源时频不重叠""的可加性近似（式(2)）与""时延等于功率分布沿时间轴平移""的假设；这使得方法只在信号具有可对齐的时间结构（语音）时有效，对连续平稳信号时延不可辨识，且无法利用相干相位信息；论文未针对该假设给出边界实验（例如同类信号、平稳噪声源、两源高度重叠的情形）。3) 几何假设过强：脚注 1 明确假设各麦克风之间幅度差异很小、对应""麦克风紧邻""，脚注 3 把各源谱统一定义为参考麦克风处无噪版本；实验中 L=2 且两麦克风近距离放置，因此结论不能外推到分布式/大间距接收，也没有任何关于时延大小（大基线）的敏感性分析。4) 关键实现与实验细节缺失且论文自陈两项未解决问题：算法迭代容差、""有限取值集合""形式的时延初始化、子问题求解器均未给出，导致 TDOA 精度无法复现；作者承认在高 SNR 下 RMSE 存在非零下限（约 0.06–0.17，而基线为 0），且噪声必然被并入运输计划与重建谱；混响环境留作未来工作。","问题选择有实际意义，方法学上最值得肯定的是""把逐源时频分配这件事显式参数化为带边缘约束的运输计划，并把要估的物理量（时延）写进运输代价矩阵""这一建模转换：它让分离与时延估计在同一个凸性结构良好的问题里互相约束，并给出可解析求解的时延子问题与收敛性依据，思路清晰、结构干净。数学处理（双凸性分析、块坐标下降、二阶代价带来的二次规划子问题）是本文的主要技术含量。但证据强度受限明显：实验仅为 K=2、L=2、两近距麦克风、2 s 语音片段的仿真，没有真实录音、没有混响、没有大间距几何、没有 K>2 或平稳源的测试，而这些恰恰是该方法假设最脆弱的方向；TDOA 指标在 0 dB 以上明显不如传统互相关法（后者的 RMSE 为 0 而本文方法有约 0.06–0.17 的下限），作者只用""整体复杂性""作解释而未给出定量原因；复现所需的优化器与收敛参数缺失，基线实现也未说明。分离侧的结论相对更扎实（三个 SNR 区间、两种指标、四个对比方法，且指出了竞品 ΔSDR 随 SNR 下降的反常趋势）。综合判断：这是一篇方法学上自洽、但适用范围与证据面都很窄的会议论文，其价值主要在于""带约束软分配 + 联合优化 + 交替求解""这套建模与求解范式，而不是其性能数字本身。","(1) 是否覆盖本项目问题：否，只在机制层面部分重叠。R21 处理的是""已知 K=2、单节点两个紧邻麦克风、功率谱图观测下的分离 + TDOA 估计""，不估计源数、不估计位置（只有相对时延）、不涉及多站几何、不涉及逐源占用频段的语义、也不涉及相干接收。本项目要解决的是四站单天线、短时混合 IQ、未知 K 下联合恢复 K、逐源占用频段、各源位置及频率—源—位置对应关系。R21 覆盖的是""逐源时频软分配与逐源时延参数联合优化""这一机制模式。(2) 能否作为同条件基线：不能。输入信息层级不同（单节点功率谱图，相位被显式丢弃 |·|² vs 四站单天线跨站 IQ），估计量不同（相对时延 vs 位置），已知 K vs 未知 K，且其成立依赖""紧邻接收机、幅度差异可忽略""与""信号有时间结构可供功率分布对齐""两条本项目不具备的前提。若要借其思想，需要把观测从实数功率谱改为复数相干观测、把代价矩阵从""时间轴平移代价""改为与跨站几何相关的代价、并重新论证可辨识性，属需重推适配，且核心假设需替换而非微调。(3) 是否压缩创新空间：压缩""把逐源时频分配（软权重）与逐源定位参数放进同一个优化问题联合求解、用交替优化求解""这一模式在信号处理文献中的先例性——本项目不能再仅以""联合优化逐源权重与位置""本身作为创新点，必须说明差别：R21 的联合优化在非相干功率谱域、以时间轴对齐为物理基础、且 K 已知且固定；本项目需要在相干接收模型上做联合优化，并且要把逐源权重与源数 K 的判定、频带占用解耦。另一方面，R21 恰好提供了一个可直接对照的反例来支撑本项目的论证：它在时间轴上构造了逐源逐频点的软分配矩阵，却只把它用于估时延和分离，从未把""该源在频率维上的质量分布""解释为逐源频带占用，也从未让频率分配反过来塑造几何估计的精度目标——这与本项目""把逐源频率权重与定位损失闭环起来""的候选贡献形成明确的空白区。(4) 可借鉴机制与须避开的陷阱：可借鉴——① 带两个边缘约束的运输计划 M_k^{f,ℓ}（M1=s_k^(1)、M^T1=s_k^(ℓ)）是构造""逐源、逐频点、逐时间帧软权重""的一种现成形式，其边缘约束恰好保证各源权重之和复现总谱，可用于本项目逐源频率权重的参数化（可把它放宽为非负加性权重并加正则）；② 交替优化路线（对权重子问题线性、对定位参数子问题二次且可解析求解，并援引已知命题给收敛保证）可作为本项目""频率权重 ↔ 位置""联合优化的求解模板；③ 式(4) 用二次形式 ((t_i−t_j)−τ)² 而非绝对差，使参数子问题成为可解析求解的二次规划——这种""目标函数形式决定子问题可解性""的设计取舍值得在本项目设计频带—位置耦合损失时借鉴；④ 论文自陈的失败模式""没有额外约束时噪声会被并入运输计划并进入重建结果""（第 224 页）应作为本项目的设计约束：本项目的逐源频率权重必须显式加入抑制噪声/伪峰的项（例如频带占用的稀疏先验或对非占用频点的抑制），否则弱源与伪峰的能量会被吸收进权重；⑤ 定量现象值得引以为戒：OT 类软分配方法在极低 SNR 下优于互相关类方法，但在高 SNR 下留有约 0.06–0.17 的误差下限（互相关法趋于 0），说明""软分配 + 联合优化""以峰值精度换取低 SNR 稳健性——本项目若采用软权重方案，需要评估并报告该偏差地板的量级。必须避开——① 把""功率谱可加 + 时延等于功率分布时间平移""直接搬到相干 RF（同频带相干源的交叉项不可忽略、平稳信号的功率分布不可对齐、且丢掉了本项目最主要的跨站相位信息）；② 忽略通道间幅度差异（脚注 1、脚注 3 的假设在四站分布式场景不成立）；③ 需要已知 K 的问式(5) 结构（本项目未知 K，不能沿用逐源质量守恒约束的形式，需要改成可增删槽位或先估计 K）；④ 用仿真单一几何（2×2、紧邻、2 s 语音）的结果作为同类基线精度。","摘要与索引词（问题定位：分离 + TDOA + 最优传输）：第 221 页。图 1 源功率谱与两接收机混合的示意（含""两个源、两个接收机、不同到达时间、补零到 2 s""说明）：第 221 页。引言（引言中对 ICA/NMF、深度学习分离、GCC/GCC-PHAT 的批评与 OT 框架来源[16]）：第 221–222 页。信号模型式(1)、功率谱图定义、脚注 1（幅度差异小、麦克风紧邻）、脚注 3（把源谱定义为参考麦克风处无噪版本）：§II，第 222 页。加性近似式(2) 与""不同源统计独立""的说明：第 222 页。最优传输基础式(3)：§III，第 222 页。方法总述（频点列向量、运输计划 M_k^{f,ℓ}、可行性约束、代价式(4)）：§IV，第 222 页。联合优化问题式(5)、双凸性论证、块坐标下降、对 τ 的二次规划解析求解、收敛性引用 [16, Proposition 2]、重建式(6)：第 223 页。Algorithm 1（Block Coordinate Descent）：第 223 页。图 2 TDOA RMSE 曲线（GCC-PHAT、MCCC 对比，分数延迟）：第 223 页。实验设置（2×2 源—接收、一男一女语音、2 s、8 kHz、Hann 窗 256/hop 200/FFT 256、100 次 Monte Carlo、时延随机初始化）：§V，第 223 页。式(7) RMSE 定义与 GCC-PHAT/MCCC 基线来源[9][10][20]：第 223 页。图 3 重建误差与式(8) S_err、FDICA/MNMF/Delay-and-Sum 基线[21]–[23]：第 224 页。图 4 ΔSDR 与式(9) 定义、多通道维纳滤波重建[5]：第 224 页。作者关于""噪声被并入运输计划""""精度受 STFT 时间分辨率与收敛容差影响""""未来工作用非平衡最优传输[24]""的陈述：第 224 页。结论（多步优化、块坐标下降、在真实语音数据上表现良好、为真实混响环境与麦克风阵列奠定基础）：第 224–225 页。参考文献列表：第 225 页。论文未见表格；定量结果均以图 2–图 4 给出，而图中数值未以表格形式列出（上述数值为按图 2–图 4 曲线读取的近似值，论文正文未给出逐点数字）。"
"R22","Pairwise Neural Cross-Correlation for Accurate Estimates in Low SNR","Dominguez（Miguel Dominguez，单作者，Metrea Advanced Signals），IEEE MILCOM 2025（2025 IEEE Military Communications Conference），Track 5: Machine Learning for Communications and Networking，第1327–1334页，DOI 10.1109/MILCOM64451.2025.11310590","作者提出 Pairwise Neural Cross-Correlation（PNCC）损失：不做「真值互相关信号」的监督，而是让一个 U-Net 型变换网络 T(·) 对两路含噪 IQ 分别变换，使变换后信号与未变换信号在真值参数 λ 处互相关最大；在时延、多普勒频移、盲载频三项估计任务及一个 TDOA/FDOA 定位仿真中，互相关模式（CC）下时延 MAE 降低 49.4%、多普勒 27.2%、盲载频 76.3%，TDOA 定位 MAE 降低 22.8%，FDOA 速度 MAE 降低 1.57%。","研究对象的信号是单发射源、单天线的成对接收信号（pair of signals），即同一辐射源在两个接收位置上的两次观测。任务限定为三个标量参数估计：时延（time delay）、多普勒频移（Doppler shift）、盲载频（blind carrier frequency）。下游 TDOA/FDOA 仿真中几何为 4 个接收机、1 个发射源（表III，第1332页），接收机位置假设误差为零（「which we assume to be error-free」，第1333页）。应用背景为 TDOA/FDOA 地理定位与测速、信号解调与调制识别（§I，第1327页）。关键约束：波形未知但属于给定的 8 类教科书调制之一；源数为 1，不存在同频多源共存或源间干扰建模；Rician 衰落对三种信号版本独立施加（第1330页步骤7）。","输入是原始复数 IQ（raw I/Q）。每个信号 32768 个时间步（表I，第1329页；表III，第1332页），采样频率 2 MHz（TDOA/FDOA 仿真）。成对模型为式(1)：λ̂ = argmax_λ |α_1^T g(α_2, λ)|，其中 α_1、α_2 为复信号，g 为对齐函数。式(2)给时延版本（DFT 域 α_1[f] = X_1*[f]、α_2[f] = X_2[f]、g(α[f], λ̂) = α[f]e^{2πjλ̂f}）；式(3)给多普勒版本（时域 α_1[t] = x_1*[t]、α_2[t] = x_2[t]、g(α[t], λ̂) = α[t]e^{-2πjλ̂t}）；式(4)给盲载频（α_1[t] = x_1[t]、α_2[t] = 1、g(α[t], λ̂) = α[t]e^{-2πjλ̂t}）。λ 采用「归一化 Hz」（连续信号频率与采样频率之比，脚注1，第1327页）。生成流程（第1329–1330页）：8 类调制（BPSK, QPSK, 8-PSK, π/4-DQPSK, MSK, QAM16, QAM64, QAM256）随机比特流 → 根升余弦脉冲成形（MSK 除外，β 随机）→ 非整数符号周期的多级插值/抗混叠/抽取 → 基带 → 乘 e^{2πjf_c t} 得通带 → 分别再加多普勒 e^{2πjf_ds t}、或时延（频域乘 e^{-2πjτf} 后 IFFT）→ 加平衰落 Rician 响应（正弦和模型）→ 按指定 SNR 独立加 AWGN。未知量包括时延（非整数采样，±30）、多普勒（归一化 ±2.1e-6 Hz）、载频偏移（归一化 ±0.2）、Rician K 因子与正弦波数、SNR（−20 至 20 dB）、符号周期与 β；波形本身不是被估计的对象。","论文回避未讨论。论文全篇以单源单参数（一个时延/一个多普勒/一个载频）估计为前提：TDOA/FDOA 仿真数据集参数表（表III，第1332页）明确给出 # of Receivers = 4 与 # of Emitters = 1，且成对处理的对象是「同一源在两天线/两接收机的两次观测」（§IV-B，第1332页）。全文没有 K 或源数的符号，没有模型阶数估计、也没有取峰后确定源数的后处理讨论。CC 模式下的 argmax 只是在 16384 个假设 λ 上取单峰（§IV 模式2，第1330页），不是多源取峰。","整体是「学习式成对前端 + 物理/TDOA 后端」的两段结构，核心是损失设计而不是网络结构。
1. 交叉相关损失（§III-A，第1329页）：先把 α_1、α_2 按 ℓ2 范数归一化（式(7) R^norm = |(α_1/‖α_1‖)^T g(α_2,λ)/‖g(α_2,λ)‖|），即带绝对值的余弦相似度，取值 0（不相关）到 1（完全相关），再取 1 减之得「余弦距离」损失（式(8) L = 1 − R^norm）。
2. PNCC 损失（式(9)，第1329页）：L_PNCC = L_{α1, T(α2)} + L_{T(α1), α2}。关键机制是「变换后信号与未变换信号互相关」，而不是两个变换后信号互相关——作者明确说明这样可防止优化器学到「把信号信息全部丢弃」的平凡变换（第1329页 §III-A 末）。这一点是相对既往做法（定义真值互相关信号来监督去噪，如 [18][21]；或把真值互相关定义为以参数峰为中心的高斯序列，如 SyncNet [20]）的主要差异：本文认为不需要构造真值互相关标签，只需在真值 λ 处最大化互相关幅度即可（§I，第1328页）。
3. 网络结构（§III-B，第1329页）：Transform Network 为 U-Net [26] 的 1D 改造版——3×3 2D 卷积换成 9×1 1D 卷积（补齐以保持长度）、2×2 2D 最大池化换成 4×1 1D 最大池化、每层卷积核数量减为原来的四分之一；输入 2 通道（原始 IQ 的实部与虚部），输出 2 通道并重组为复信号。Predictor Network 沿用文献[4]（调制分类）中表II–IV 的网络结构，仅把 Batch Normalization 换成 Layer Normalization [28]；输入 4 通道（T(x_1) 与 T(x_2) 的实部与虚部），输出单个 λ̂。两个网络输出经 sigmoid 并按式(10) y_scaled = 2s(σ(y) − 0.5) 缩放到 [−s, s]：变换网络 s = 1；预测网络在时延任务 s = 30 采样（对应 2 MHz 下相距 4500 m 的两个目标）、多普勒 s = 2 × 10⁻⁶ 归一化 Hz（对应相对速度至多 300 m/s）、载频 s = 0.2。盲载频任务中省略 T(α_2)，因为第二路信号恒为全 1 向量、方差为零会导致批归一化数值不稳定（第1329页 §III-B 末）。
4. 两种评估模式（§IV，第1330页）：Point 模式直接用网络点估计 λ̂；CC 模式把 T(·) 施加到一对信号上，在 16384 个线性间隔的假设 λ ∈ [λ_min, λ_max] 上做互相关并取 argmax。
5. 下游物理求解（§IV-B，第1333页）：先用网络得到每对接收信号的时延，组成 R×R 的 Λ̂_td，再用式(11) x̂ = argmin_x SmoothL1(Λ̃(x)_td, (C/F_s)Λ̂_td) 在 10^5 个 Sobol 序列采样的随机源位置上搜索；FDOA 类推，用式(12)（u_i = (x − r_i)/‖x − r_i‖、Λ̃(v|x)_ds 的成对相对速度表达式）在 10^5 个 Sobol 采样的速度向量上搜索，并假设真实位置 x 已知。","条件适用（仅限单源、且仅限「成对同一源两次观测」这一输入形态）；输入信息层级：原始复数 IQ（每个信号 32768 个时间步，含噪声、Rician 衰落、可能的多普勒与时延）。判定的依据：Transform Network 的输入确实是 2 通道原始 IQ（第1329页），输出也是信号级变换，故它属于「学习中间统计 + 物理后端」这一类的 RF 实现，且下游用的是显式 TDOA/FDOA 几何求解器（式(11)(12)）而非纯回归网络。失效条件：(1) 训练与评估全程只有 1 个发射源（表III # of Emitters = 1），两路信号的差异只来自时延、多普勒、衰落与噪声，不存在第二个同频源的干扰分量；PNCC 的监督是在「真值 λ」处最大化互相关，若观测中叠加了一个同频异源分量，该监督与该分量的存在直接冲突（模型没有区分「本源的时延峰」与「他源的时延峰」的机制）。(2) 时延/多普勒的假设区间由已知先验给出（时延 ±30 采样、多普勒 ±2.1e-6 归一化 Hz，表I），搜索区间 λ_min/λ_max 需外部指定。(3) 只有 4 接收机、1 源的 TDOA 仿真，未测试多源、未测试 4096 点量级的短观测（本文为 32768 点）。(4) FDOA 求解假设真实位置已知，属理想化。","全部为仿真，无实测数据。数据集：8 类调制、65000 个信号（表I，第1329页），训练/验证/测试 = 80%/10%/10%（第1330页）；每个信号 32768 时间步。表I 生成参数范围：符号周期（非整数采样）2–30；滚降 β 0.1–1；SNR −20–20 dB；Rician K 因子 −∞–10 dB；Rician 正弦波数 8–20；Rician 多普勒（归一化 Hz）±5 × 10⁻⁸；时延（非整数采样）−30–30；载频偏移（归一化 Hz）−0.2–0.2；多普勒频移（归一化 Hz）±2.1 × 10⁻⁶。TDOA/FDOA 数据集：10000 个信号，采样频率 2 MHz，4 接收机，1 发射源（表III，第1332页）；球坐标位置半径 0–3000，速度半径 0–300（仅 FDOA），半径按 10 为底对数采样，Z 轴以下位置被截断到 0；下游定位用 10^5 个 Sobol 序列采样点。训练：100 epoch，AdamW [32]，初始学习率 0.0001，验证 MAE 连续 25 个 epoch 无改善则减半，批大小 128，变换信号在进入 PNCC 损失前加 50% dropout [33]（第1330页）。对比方法：Baseline（只训练 Predictor Network 用 Smooth L1 回归，无变换网络）、NREG（有 T(α) 但只按回归损失优化，无互相关引导，类比 Berg 等 [19]）；NREG 与 PNCC 结构与权重量完全相同（第1330页）。评价指标：MAE（时延以采样为单位、多普勒与载频以归一化 Hz 为单位）、TDOA 定位 MAE（米）、FDOA 速度 MAE（米/秒）。","1) 参数估计总表（表II，第1330页）：时延 MAE 总体值 Baseline-Point 5.577、NREG-Point 4.782、PNCC-Point 3.800，Baseline-CC 0.4399、NREG-CC 6.159、PNCC-CC 0.2227；作者对应结论是互相关模式时延 MAE 相对 Baseline-CC 降低 49.4%（摘要，第1327页；由表中 0.4399 → 0.2227 可复算）。摘要同时给出多普勒频移 MAE 降低 27.2%、盲载频 MAE 降低 76.3%（第1327页）；表II 中 Doppler 与 Carrier Frequency 两个 MAE 分组的逐格数值在渲染图像中存在列对齐重叠，无法逐格可靠确认，故此处不引用其单元格数值，仅引用摘要给出的百分比。2) NREG 的负结果（第1331页 §IV-A）：NREG-CC 的互相关信号在所有任务上都比未处理信号更差，时延 CC MAE 6.159 明显大于 Baseline-CC 0.4399、也大于 NREG-Point 4.782；作者解释为「回归损失只把变换当作提高点估计精度的手段」，不保证变换后的互相关峰接近真值。3) 按 SNR 分解（图2(a)(b)(c)，第1330页）：时延任务中 PNCC-CC 在大多数 SNR 下误差低于其他所有方法；多普勒任务中 PNCC-CC 在低 SNR 优于 Baseline-CC、在高 SNR 与之相当；载频任务不同，因未变换信号的互相关在低 SNR 无信息、DFT 取峰即使在较高 SNR 也常偏离真实载频，故点估计器整体明显更准，NREG 在高 SNR 反而最好（第1331页）。4) 互相关形状的定性证据（图3，第1331页）：−15 dB QPSK 时延与载频、−20 dB 多普勒的互相关曲线中，PNCC 在真值附近形成可见峰，NREG 的变换「扭曲信号但不在真值处鼓励峰」；图4（第1332页）显示 PNCC 的时延变换信号比含噪基线更接近真值干净信号。5) 下游 TDOA/FDOA（表IV，第1332页）：TDOA 定位 MAE（米）Baseline-Point 434.5、NREG-Point 417.4、PNCC-Point 371.2、Baseline-CC 219.1、NREG-CC 445.6、PNCC-CC 169.1；FDOA 速度 MAE（米/秒）142.7、140.6、141.6、107.7、132.1、106.0。作者据此声称 TDOA 定位 MAE 相对基线（互相关模式）改善 22.8%、FDOA 速度 MAE 改善 1.57%（第1333页；两个数字可由表IV 复算）。不成立/未测试的范围：FDOA 改善被作者自评为「likely smaller」并解释为 FDOA 同时含时延与多普勒、而该任务只估计多普勒、从而给所有估计都加了噪声（第1333页）；点估计模式在载频任务上优于互相关模式（第1331页）；未测试多源、未测试非 4 接收机、未测试真实信号。","代码公开：https://github.com/WDot/pncciq（第1328页 §II 前）。数据集为自建仿真数据，生成流程与参数范围在表I、表III 与第1329–1330页分 9 步给出，但论文未说明数据集本身是否随代码发布。训练超参数给全（100 epoch、AdamW、1e-4、25 epoch 减半、批 128、50% dropout、80/10/10 划分）。Predictor Network 的结构并未在本论文中重述，而是引用文献[4] 的表II–IV，需查原文才能复现；Transform Network 的 U-Net 改造（9×1 卷积、4×1 池化、通道数减至四分之一）只给相对描述，未给具体层数/通道数/参数量。互相关模式的 λ_min、λ_max 具体取值与 16384 点网格的生成方式未显式给出；Sobol 采样点 10^5 的随机种子与收敛性未讨论。作者自评局限：FDOA 改善幅度小的原因（第1333页）；载频任务中 DFT 取峰在即使高 SNR 也不精确（脚注2，第1327页）。","第一层（作者结论，§V 第1333页）：PNCC 能把原始 IQ 变换成「互相关峰更接近真值」的形式，在低 SNR 下产生可见峰，从而在时延、多普勒、盲载频三项估计上显著降低 MAE；更准的估计又降低了 TDOA/FDOA 仿真的定位与测速误差；PNCC 无需真值互相关监督即可得到更干净的互相关这一事实「significantly beyond mere time savings」。第二层（实验实际支持的结论）：在自建的单源、8 类调制、32768 点、SNR −20–20 dB 仿真上，且在与 Baseline/NREG 同构同权重的受控对比下，PNCC 损失确实优于纯回归监督，并且这种优势在互相关模式下比在点估计模式下更明显；TDOA 定位 MAE 的 22.8% 改善在 4 接收机 1 源、接收机位置精确已知的条件下成立。外推限制：结果不涉及任何多源/同频共存情形（数据集 # of Emitters = 1）；盲载频任务的结论方向与其余两项相反（点估计优于互相关、高 SNR 下 NREG 最好），不能概括为「PNCC 在一切任务上都更好」；FDOA 的 1.57% 改善幅度很小且作者自己给出解释性说明，不宜作为强结论。","1) 提出并验证了一种不需要真值互相关标签的训练目标：只需在两路信号各自的变换版本与对方未变换版本之间最大化互相关幅度（式(6)(9)），并给出了防止平凡解的理由（第1329页）。这与「构造真值互相关信号做去噪监督」[18][21] 和「用高斯峰序列定义真值互相关」[20] 有实质区别。2) 给出了「变换网络 + 预测网络」的双网络可解释架构，并用 NREG（同结构同权重、仅换损失）这个严格受控的消融证明收益来自损失设计而非参数容量（§IV，第1330页）。3) 用图3、图4 提供了机制层面的定性证据（变换后互相关峰的形态、变换后时域波形与真值干净信号的接近程度），而非只报 MAE 数字。4) 把估计器接入显式 TDOA/FDOA 几何求解器（式(11)(12)），证明前端时延估计的提升可传递到下游定位，且给出了可直接复算的 22.8% 改善。","1) 全篇只有单源：TDOA/FDOA 数据集 # of Emitters = 1（表III，第1332页），成对观测中的两路信号始终来自同一源，两路信号之间没有第二个同频源的干扰项；因此本文对「学习式相关前端能否在混叠多源下工作」这一问题没有提供证据，其损失设计（在真值 λ 处最大化互相关）在多源下缺少与源身份对应的机制。2) 无实测数据、无真实信道采集：Rician 衰落用正弦和模型生成、噪声为 AWGN，未覆盖实测中常见的非平稳干扰、同信道干扰与硬件失真。3) 下游定位实验的绝对误差量级很大（TDOA MAE 169–445 m，位置半径上限 3000 m），且 FDOA 一步假设真实位置已知、接收机位置假设无误差（第1333页），这些理想化未做敏感性分析。4) 关键表格的可核查性不足：表II 的 Doppler 与 Carrier Frequency 两个 MAE 分组的数值在论文版式中发生列压缩/重叠，读者难以逐格核对；同时 Predictor Network 结构需转引文献[4] 才能复现。5) 结果中「互相关模式全面更好」的表述与载频任务的实测结论（点估计更准、高 SNR 下 NREG 最好）不完全一致，论文虽承认但未给出统一解释。","这是一篇把「损失函数设计」作为主要创新点、并用严格消融支撑其主张的工作，问题定位清楚且工程价值明确：在低 SNR 下让学习网络直接产出「可用于相关性检测」的信号形态，避免构造真值互相关标签这一额外工程负担，思路是站得住的；同结构同权重的 NREG 对照使「收益来自损失而非容量」这一关键归因可信，图3/图4 的机制性证据也补足了纯指标论证的不足。创新程度属于中等偏工程：本质上是在已有「学习式去噪 + 相关」范式上换了监督信号，且该监督信号本身需要真值 λ，因此对参数先验仍有依赖（时延/多普勒搜索区间需外部给出）。证据强度受限的最主要一点不是指标大小，而是任务空间太窄——单源、单参数、无同频共存、无实测，这使得其结论无法自然迁移到多源混叠场景。综合看，作为「学习式相关前端」的代表性工程文献值得引用，但不宜用作同条件基线，也不足以支撑「学习式前端可替代或增强多源定位」这一类更强的主张。","(1) 覆盖程度：不覆盖。本文处理的是「单个源在噪声与衰落下的参数（时延/多普勒/载频）估计」，并把结果送进 4 接收机 1 源的 TDOA/FDOA 求解器；本项目要处理的是同一频带内 K 个混叠源、未知 K、逐源频段与位置的联合恢复。两者输入虽同为原始 IQ，但前者没有源数、源分离与逐源频率归属这三个概念中的任何一个。(2) 同条件基线：不能直接作为基线。其输入形态（成对信号、同一源）与本项目（四站同步、混合 IQ）不同；若要在本项目的 K=1 分支上比较，需要重新定义「成对」——本项目的 4 站恰好给出 R(R−1)/2 = 6 对，与本文的成对框架形式上匹配，但本项目的 K=1 分支定位暂为空接口，且观测只有 4096 点量级而本文为 32768 点，需重推观测长度与 SNR 的对应关系。在多源（K ≥ 2）分支上无法直接使用，因为本文没有源身份标签机制。(3) 是否压缩创新空间：压缩一条，且必须明确记录——「学习一个前端把 IQ 变成对相关/物理求解更有利的表示，再由显式物理后端求解」这一范式在 RF/被动定位领域已有实现（本文即为一例，另有其引用的 [16][18][19][20][21]），因此本项目不能把「学习中间统计 + 物理求解」本身作为创新点；但本文只在单源条件下成立，本项目主张的「在短混合观测下为每个源学习独立的定位用频率权重」这一条并未被压缩（本文连频率维度都没有，载频只是被估计的标量参数）。(4) 可借鉴的机制：· 「只用真值参数处的互相关幅度做损失、不构造真值互相关标签」这一思路可迁移——本项目若要在频域为每个源构造定位用权重，可以避免构造「理想空间谱」标签，而直接以「真实源位置的 DPD 谱值相对其他位置最大」这一类对比式损失来监督，降低标签工程负担；· 「变换后信号与未变换信号互相关」的反对称式配对，用来防止网络学到丢弃信息的平凡变换，可用于本项目频率权重生成分支的正则化设计；· 用 NREG（同结构同权重、只换损失）做受控消融，是本项目验证「逐源频率权重是否真有独立价值」时可照搬的实验设计（对应简报 1.3 要求的「相对于公共选频的独立价值」验证）；· 图3/图4 式的机制性可视化（展示中间统计的形态），可作为本项目展示逐源频率权重形态的证据形式。必须避开的陷阱：· 不得把本文的「低 SNR 下互相关可见峰」推广为「混叠多源下峰值可分」——本文的峰是单源峰，不存在峰归属问题；· 其监督需真值 λ 且搜索区间需给定，多源场景下等价物（每个源的时延/频率先验）并不存在，本项目必须避开对逐源参数先验的依赖；· 本文的评估是 MAE 标量指标，本项目需要的「频率—源—位置对应」正确率类指标不能沿用其指标体系。","摘要第1327页（49.4%/27.2%/76.3% 与 22.8%/1.57% 的百分比声明、PNCC「explainable」动机）；§I 第1327页（式(1)(2)(3)(4)、归一化 Hz 定义见脚注1、DFT 取峰在高 SNR 亦不精确见脚注2）；§I 末段与§II 第1328页（PNCC 的核心主张、式(5)(6)、代码链接 https://github.com/WDot/pncciq、对真值互相关监督方法 [18][20][21] 与 Berg 等 [19] 的评述）；图1 第1328页（训练架构，绿色虚线优化 PNCC 损失、橙色虚线优化 Smooth L1 损失）；§III-A 第1329页（式(7)(8)(9) 与「变换后 vs 未变换」防平凡解的论证）；§III-B 第1329页（式(10)、U-Net 三点改造、Predictor 换 LayerNorm、s = 30 / 2×10⁻⁶ / 0.2 的取值理由、盲载频省略 T(α_2) 的原因）；表I 第1329页（时延数据集生成参数）；第1329–1330页 9 步信号生成流程与 80/10/10 划分；§IV 第1330页（Baseline/NREG/PNCC 三者定义、Point 与 CC 两种模式、16384 个假设 λ、100 epoch/AdamW/1e-4/25 epoch 减半/批 128/50% dropout）；表II 第1330页（各任务 MAE 总表）；图2(a)(b)(c) 第1330页（按 SNR 分解的 MAE）；§IV-A 第1331页（时延与多普勒的结论、载频任务的相反结论、NREG-CC 更差的原因解释）；图3 第1331页（−15 dB QPSK 时延与载频、−20 dB 多普勒的互相关示例，红线为真值、点线为估计峰）；图4 第1332页（−15 dB QPSK 的去噪变换波形）；§IV-B 第1332页（TDOA/FDOA 仿真动机、球坐标生成、半径对数采样、Z 轴截断）；表III 第1332页（# of Receivers = 4、# of Emitters = 1、2 MHz、10000 信号）；表IV 第1332页（TDOA/FDOA MAE）；图5(a)(b) 第1332页（TDOA 定位 MAE 按 SNR 与按距离）；式(11) 第1333页（TDOA 定位目标函数、接收机位置误差为零的假设）；式(12) 第1333页（FDOA 速度目标函数、真实位置已知的假设）；第1333页（22.8% 与 1.57% 的复算基准、FDOA 改善偏小的解释）；图6(a)(b)(c) 第1333页（FDOA MAE 按 SNR、距离、相对速度）；§V 第1333页（结论）；参考文献[4][19][20][21][26][28][30][31][32][33][34] 第1333–1334页。"
"R23","Direct Position Determination Method Based on Sparse Spectrum Data","Zhang Y., Yao Z., Wu G., Guo F., Li X., Zhang M., IEEE International Conference on Acoustics, Speech and Signal Processing (ICASSP)，2026，第 21601–21605 页（DOI 10.1109/ICASSP55912.2026.11462936；张远与姚子涵为共同第一作者，吴国洲为通讯作者）","针对 DPD 需要把各站原始信号全部回传中心站、实时性受限的问题，作者提出 SSD-DPD：各站只保留频谱中承载 η 比例能量的一段连续谱线（能量保留率 η 可预设，谱线保留比例记为 β = k_m/N），把压缩后的稀疏谱 ỹ_m 直接送入以最大特征值为代价函数的 DPD 搜索，从而在几乎不损失定位精度的前提下把数据传输量降至 1%–20%、计算时间降至 10%–50%；仿真还报告当 η 接近但不等于 100% 时定位 RMSE 反而略优于 η = 100% 的常规全谱 DPD，作者将其归因于压缩过程起到了带通滤波去噪作用。","对象为单个非合作辐射源（uncooperative source）在二维平面上的被动定位，源静止于未知位置 u₀ = [x, y]^T，维度 d = 2（论文称可直接推广到 3-D）。几何配置为 M 个空间分离的传感器（文中记作「K = 5 sensors」，注意此处的 K 是传感器数，不是源数）外加一个中心处理站（Fig. 1、Fig. 2）。关键约束与假设：传感器位置 p_m 与速度 v_m 精确已知；各站沿视距（LOS）接收；窄带信号（B_w ≪ f_c），多普勒频移可近似为常数；以 1 号传感器的无噪信号为参考做相对建模；各站噪声独立、与信号独立，方差 σ_m²。应用背景为 Starlink 一类多传感器系统与电子侦察中的实时处理与传输带宽受限问题。","发射信号 s(t) = x(t)e^{j2πf_c t}（式(1)），x(t) 为观测者未知的基带包络。第 m 站接收信号 r_m^o(t) = a_m x(t − τ_m^o)e^{j2π(f_0 + f_m^o)t}（式(3)），其中 τ_m^o = ‖u₀ − p_m‖/c 为传播时延，f_m^o = f_c·v_m^T(u₀ − p_m)/(c‖u₀ − p_m‖) 为多普勒频移（式(2)）。以 1 号站为参考改写：r_m(t) = b_m r_1^o(t − τ_{m,1}^o)e^{j2πf_{m,1}^o t} + w_m(t)（式(4)），b_m = a_m/a_1 为相对复增益，τ_{m,1}^o = τ_m^o − τ_1^o，f_{m,1}^o = f_m^o − f_1^o。以采样率 f_s 离散化得 N 点向量（式(5)）：r_m = b_m D_f(f_{m,1}^o)F^H D_τ(τ_{m,1}^o)F r_1^o + w_m，其中 F = (1/√N)e^{j2πnm^T/N}，D_f = diag{e^{j2πf_{m,1}(N/2+n)}}，D_τ = diag{e^{−j2πf_s n τ_{m,1}/N}}（式(6)），n = [−N/2, −N/2+1, …, N/2−1]^T。做 DFT 得式(7)(8)：y_m = b_m D_τ F D_f F^H s + w_m = b_m G_m s + w_m，G_m ≜ D_τ F D_f F^H（式(9)）。观测域为**频域**（各站 N 点 DFT 后的谱向量），未知量为位置 u、参考站无噪信号（等价于未知波形 s）、相对复增益 b_m 与噪声方差 σ_m²。论文未给出 N 的具体数值、也未给出快拍／分段数与采样率 f_s 的具体数值（论文未说明）。","论文回避未讨论。全文按单源建模：u₀ 为单一位置向量（第 21601 页 §2 与第 21603 页 §4.1「The source position is set at u₀ = [−50, 0]^T m」均只有一处坐标），代价函数只用最大特征值 λ_max(A Y Y^H)（式(20)），即隐式假定只有一个主导源；论文没有出现源数估计、模型阶数选择、阈值取峰个数或类 MDL 的任何内容，也没有说明当存在两个以上源时式(20) 如何扩展。注意符号冲突：文中 K 表示传感器个数（「a total of K = 5 sensors exist in the system」），不表示源数。","三步。第一步，压缩建模（§3.1）：定义 k_m × N 的**选择矩阵** Φ_m = [0_{k_m×(k_{m,1}−1)}, I_{k_m×k_m}, 0_{k_m×(N−k_{m,2})}]（式(11)），即只保留谱上第 k_{m,1} 到第 k_{m,2} 这一段**连续**谱线；压缩后观测 ỹ_m = Φ_m y_m = b_m G̃_m s̃_m + Φ_m w_m（式(10)），参考站压缩谱 s̃_m = Φ_m s（式(12)），频域算子压缩为 G̃_m = Φ_m G_m Φ_1^T（式(14)）。选频规则是本方法的操作核心：「the compression matrix Φ_m can be determined by each sensor based on the spectral characteristics of the intercepted signals and the preset energy retention rate η」，即按谱能量从大到小累计，保留到累计能量占比达到 η 为止，因此 η 是从 0% 到 100% 的预设旋钮，常规全谱 DPD 对应 η = 100%；由此定义谱线保留比例 β = k_m/N（k_m = k_{m,2} − k_{m,1} + 1），β 就是实际的数据压缩率。第二步，代价函数（§3.2）：由式(8)(10) 得跨站关系 ỹ_m = b_m G̃_m ỹ_1^o + w̃_m（式(13)），写出对数似然式(15)；把 b_m 用式(17) 的 ML 解 b̂_m = ((ỹ_1^o)^H G̃_m^H ỹ_m)/‖ỹ_1^o‖² 代回，未知参考信号 ỹ_1^o 用 Rayleigh 商（式(18)）消掉，得到式(20)：C'_DPD(u) = λ_max(A Y Y^H)，其中 Y = [ỹ_1, G̃_2^H ỹ_2, …, G̃_M^H ỹ_M]^T，A = diag{1/σ_1, …, 1/σ_M}（式(19)），位置估计为式(21) û = arg min_u λ_max(A Y^H Y)。关键机制有两个：(a) 未知波形与未知复增益通过「参考站+相对增益+Rayleigh 商」被解析消掉，不需要已知源信号；(b) 压缩后 Y Y^H 的维数由 N 降到 k_m，论文称其非零特征值与 Y^H Y 相同，因而计算量大幅下降。与已有方法的主要差异：不改变 DPD 的判据形式，只把输入域从全谱改为稀疏谱，并把「保留多少谱」变成一个可预设的数据率参数；与 Weiss 的一比特量化 DPD（参考文献 [21]）同属「降低回传数据量」这一思路，但前者是量化，本文是选频截断。注意式(20) 写 A Y Y^H 而式(21) 写 A Y^H Y，两式矩阵次序不一致，正文仅解释「Y Y^H 的非零特征值与 Y^H Y 相同」；另外式(20) 下方出现的 X X^H 中的 X 在全文中未见定义。此外论文明确「signal reconstruction provides no additional information gain」，因此不做信号重构。","需重推适配；输入信息层级：原始混合 IQ 的频域变换（各站 N 点 DFT 后的复谱向量 y_m，经选择矩阵压缩），未经过时延／AOA／协方差等中间统计提取，因此信息层级与本研究接近。触发该判定的具体条件与失效点：1. 单源假设——式(20) 取最大特征值、u₀ 只有一个，本项目 K=2/3 时该判据不能直接给出多源集合，需改为取前 K 个特征值或逐源分解；2. 需要参考站无噪信号 ỹ_1^o 作桥梁，其被解析消去的方式依赖「各站接收同一波形、仅差时延与复增益」这一窄带模型，本项目各源波形未知且互相混叠，需重推；3. 选频按各站自身接收谱的能量排序，是**全局单源**规则——本项目多源混叠时，各源的占用频段不同，按总能量选出的连续谱段会同时包含多个源的成分，无法实现逐源保留；4. 论文的仿真用 BPSK 窄带信号（f_c = 1 GHz、IF f_0 = 10 MHz），未测试宽带或时频混叠信号；5. 多普勒项 f_{m,1}^o 依赖传感器运动（D_f 与 F D_f F^H 的相位斜变），本项目四站静止，可令 v_m = 0 使 G_m 退化为纯时延算子，但论文未讨论该退化情形的性能。","全部为自造仿真（无实测、无公开数据集；论文未给出代码或数据链接）。几何：源静止于 u₀ = [−50, 0]^T m，先验定位区域为以 u₀ 为中心的 500×500 m 方格；K = 5 个传感器位于 p₁ = [−1000, −1000]^T km、p₂ = [−1000, 1000]^T km、p₃ = [0, 1000]^T km、p₄ = [1000, −1000]^T km、p₅ = [1000, 1000]^T km，速度分别为 v₁ = [5, 5]^T km/s、v₂ = [0, 10]^T m/s、v₃ = [−5, 5]^T m/s、v₄ = [10, 0]^T m/s、v₅ = [0, 5]^T m/s（**注意论文中 v₁ 用 km/s 而 v₂–v₅ 用 m/s，单位不自洽，疑为排版笔误**）。信号：BPSK；射频载频 f_c = 1 GHz，下变频后中频 f_0 = 10 MHz。带宽：Table 1 中取 B = 1/2/5 MHz。能量保留率 η 从 0% 扫到 100%；图 4 给出 SNR = 0 dB 与 SNR = 10 dB 两条曲线。Monte Carlo 次数 N_m = 100。搜索策略：五级网格，Δx = Δy = [100, 10, 2, 0.1, 0.01] km（**与「500 m 见方的先验区域」及源坐标量级不自洽，单位疑应为 m**）。对比方法：只有「把原始信号直接回传的常规 DPD（η = 100%）」这一基线，无与其他 DPD 变体（如 MVDR-DPD、EM-DPD）或两步法的对比。评价指标：源位置 RMSE（m）；另外统计归一化计算时间与归一化数据传输量（Table 1）。论文未给出 N、f_s、σ_m²、网格收敛判据等参数（论文未说明）。","1) 压缩率（图 3，第 21604 页）：数据保留率 β 随能量保留率 η 单调上升，横轴 η 0—100%、纵轴 β 0—100% 对数坐标；可见 η = 50% 时 β 约 1% 量级、η = 90% 时 β 约 10% 量级（具体读数依对数坐标估计，论文未在正文给出数值表）。2) 定位精度（图 4，第 21604 页）：RMSE 随 η 与 SNR 上升而下降，η = 0 附近 RMSE 约 10² m 量级（SNR = 0 dB）与约 10¹ m 量级（SNR = 10 dB），η → 100% 时降至 10⁰ m 以下；论文指出「Notably, RMSE increases when η approaches or reaches 100%」，即 η 接近或等于 100% 时 RMSE 反而回升，作者归因为压缩等效带通滤波去掉了以噪声为主的谱段。这是本文与本研究最相关的定量结论，但只在单源、BPSK、五站运动平台、N_m = 100 的仿真下给出，且回升幅度未在正文给出数值。3) 传输与计算开销（Table 1，第 21604 页）：B = 1 MHz 时归一化数据传输量为 η = 50% 的 1.29%、η = 70% 的 1.96%、η = 90% 的 5.47%，归一化计算时间为 0.1064 / 0.1225 / 0.1715；B = 2 MHz 时为 2.73% / 3.91% / 8.14% 与 0.1385 / 0.1584 / 0.2873；B = 5 MHz 时为 6.53% / 9.91% / 19.56% 与 0.3342 / 0.3520 / 0.5030。即数据量与计算量都随 η 与带宽 B 增大而增大。4) 论文正文称「the proposed method can effectively achieve source localization」并称带宽 B 也影响定位精度（§4.2），但 Table 1 只给了开销、未给不同 B 下的 RMSE 数值对照，因此「带宽影响精度」这一说法在正文中没有对应的定量证据。5) 论文未给出任何多源实验、未给出错误峰／漏源统计、未给出与 CRB 的对比。","论文未说明是否公开代码或数据。超参数方面：η 扫描范围、SNR 两档（0/10 dB）、带宽三档（1/2/5 MHz）、Monte Carlo 次数（N_m = 100）、五级网格步长与站址／速度坐标均已给出；但缺失项较多——采样点数 N、采样率 f_s、噪声方差 σ_m²（各站 SNR 如何折算）、信号时长、η 的具体实现（如何从各站谱确定 k_{m,1}、k_{m,2} 的算法、是否允许两站截取不同谱段）、网格搜索的收敛判据与是否逐级细化，均未给出，足以影响逐点复现。作者自评的局限：第 21603 页写「compared to the conventional method, the proposed method experiences a marginal reduction in positioning accuracy due to information loss, yet it delivers enhanced data transmission and storage efficiency」，即承认有精度损失（但同页 §4.1 后文又报告 η<100% 反而精度更好，两处表述方向相反，论文未调和）；论文没有局限小节，未讨论多源、宽带、波形失配、同步误差等。","第一层（作者结论，§5 第 21604 页）：面向多站场景提出 SSD-DPD，仅用一小部分稀疏谱数据即可实现准确定位，在带宽受限条件下给出了 DPD 的可工程实现方案；理由是与常规 DPD 相比，SSD-DPD 在保持定位精度的同时降低了数据传输与计算开销，显著提升实时处理能力。第二层（实验实际支持的结论）：(a) 「选频压缩后定位仍可用」在单源、窄带 BPSK、五站、已知站址与速度、理想 LOS、仿真数据下成立，Table 1 的开销数字是全文最硬的证据；(b) 「选频（高但非 100% 的 η）能提升精度」仅有图 4 的曲线形状支持，论文未给回升幅度的数值、未给多次独立实验的置信区间、未给出机制的直接证据（未测噪声谱），因此只能视为作者主张而非已验证结论；(c) 「带宽影响定位精度」在正文中无数值证据；(d) 结论不能外推到多源时频混叠——论文既无相关实验也未给出判据的多源扩展，式(20) 的单特征值形式在结构上就不支持；(e) 所有结论都建立在「各站能自行判断哪些谱线属于目标信号」这一隐含前提上，而论文未说明该前提在多源混叠或干扰存在时如何满足。","1. 把「DPD 回传原始信号开销过大」这一实际问题形式化为频域选择压缩问题，给出式(10)–(14) 的压缩观测模型与式(15)–(21) 的代价函数，且压缩与判据在同一框架内闭合（含 G̃_m = Φ_m G_m Φ_1^T 的算子压缩）。2. 提出以**能量保留率 η** 为唯一旋钮的选频规则（β = k_m/N 为对应的数据保留率），把数据率与算法配置解耦，工程上易实施；这使其成为「公共选频」的一条现成、可复现的对照规则。3. 用 Table 1 给出带宽 B 与 η 两维下的归一化传输量／计算时间量化表（B = 1/2/5 MHz × η = 50%/70%/90%），为该方向的工程取舍提供了可引用的数据点。4. 报告了「稀疏谱压缩兼具带通滤波去噪作用、η 接近 100% 时精度回升」这一现象（作者解释，非严格证明），把「选频」的收益从省开销扩展到可能提升精度。","1. 全文只有单源：模型（式(3)(4) 只有一条传播路径）、代价（式(20) 只用最大特征值）、实验（源坐标只有一处）都不含多源，也没有任何把判据推广到多源的讨论；因此它无法回答「多个源各自占用不同频段时如何逐源选频」。2. 选频规则是连续谱段截断且按总能量排序（式(11) 的 Φ_m 为连续块选择矩阵），当多个源在带内互不重叠地占据多个分离谱段时，这条规则只能保住能量最大的那一段，天然会漏掉弱源——论文未讨论也从未测试该情形。3. 内部不自洽之处较多，削弱可信度：v₁ 用 km/s 而 v₂–v₅ 用 m/s；先验区域为 500 m 见方而网格步长写作 0.01—100 km；式(20) 与式(21) 的矩阵次序（Y Y^H 与 Y^H Y）不一致；式(20) 下方引用了未定义的 X；§4.1 先说「marginal reduction in positioning accuracy」后又说 η<100% 时精度更好，两处方向相反；正文提到「aligns with the data retention rate curves shown in Fig. 3」但图 3 是 β–η 曲线，与 RMSE 无直接关系。4. 对比基线薄弱且关键参数缺失：只与 η = 100% 的自身全谱版本比较，无与两步法（TDOA/FDOA）或其他 DPD 变体比较；N、f_s、σ_m²、η 的具体选取算法均未给出，图 3—图 4 与 Table 1 难以逐点复现。","问题选得准——DPD 要回传原始信号这个代价在多站系统里确实是落地瓶颈，把它转成频域选择压缩是一个自然且有工程价值的切入点；方法结构简洁，压缩算子与 DPD 判据在同一似然框架内推出，式(14) 的 G̃_m = Φ_m G_m Φ_1^T 使压缩与传播算子正确地耦合，这一点处理得比「先压缩再套用旧模型」的做法更严谨。但创新程度偏弱：核心机制（只回传部分频谱）与 Weiss 的一比特量化 DPD（参考文献 [21]）属同一类工程折中，判据本身仍是经典的最大特征值型 DPD，本文的增量主要是把量化换成了选频并加上一个 η 旋钮，属于参数化与工程优化而非新原理。实验证据强度明显不足：单一场景、单一波形、仅 100 次 Monte Carlo、只有自身基线对照、无 CRB 参照，而论文最吸引人的那句结论（η 接近 100% 时精度反而回升）只有一条曲线形状支撑且与同页另一处表述矛盾，Table 1 提供的是开销数据而非精度数据。加上多处单位与公式的不自洽，这篇 5 页会议论文更适合作为「选频压缩开销数据」的引用来源，而不宜作为「选频能提升定位精度」的结论来源。","(1) 覆盖程度：R23 覆盖了本研究「公共选频」这一对照支路的一部分，但覆盖得很浅且不含多源。它回答了「选频能不能省开销」（能，且给了 Table 1 的量化），也主张「选频能不能提精度」（能，但证据弱），但它完全不涉及源数 K、逐源频段归属、频率—源—位置对应，也不涉及学习。它把选频实现为单一连续谱段的全局能量排序截断，因此在本研究「同一频带内多源时频混叠」的主战场上是失效的——多个源分散在多个分离谱段时，这条规则只能保住能量最大的一段。(2) 同条件基线：可作为「公共选频」对照的**直接基线候选**（这是四篇里最接近本研究公共选频对照的一篇），但需要三处适配：把式(20) 的 λ_max 改为取前 K 个特征值或按源分解（否则无法处理 K=2/3）；把式(11) 的连续块选择矩阵换成逐源、可非连续的谱线选择（否则弱源被丢掉）；把式(15)–(18) 中「参考站无噪信号 ỹ_1^o 唯一」的假设改写为多源叠加，并明确各站 v_m = 0（本项目四站静止）时 G_m 退化为纯时延算子后的判据形式。适配后它就是一个很好的「公共选频 + 适用传统求解器」对照：η 扫描正好对应本项目「保留多少频带」的横轴。(3) 创新空间压缩：压缩明显，且压缩的正是本研究的候选贡献的第一半。它已经证明「按能量选频 + 传统 DPD 求解器」这条链路可行且能省 80%–99% 的数据量，还用图 4 主张选频本身可能带来精度增益——这意味着本项目不能再把「用部分频带/选频代替全带能保持或提升定位性能」当作新发现。真正未被压缩的是第二半：R23 的 η 是**全局单一标量**、选出的谱段是**所有源共用的连续段**、且判据与源数无关；本研究的核心主张是「逐源定位权重」——每个源有自己的权重、权重能区分同频带内不同源的贡献、权重由定位损失反向塑造。R23 的结构里不存在这个自由度，因此这条创新边界仍然成立，但**必须在与「公共选频」的对照实验中明确把 R23 的 η 式规则作为基线之一**，否则「逐源权重有价值」的论证是不完整的。此外，本研究若要用 R23 作为基线，还须避开一个陷阱：R23 的「η<100% 精度更好」来自压缩去噪，这与「逐源权重带来分辨增益」是两种完全不同的机制，报告时必须分开归因，不能让前者的增益被误记为后者的功劳。(4) 可直接借鉴的机制与必须避开的陷阱：可借鉴——(a) η（能量保留率）与 β（谱线保留率）这两个量直接可用作本项目「公共选频」对照的可调参数与横轴，且 β = k_m/N 的定义天然对应本项目 19 个子带的保留比例；(b) 在频域建立「压缩算子 + 传播算子」耦合关系（式(14)）这一写法，可迁移到本项目细 DPD 阶段把子带选择写成矩阵算子，避免选频后模型失配；(c) 「信号重构不提供额外信息」这一论断可作为本项目只做检测计数与定位、不做波形恢复的立论支持（第 21602 页 §2 末）。须避开的陷阱——(a) 不要用连续谱段截断式的全局能量选频去处理多源混叠，它会系统性丢弃弱源，本项目需要的是逐源、可非连续的频带归属（这正是第三章「每个目标频带生成细 DPD」要解决的）；(b) 不要把「选频省开销」当成主要创新点，R23 已经做完；(c) 不要把 R23 的图 4 当作「选频提精度」的可靠依据引用其数值，因为它单源、无置信区间、且与论文自身另一处表述矛盾，引用时只宜引其趋势与作者解释；(d) 注意 R23 中 K 表示传感器数，本项目 K 表示源数，跨文献比较时会话与文档中必须显式区分这两个符号。","标题、作者、单位（国防科技大学）、摘要全文、Index Terms、§1 INTRODUCTION 与 Fig. 1 场景图：第 21601 页；§2 SIGNAL MODEL 的式(1)(2)(3)(4)(5)(6)、Fig. 2 系统工作流图、式(7)(8)(9)、§3.1 System Design（η 定义、「For conventional DPD methods, η = 100%」、谱能量集中于 [k_{m,1}, k_{m,2}]、β = k_m/N）：第 21602 页；§3.1 续（β 定义）、式(10)(11)(12) 的压缩模型、§3.2 标题与式(13)(14)(15)(16)(17)(18)(19)(20)(21) 及「信号重构不提供额外信息」的原文措辞：第 21603 页左栏；§4 ANALYSIS AND SIMULATION 的 §4.1（源 u₀ = [−50, 0]^T m、500×500 m 先验区域、K = 5 个传感器坐标、速度坐标与单位、BPSK、f_c = 1 GHz、f_0 = 10 MHz、与常规 DPD 对比的说明）：第 21603 页右栏；Table 1（B = 1/2/5 MHz × η = 50%/70%/90% 的归一化计算时间与归一化数据传输量）、Fig. 3 图注「Data retention rate versus η」与曲线、Fig. 4 图注「RMSE curves versus η」与两条 SNR 曲线、N_m = 100 与五级网格 Δx = Δy = [100, 10, 2, 0.1, 0.01] km 的原文措辞、「RMSE increases when η approaches or reaches 100%」及其带通滤波去噪的解释、§4.2 Transmission and Computation Complexity、§5 CONCLUSION 全文：第 21604 页；§6 REFERENCES（[8] Ma/Guo/Yang 低复杂度 TDOA-FDOA、[12] Tzafri & Weiss MVDR-DPD、[13] Tzoreff & Weiss EM-DPD、[14] Tirer & Weiss 多普勒 DPD、[15] 本组「rotating single-baseline interferometer for multiple time-frequency aliased sources」、[16] Wu/Guo/Zhang DPD 综述、[19] Wang 等实值波束空间 DPD、[20] 本组 passive synthetic aperture、[21] Weiss & Wornell 一比特量化 DPD）：第 21605 页。（说明：全文有连续印刷页码 21601–21605，位于每页底部中央；图 1、图 2 在第 21602 页。）"
"R24","A Riemannian Manifold-Based Spatio-Temporal Joint Interference Mitigation Method for Direct Position Determination","Jiangwen Zhou, Qing Liu, Zhaolin Zhang, Jian Xie, Ling Wang；IEEE Wireless Communications Letters（WCL），2026，Vol. 15，页码 5397–5401（DOI 10.1109/LWC.2026.3732731；2026-04-13 收稿，2026-08-20 修回，2026-09-06 录用，2026-09-11 在线发表，当前版本 2026-09-25；作者单位为西北工业大学电子信息学院）","作者针对直接定位（DPD）在存在间歇性干扰源时性能退化的问题，把接收信号分块做 FFT 得到频域快照，再按时间窗分段构造逐窗样本协方差矩阵，用 HPD（Hermitian 正定）矩阵流形上的仿射不变黎曼均值把这些协方差融合起来压制间歇干扰，最后用 Log-Euclidean（LE）距离构造协方差拟合型 DPD 代价函数在位置网格上取峰。仿真（4 阵元组、每阵元组 5 天线、2 期望源 + 2 间歇干扰源）显示其在中低信噪比下优于 EM-LE-DPD、Tyler-DPD、Shrink-DPD 与 RM-AOA 等对比方法。","远场无源定位场景：N_D 个期望源（desired sources）+ N_I 个干扰源（interference sources），波形均未知。核心场景假设是二者的时间行为不同——期望源在整个观测区间内持续活跃，干扰源只是间歇活跃（intermittent）。几何配置为 L 个天线阵元组各自布站于已知位置 {q_1,…,q_L}，每阵元组含 M 个天线阵元，各阵元组配备 GPS 驯服振荡器（GPSDO）以保证观测区间内站间时间同步（§II 末段），各阵元组波形统计独立、噪声空间白。方法按 TDOA 建模，以第 1 个阵元组为参考站。发射波形未知且假定各源统计独立。应用背景为电子侦察中的高精度无源定位（§I 首段）。关键约束：站间必须同步；期望源必须全程活跃、干扰源必须间歇活跃，否则二者的区分机制失效。","每阵元组 M 个天线阵元（仿真 M = 5），L 个阵元组（仿真 L = 4）；接收为复基带时域信号 y_l(t)，式(1)：期望源与干扰源分别经传播时延 Δτ_l 与路径衰减 w_{l,d}/w_{l,i} 叠加，噪声 n_l(t) ~ CN(0, σ_w² I)，取 σ_w² = 1。TDOA 定义见式(2)，以第 1 阵元组为参考。信号经分块 FFT 转为频域：整个接收信号先分成 KJ 个连续短数据块并逐块做 FFT，得到 KJ 个频域快照，再切成 K 个不重叠时间窗、每窗 J 个连续快照（§III-A）；保留有效信号带宽内 Q 个均匀间隔频点（仿真 Q = 8）。观测域为频域快照 → 逐窗样本协方差矩阵 R_k^q = (1/J) Σ_{j=1}^{J} y_{k,j}(q) y_{k,j}^H(q)（式(12)），尺寸 LM × LM。关键秩条件：论文明确假设每窗快照数 J 不小于阵列总阵元数 LM，以保证逐窗样本协方差满秩（§II 式(3) 之后）。未知量：源位置 p（待估）、期望源与干扰源波形、路径衰减系数 w、噪声功率已归一化为 1；时延 Δτ 由位置决定，不作为独立未知量。多频联合模型：式(4)–(8) 用时空导向矩阵 Φ 把 TDOA 矩阵 Γ、导向矩阵 A、衰减矩阵 W 统一表达；式(13)–(14) 给出依赖于位置的总体协方差 R_p^q(p) = σ_s² Φ_q(p)Φ_q^H(p) + I，注意该总体模型中不显式含干扰项——干扰被视为应由黎曼均值预先压制的对象。","已知K（隐含给定）。依据：期望源数 N_D 与干扰源数 N_I 作为模型维度直接固化在式(5) 的 Φ_q^X ∈ C^{LM×N_X}、式(7) 的 A_q^X ∈ C^{M×N_X}、式(8) 的 W_q^X、式(11) 的信号向量维度 C^{N_D×1} 与 C^{N_I×1}，以及式(14) 的 Φ_q(p)（其列数即 N_D）中；§IV 仿真直接写「Consider the problem of localizing two desired sources in the presence of two interference sources」，即 N_D = N_I = 2 由作者设定。论文通篇未给出任何源数估计或模型阶数选择步骤（无 MDL/AIC/信息论准则类讨论），也未说明实际使用时 N_D 与 N_I 如何获得。算法中使用 K 的位置：式(5)、(6)–(8)、(11)、(14) 的维度参数，以及式(19)/(21)/(23) 中 Φ_q(p) 的构造。相比之下 RMSE 指标式(24) 也显式含有 N_D，说明评价同样要求已知源数与正确的源—估计对应关系。","整体思路是「先用协方差矩阵的几何平均把间歇干扰从统计量层面抹掉，再在无干扰的协方差模型上做多频联合协方差拟合定位」。关键机制分三层。1) 时空分段与黎曼融合（§III-A，式(12)、(15)、(16)）：分块 FFT 得到频域快照序列，再按 K 个不重叠时间窗分段，每窗内用 J 个快照算一个样本协方差 R_k^q（k = 1,…,K）；因为期望源在全部时间窗内都贡献、干扰源只在部分窗内贡献，对同一频点 q 的 K 个逐窗协方差做黎曼均值 R_RM^q = arg min_{R∈M} Σ_k d_RM²(R, R_k^q)（式(16)，M 为 HPD 矩阵流形），得到该频点的单一处理协方差。这里用的度量是仿射不变黎曼距离 d_RM(R_1,R_2) = ‖log(R_2^{-1/2} R_1 R_2^{-1/2})‖_F（式(15)）。作者明确指出多于两个 HPD 矩阵的黎曼均值没有闭式解，须按文献[10] 迭代求解（§III-A 末段）。2) 黎曼距离型 DPD 代价（§III-B）：先用式(13) 由候选位置 p 生成总体协方差 R_p^q(p)，再与 R_RM^q 比对；作者先给出理论上更合适的黎曼距离代价 p̂_RM = arg min_p Σ_q d_RM²(R_RM^q, R_p^q(p))（式(19)），随后为避免对 (LM)×(LM) 个 HPD 矩阵反复做矩阵平方根与矩阵对数，改用 Log-Euclidean（LE）距离 d_LE(R_RM^q, R_p^q(p)) = ‖log(R_RM^q) − log(R_p^q(p))‖_F（式(20)）作为近似，代价函数为 p̂_LE = arg min_p Σ_q d_LE²（式(21)）。3) 谱形式与取峰：利用矩阵对数的性质把式(21) 化为广义特征值形式 Q̂_LE(p) = λ_max{ Σ_{q=1}^{Q} Φ_q^H(p) log(R_RM^q) Φ_q(p) }（式(23)），于是位置估计退化为在二维位置搜索网格上求该标量谱的最大值（式(22)）。与已有方法的主要差异：相对文献[7]（Sicard 等，ICASSP 2024，单频窄带 AOA 模型下的黎曼流形协方差拟合 DPD），本文把代价函数改为在 Q 个频点上对协方差拟合失配做聚合，从而利用宽带 TDOA 信息；相对文献[6]（Bar 与 Talmon，TSP 2024，黎曼几何 DOA 估计），本文把黎曼均值直接嵌入 DPD 而不再依赖中间角度估计环节，避免了两步法的信息损失。","需重推适配；输入信息层级：原始采样信号（复基带时域波形）经分块 FFT 之后得到的频域快照与由其估计的样本协方差矩阵，属于「原始 IQ 经频域降维后的协方差层」，不是已提取的时延或已关联量测。判定依据与失效条件：(a) 阵列维度不匹配——本文模型是 TDOA-AOA 联合模型，要求每个阵元组有 M 个天线阵元才能形成导向矢量 a(p_i) ∈ C^{M×1}（式(7)）；本项目为四站、每站单天线，M = 1 时导向矢量退化为标量、AOA 信息完全不可辨识，模型退化为纯 TDOA 形式，式(7)、(14) 的物理含义失效，须重新推导。(b) 站间同步——式(2) 的 TDOA 定义与式(6) 的 Γ 矩阵要求各阵元组共同时基，作者假定用 GPSDO 在观测区间内保持同步（§II 末段）；本项目同样假定站间同步，此条不构成额外障碍。(c) 快拍数——式(12) 的逐窗样本协方差要求 J ≥ LM 才满秩，且整个方法建立在「K 个逐窗协方差可用」之上（仿真 K = 20 窗、J = 50 快照、共 1000 个频域快照）；本项目是 4096 点量级的单段短时混合 IQ，能否切出足够多的独立时间窗且窗内快照数不退化，需要重新核算。(d) 最根本的一条——期望源与干扰源的时间行为必须不同（期望源全程活跃、干扰源间歇活跃，§III-A），本项目的所有源在观测区间内都是全程存在的合法目标，不存在可被先验区分的「间歇源」，因此本文赖以压制「部分源」的机制在本项目中根本没有可用判据。(e) 正定性与流形运算——全程要求协方差矩阵落在 HPD 流形上（式(13) 的 R_p^q(p) 含单位阵、式(15) 需矩阵平方根与矩阵对数），在快拍数不足或存在相干源导致协方差奇异时，log 与逆平方根运算不成立，论文未给出正则化或降秩情形下的处理。","数据来源：纯仿真，MATLAB R2023a（§IV 图4 说明）。几何配置：4 个天线阵元组分别布于 (30 km, −30 km)、(30 km, −10 km)、(30 km, 10 km)、(30 km, 30 km)（四站近似共线、等间距 20 km），每阵元组 5 个天线阵元、半波长间距（故 LM = 20）。源配置：2 个期望源位于 (2 km, 6 km) 与 (−2 km, −6 km)，2 个干扰源位于 (−6 km, 2 km) 与 (6 km, −2 km)。信号处理链：分块 FFT，结果按 20 个不重叠时间窗分组、每窗 50 个频域快照（K = 20、J = 50），保留有效带宽 120 kHz 内 8 个均匀间隔频点（Q = 8），采样率 1.2 MHz；每个干扰源在每个时间窗内以概率 0.5 独立激活。对比方法 6 个：RM-LE-DPD（本文）、RM-MVDR-DPD（黎曼均值 + MVDR 型 DPD）、EM-LE-DPD（文献[7] 单频窄带 CF-DPD 的宽带扩展）、RM-AOA（文献[6] 的黎曼均值 AOA 估计 + 交叉定位两步法）、Tyler-DPD（Tyler 协方差估计器[11]）、Shrink-DPD（收缩协方差估计器[12]）。评价指标：RMSE，定义为 RMSE = sqrt( (1/(M_t N_D)) Σ_{m=1}^{M_t} Σ_{d=1}^{N_D} ‖p̂_d^m − p_d‖_2² )（式(24)），M_t 为蒙特卡洛次数；每个 SNR 点做 500 次蒙特卡洛。扫描量：图2 的 SNR 从 −10 dB 扫到 20 dB、SIR 固定 −5 dB；图3 扫描每时间窗频域快照数（横轴 10¹ 到 10³，SNR = 5 dB、SIR = −5 dB）；图4 扫描二维位置搜索网格数（100、400、900、1600、2500 个网格点）。论文未给出信号载频、信号带宽形状、每个源的具体功率分配规则，也未给出 FFT 块长与每块采样点数。","1) 干扰压制（图1，SNR = 10 dB、SIR = −5 dB，红点为检出的空间谱峰）：Tyler-DPD 与 Shrink-DPD 的谱中仍存在明显的干扰诱导峰；RM-MVDR-DPD 与 RM-LE-DPD 在期望源位置形成主导峰并更有效地压制干扰。作者给出的解释是常规协方差估计在能量域进行，而黎曼均值是在概率分布域上做几何平均，因而对功率离群值不敏感、可减轻间歇干扰的影响（第5400页左栏）——这属于作者解释，论文未给出残余干扰功率之类的定量压制指标。2) RMSE 对 SNR（图2，500 次蒙特卡洛）：EM-LE-DPD 与 Shrink-DPD 在测试的整个 SNR 区间表现都很差；RM-AOA 与 Tyler-DPD 随 SNR 改善但始终劣于 RM-MVDR-DPD 与 RM-LE-DPD。两种本文方法内部，RM-LE-DPD 在中低 SNR 更好，RM-MVDR-DPD 在高 SNR 略好；作者解释为 LE 距离是仿射不变黎曼距离的近似，高 SNR 时近似误差成为定位误差的主导来源（第5400页右栏）。3) RMSE 对每窗快照数（图3，SNR = 5 dB、SIR = −5 dB）：一句话结论是 RM-LE-DPD 在所有快照设置下均优于其它方法（第5401页左栏）；论文未给出具体的 RMSE 数值。4) 运行时间（图4）：测试了 100 到 2500 个二维搜索网格点；作者承认基于黎曼均值的方法不是计算上最有效的，但鲁棒性显著改善（第5401页左栏）。5) 复杂度（表I，第5401页）：EM-LE-DPD 为 O(QK(LM)² + GQ(LM)³)，RM-MVDR-DPD 与 RM-LE-DPD 均为 O(QK I_RM (LM)³ + GQ(LM)³)，Tyler-DPD 为 O(Q I_Ty (LM)³ + GQ(LM)³)，Shrink-DPD 为 O(Q(LM)² + GQ(LM)³)，RM-AOA 为 O(LQK I_RM M³ + LAQM³)；其中 G 为 DPD 搜索网格数、A 为 AOA 搜索角网格数、I_RM 为黎曼均值求解迭代次数、I_Ty 为 Tyler 估计器迭代次数。结果成立条件：全部结论均只在「2 期望源 + 2 干扰源、干扰激活概率 0.5、SIR = −5 dB、阵元组数 4、每阵元组 5 阵元、Q = 8 频点」这一组设定下取得；论文未测试干扰激活概率趋于 1（即干扰近似持续）的情形，也未测试 N_D > 2、Q 的变化、SIR 的扫描。","论文未提及代码或数据公开。仿真参数给得较完整（站址坐标、阵元数、源坐标、K/J/Q、采样率、有效带宽、干扰激活概率 0.5、SNR/SIR 扫描范围、500 次蒙特卡洛、MATLAB R2023a、搜索网格数取值），表I 也给出了复杂度中各项符号的定义，因此仿真主结论原则上可复现。但以下关键项缺失：FFT 块长与每块采样点数未给出（因而无法换算单次观测的绝对时长）；黎曼均值迭代算法只指向文献[10] 而未给出本文实际使用的迭代格式、初始值与停止准则；I_RM 与 I_Ty 只作符号出现，未给出实际数值；Tyler 与 Shrink 估计器的具体参数（收缩系数、Tyler 迭代步长）未给出；LE 距离近似带来的误差量级未量化。作者自评的局限散见于结论与图4 讨论：承认黎曼类方法计算效率不是最优（但换取鲁棒性），也承认 LE 距离在高 SNR 下因近似误差成为主要误差来源。论文未指明任何进一步的适用边界或失败场景。","第一层（作者结论）：提出了一种基于黎曼流形的时空联合 DPD 方法，用黎曼均值融合逐窗协方差矩阵、用 LE 距离构造协方差拟合准则，仿真结果表明相对常规方法在间歇干扰环境下的鲁棒性和定位精度都有改善，尤其在低到中等 SNR 条件下，从而验证了所提协方差处理框架的有效性（§V）。第二层（实验实际支持的结论）：支持强度有限，因为证据只来自单一仿真设定的 6 方法对比。可支持的结论是：在「期望源全程活跃、干扰源以 0.5 概率间歇激活、SIR = −5 dB、L = 4 阵元组且 M = 5、N_D = N_I = 2」这一组条件下，黎曼均值型协方差融合 + LE 距离代价在 RMSE 上优于 EM-LE-DPD、Shrink-DPD、RM-AOA 与 Tyler-DPD，且在低到中等 SNR 段优于 RM-MVDR-DPD。不支持的外推：(a) 论文没有测试干扰持续活跃（激活概率 → 1）或干扰激活概率更低的情形，因此「黎曼均值能压制间歇干扰」这一结论的作用范围（多间歇才算间歇）未被刻画，而这一概率正是该机制成立与否的命门；(b) 论文没有做 SIR 扫描（只有固定 −5 dB 一个点），无法判断在强干扰或弱干扰下的行为；(c) 全部结论依赖已知 N_D（Φ_q(p) 的维度），论文未讨论源数被高估或低估时的行为；(d) 论文没有与无干扰的理想界（如 CRLB）比较，也没有报告干扰抑制的定量指标（只有谱图和 RMSE）；(e) 多期望源的位置如何从单一标量谱 Q̂_LE(p) 中逐一检出，论文未给出峰检测或阈值规则，而 RMSE 式(24) 却要求已知 N_D 与正确的源—估计对应，因此多源情形的输出环节存在未说明的缺口。","1) 把 DPD 的协方差拟合从单频窄带模型扩展到「Q 个频点上的黎曼距离失配聚合」形式，并用矩阵对数把代价函数化为广义特征值形式 Q̂_LE(p) = λ_max{Σ_q Φ_q^H(p) log(R_RM^q) Φ_q(p)}（式(23)），使多频 TDOA 信息可以进入 DPD 的物理求解器而不需要先做角度估计——这是相对文献[7] 的实质性改动。2) 提出用 HPD 流形上的仿射不变黎曼均值融合逐窗样本协方差、把「期望源全程活跃 / 干扰源间歇活跃」这一时间先验转化为统计量层面的干扰压制操作（式(15)–(16)），从而绕开对干扰源方向或波形做显式建模的需要——式(13) 的总体协方差模型中因此不含干扰项。3) 给出从黎曼距离到 Log-Euclidean 距离的工程近似路径（式(20)–(21)）并明确指出该近似的代价（高 SNR 下近似误差成为主导误差源），同时以表I 量化六种方法的复杂度差异，使精度—算力权衡可判断。4) 在四个阵元组的同步多站配置下，用统一的仿真设置把黎曼均值类方法（RM-MVDR-DPD、RM-LE-DPD、RM-AOA）与两类鲁棒协方差估计类方法（Tyler、Shrink）以及单频 CF-DPD 的宽带扩展放在同一 RMSE 指标下对比，给出了黎曼类方法在低中 SNR 段更优、高 SNR 段未必更优的分段结论。","1) 立场性局限——方法的目标是「压制一部分源」，被压制的源被定义为干扰并排除在定位输出之外，其成立完全依赖「干扰源间歇活跃、期望源全程活跃」这一先验；论文没有给出该先验的检验方法，也没有讨论当被压制对象其实是需要定位的目标时会发生什么（§III-A 的时间窗假设）。2) 源数与多源输出环节未说明——N_D 是模型维度（式(5)、(14)），必须已知，论文未讨论如何获得；且代价函数式(23) 只给出位置上的标量谱，论文未提供从谱中逐一检出 N_D 个源位置的峰检测或阈值规则，只提到「detected spatial-spectrum peaks」（图1 说明），而 RMSE 式(24) 又要求正确的源—估计配对。3) 干扰压制缺乏定量证据与鲁棒性边界——图1 只给谱图定性对比，没有残余干扰功率、干扰抑制比或谱峰对比度等指标；干扰激活概率固定为 0.5，未做扫描，因此「多间歇」的适用边界不清；SIR 也只有 −5 dB 一个点。4) 阵列维度与计算代价的双重限制——模型是 TDOA-AOA 联合模型，要求每站多天线（M = 5），单天线站下 AOA 环节不可辨识；而表I 显示 RM-LE-DPD 与 RM-MVDR-DPD 的复杂度含 O(QK I_RM (LM)³ + GQ(LM)³)、Tyler-DPD 含 O(Q I_Ty (LM)³)，作者自己也承认黎曼类方法计算效率不是最优（图4 讨论），但对 I_RM、I_Ty 的实际取值与迭代停止准则均未给出，读者无法判断真实算力开销。","问题选得准但解法带明显的前提依赖，创新程度属于「把已有黎曼几何工具重新组合进 DPD 框架」，实验证据强度偏弱。价值在于把「期望源与干扰源的时间行为不同」这一物理先验转化成了协方差矩阵层面的几何平均操作，从而不必显式估计或零陷干扰源方向，这在电子侦察类场景中是有实际意义的工程直觉；用多频黎曼距离聚合替代单频拟合，也确实把宽带 TDOA 信息接到了 DPD 的物理求解器上（式(23) 的广义特征值形式推导干净）。合理性问题主要在两处：其一是式(13) 的总体协方差模型中完全没有干扰项，干扰被默认为已被黎曼均值彻底消除，而这一步的彻底程度论文只用一个激活概率 0.5 的仿真点来支撑，没有任何残余干扰的定量刻画，等于把方法成败全押在一个未经检验的假设上；其二是「黎曼均值对功率离群值不敏感」这一解释（第5400页左栏）只在直觉层面给出，未做对照实验（例如换成中位数型或其它几何均值是否同样有效），也未与压制后的理论协方差误差挂钩。实验设计上，只有 6 方法 × 1 组几何 × 1 个 SIR 值 × 1 个干扰激活概率的对比，SNR 扫描是唯一较完整的维度，N_D > 2、Q 变化、干扰概率扫描、SIR 扫描全部缺失，因此「在间歇干扰下更鲁棒」这一主结论的适用范围无法界定；表I 的复杂度分析与图4 的运行时间对比一定程度上弥补了工程可用性的判断。作为 5 页的 Letter，篇幅限制可以理解，但多期望源位置如何读出、N_D 如何获得这两个直接影响可用性的问题未作交代，使其更像一个单源（或源数与配对已知）定位框架。实际应用价值中等：在同步的多天线多站侦察系统中，若干扰确实间歇、期望源确实持续，该框架可以直接使用；一旦该时间先验不成立或需要把所有同频源都定位出来，方法的目标就与任务相反。","(1) 覆盖程度：基本不覆盖本项目的核心问题，且立场相反。本项目要在四站单天线的短时混合 IQ 上同时恢复源数 K、逐源占用频段、各源位置以及频率—源—位置的对应关系，要求把所有源都找出来；R24 的对象是「已知期望源数 N_D、把其余源当作要压制的干扰」，输出只是期望源的位置，不做源数估计、不做频段占用、不做频率—源对应。它覆盖的范围仅限于「多站同步、波形未知条件下的 DPD 位置求解」这一环节，而且求解所用的位置谱形式与文献[7] 一脉相承。(2) 能否作为同条件基线：不能，属于需重推适配，且适配成本很高。三条硬性不匹配：a) 阵元数——R24 是每站 M = 5 的 TDOA-AOA 联合模型（式(7) 的导向矢量 a(p_i) ∈ C^{M×1}），本项目每站单天线 M = 1，AOA 环节不可辨识，式(14) 的 Φ_q(p) 需重新推导为纯 TDOA 形式；b) 观测时长与快拍——R24 用 K = 20 个时间窗、每窗 J = 50 个频域快照（共 1000 快照，J ≥ LM = 20 才满秩），本项目是 4096 点量级的单段短时混合 IQ，能否切出足够的独立时间窗并保住逐窗协方差的正定性需要重新核算，而式(15)、(20) 的矩阵平方根与矩阵对数对正定性是硬要求；c) 最致命的一条——R24 的方法原理就是「期望源全程活跃、干扰源间歇活跃」，本项目所有源在整个短观测内都是持续存在的合法目标，不存在可用于区分「该压制谁」的时间先验，直接套用会把一部分待定位源当作干扰压掉。因此它只能作为「多频协方差拟合型 DPD 求解器」这一环节的思想来源，不能作为端到端同条件基线。(3) 是否压缩创新空间：压缩有限，但方向值得注意。它没有压缩本项目最核心的候选贡献——「逐源定位权重相对公共选频 + 适用传统求解器具有独立价值」。恰恰相反，R24 是「公共选频」的一个典型实例：它在有效带宽内取 Q = 8 个均匀间隔频点，在式(19)/(21)/(23) 中对全部 Q 个频点做等权求和（Σ_{q=1}^{Q}），完全不做逐源频率加权。所以它不但没有覆盖本项目的贡献，反而为本项目主张要超越的那类朴素做法提供了一个具体、可引用的范例。需要警惕的是它可能被用来论证「多频融合有用」这一点——因为它的图2 显示多频聚合后的 RM-LE-DPD 优于单频的 EM-LE-DPD；本项目的创新边界必须精确表述为「逐源权重带来独立增益」，而不能停留在「多频比单频好」，否则 R24 已经提供了先例。另外它也在「未知 K 直接处理」这条威胁上贡献很小，因为 N_D 是必须已知的模型维度。(4) 可直接借鉴的机制：a) 用矩阵对数把协方差拟合代价化为广义特征值形式 λ_max{Σ_q Φ_q^H(p) log(R) Φ_q(p)}（式(23)），这是一条把多频统计量一次性并入 DPD 物理求解器的干净路径，本项目若要在细 DPD 阶段引入逐源频率权重，可考虑保留这种「Σ_q 加权聚合 + 特征值取极值」的代数结构，只把等权替换为逐源权重，这样改动最小且与已有求解器形式兼容；b) 用仿射不变黎曼距离/LE 距离替代欧氏距离衡量协方差失配（式(15)、(20)），并在高 SNR 下明确承认 LE 近似的误差主导问题——本项目若涉及协方差或谱矩阵的相似度度量，应优先试黎曼型度量并同时报告近似误差，而不是默认欧氏度量；c) 表I 的复杂度记账方式（把搜索网格数 G、迭代次数 I_RM/I_Ty 显式拆出）值得沿用到本项目的定位阶段报告里，便于与 R27 MMSE 分布式 DPD、R02 MVDR-DPD 等做算力对齐的比较。必须避开的陷阱：绝对不要把「某个源是干扰、应当压制」这一假设引入本项目——本项目的命题恰恰是所有源都必须被恢复，任何基于持续性/间歇性先验的源筛选都会直接违背任务目标；同时不要沿用「总体协方差模型中不含干扰项」的建模习惯（式(13)），因为本项目不存在能把干扰预先抹掉的机制，混合 IQ 中的多个源必须全部显式出现在模型里；另外不要把「Q 个频点等权求和」当作默认多频融合方式，那正是需要被证伪的对照做法。","问题定义与动机（DPD 优势、间歇干扰导致性能退化、常规欧氏协方差处理无法区分持续源与间歇源、文献[7] 单协方差形式未利用多频联合信息）：第5397页 §I 引言，摘要与 Index Terms。作者单位、资助与收稿信息：第5397页左下角脚注（国家自然科学基金 62571444、62271412 及 715 科技创新基金 2025715KY007）。信号模型式(1)–(2) 与同步、持续性假设：第5398页 §II；噪声 σ_w² = 1、期望源全程活跃与干扰源间歇活跃、各源与噪声统计独立、噪声空间白：第5398页左栏中下段。分块 FFT、时间窗分段（K 窗 × J 快照）、Q 个频点保留、J ≥ LM 的满秩条件、与文献[7] 的差异：第5398页 §III-A 首段与式(3) 之后。频域接收信号与时空导向矩阵：第5398页式(3)–(11)；样本协方差式(12)：第5398页末。总体位置相关协方差式(13)–(14)：第5399页左栏。仿射不变黎曼距离式(15)、黎曼均值式(16)、「多于两个 HPD 矩阵无闭式解、按文献[10] 迭代」：第5399页 §III-A 中下段。黎曼距离型 DPD 代价式(17)–(19)：第5399页 §III-B；LE 距离近似式(20)–(21) 与广义特征值形式式(22)–(23)：第5399页右栏。仿真几何（4 阵元组坐标、5 阵元、半波长间距、期望源与干扰源坐标）：第5400页 §IV；处理参数（20 个时间窗、每窗 50 快照、8 个频点、有效带宽 120 kHz、采样率 1.2 MHz、干扰激活概率 0.5）：第5400页左栏。RMSE 定义式(24) 与 500 次蒙特卡洛：第5400页左栏。图1 干扰压制对比与「黎曼均值对功率离群值不敏感」的解释：第5400页图1 与左栏末至右栏首。图2 的 RMSE–SNR 分段结论（RM-LE-DPD 中低 SNR 更优、RM-MVDR-DPD 高 SNR 略好；EM-LE-DPD 与 Shrink-DPD 表现差；RM-AOA 与 Tyler-DPD 中等）：第5400页右栏。图3 RMSE–每窗快照数「RM-LE-DPD 在所有快照设置下均优于其它方法」：第5400页右栏末至第5401页左栏首段。图4 运行时间与「黎曼类方法非最有效但鲁棒性显著改善」：第5401页左栏。表I 复杂度：第5401页。§V 结论：第5401页右栏。"
"R25","Deep learning based multi-source localization with source splitting and its effectiveness in multi-talker speech recognition","Aswin Shanmugam Subramanian, Chao Weng, Shinji Watanabe, Meng Yu, Dong Yu，Computer Speech & Language，2022，75，文章号 101360（PDF 第 1 页为首页无印刷页码，印刷页码 2–14）","针对多说话人混合语音中同时估计全部说话人方位角（DOA）的问题，作者在监督深度网络中引入""源分离式拆分""机制（把网络显式分成源拆分器与逐源预测器，为每个源产生独立的 DOA 后验），配合球地移距离类损失（EMD/SEMD）与软目标分布做高分辨率（γ=1°）角度分类，并把估计 DOA 转成角特征送入 MIMO-Speech 前端；在两说话人仿真混合上平均绝对循环角度误差最低约 1.1°（UCA-10），下游 ASR 的词错误率由基线 11.5% 降到 6.3%（UCA-10 测试集）。","语音信号（室内混响多说话人语音）的声源定位与多说话人语音识别。场景为单节点圆阵接收：均匀圆阵（UCA），半径 5 cm（UCA-5）或 10 cm（UCA-10），8 个阵元；另设""象限阵""QA-10：只取 UCA-10 的前三个麦克风（M=3），模拟小孔径条件。源数目固定为 2（两说话人混合），说话人静止、与阵列等高、距阵 1–2 m。应用背景是远场多说话人对话转写（ASR）中的定位前端，以及机器人听觉。关键约束：作者明确假设说话人个数已知并直接写进网络结构；只估计方位角（仰角不估）；只在仿真数据上训练与评估定位误差，真实数据（MC-WSJ-AV）无 DOA 真值，只能用下游 ASR 的 WER 评价定位质量。","输入为 M 通道信号在短时傅里叶变换（STFT）域的多通道相位谱 P ∈ [0,2π]^{T×M×F}（T 为帧数、F 为频点数），式(1) 用 LocNet-CNN(·) 把通道维池化得到相位特征 Z ∈ R^{T×Q}；另一支（Map-Split-R）用通道间相位差（IPD）特征，式(15) 定义 p̄_i(t,f)=cos∠(y_{i1}/y_{i2})+j·sin∠(y_{i1}/y_{i2})，对 I 个麦克风对拼接实虚部，再拼第 1 通道幅度 |Y_1| 得到 P̄ ∈ R^{T×(2IF+F)}。未知量：声源方位角（待估）；模型假设信号为混响条件下的 N 个语音源叠加，可有加性平稳噪声、无点源噪声；阵列几何在训练时已知。快拍/分段：25 ms 窗、10 ms 帧移、Hann 窗；模型按""一句话（utterance）""处理，用句内时间平均（式(3)(6)(11)(17)）替代逐帧预测后处理。采样率 16 kHz。","已知K（作者直接假设已知，未做任何估计）。依据：§2 第 3 页明确写""Like Chakrabarty and Habet (2019), we assume the knowledge of number of sources in the utterance but we incorporate it directly in the architecture of the model instead of using it while post-processing.""，同页末段又写""We also assume that N is known.""。K 的使用位置：源拆分器输出 N 个源特征（式(5) 的源相关仿射层 AffineLayer1^n、式(10) 的 N 个掩码 {W^n}_{n=1..N}、式(16) 的 {W̅^n}_{n=1..N}），逐源预测器输出 N 个后验（式(7)(12) 的上标 n 遍历 1..N），Fig. 1/Fig. 2 的两源示意结构也把 N 固化在输出层；此外 §3 的干扰 SCM 依赖 Σ_{n'≠n}Φ^{n'}(f)，作者注明""we experiment only with N=2, so no summation in that case""。论文自述局限并把源计数列为未来工作：§5（第 12–13 页）""In future, we would like to extend our methods to also handle source counting within the model to make it work for arbitrary number of sources.""","整体思路是把""多源 DOA 估计""拆成""源拆分 + 逐源单源 DOA 估计""，并让每个源只对应一个分类问题（而不是把 360/γ 个角度类做多标签分类）。三个变体：1) Map-Split-C（式(5)–(9)）：在卷积映射支上把仿射层对源索引 n 取不同参数，得到源特征 W^n，沿时间平均得逐源摘要向量 ξ^n（式(6)），经 AffineLayer2 映射到 ⌊360/γ⌋ 维后做 softmax 得逐源角度后验（式(7)，α_i=((γ·i)−((γ−1)/2))(π/180) 为角度刻度），取峰得 θ̂^n（式(9)）。2) Mask-Split（式(10)–(14)）：用 LocNet-Mask(·)（BLSTM 层）产生 N 个源相关比率掩码 W^n∈[0,1]^{T×Q}（式(10)），这是对隐特征的软分离掩码（论文强调该掩码作用在隐空间而非 Wang 等的频域级联掩码）；用掩码加权的加权平均得到逐源摘要向量（式(11)），再经逐源仿射与 softmax（式(12)）取峰（式(14)）；作者注明 LocNet-Mask 同时隐含实现了语音活动检测（VAD）。3) Map-Split-R（式(15)–(17)）：不用 CNN，直接用 IPD 特征 + BLSTM 做源拆分映射（式(16)），时间平均（式(17)）后沿用式(12)(14)。损失函数（§2.5）：多标签基线 MLC 用 BCE；源拆分模型用 CE、EMD（球地移距离，闭式解为预测与目标分布 CDF 的平方误差）、SCE（软交叉熵）与 SEMD（软 EMD）；软目标分布见式(18)：目标类 ψ 取 0.4、±1 类取 0.2、±2 类取 0.1、其余 0。排列歧义处理两条路：PIT（置换不变训练，选损失最小的预测—目标配对）或把目标角度固定为升序/按 DOA 顺序固定排列。与已有方法的主要差异：不是把网络当黑箱做多标签分类，而是显式构造源相关中间表示使""每个源一个分类头""，因此分类问题个数等于源数而非角度类数，从而在高分辨率（γ=1°）下避免多标签分类因相邻类峰值导致的漏检（第 3 页及第 8–9 页对 γ=5/10 与 γ=1 的对比）。","需重推适配；输入信息层级：原始多通道时域信号（转 STFT 多通道相位谱/幅度谱与 IPD 特征），非混合 IQ 的时延/协方差层，也未使用阵列协方差；输出为单节点方位角 DOA。判定触发条件：方法需要同一节点上有多个相位可比的阵元（M=8 或 M=3），靠通道间相位差（IPD）或跨通道卷积学习相位差特征来分辨方向；UCA 导向矢量式(19)(20) τ_m^n=(r/c)cos(θ̂^n−ψ_m) 显式依赖单节点圆阵几何与半径 r。在本项目的四站单天线条件下，单站没有通道间相位差可用的孔径，该方法的输入特征与导向模型均无法直接建立；即使把四个站当作多通道，站间存在采样钟差与相位不确定性，需重新推导跨站相位特征并重训。失效条件/论文自述边界：只在两说话人（N=2）条件下实验；真实数据无 DOA 真值；作者明确指出扩展到任意源数需要额外的源计数机制（属未来工作）。","数据来源：仿真两说话人混合（源语料 WSJCAM0，混响 RIR 用镜像法生成，背景噪声取自 REVERB 语料），ASR 预训练用 WSJ，测试词表用 MC-WSJ-AV 的 5k 子集；另用真实重叠数据 MC-WSJ-AV 做 ASR 评价。阵列：UCA-5（r=5 cm，M=8）、UCA-10（r=10 cm，M=8）、QA-10（取 UCA-10 前 3 个麦克风，M=3）。配置（Table 1）：采样率 16 kHz，训练/开发/评测语句数 7860/742/1088，RIR 数 2620/742/1088，T60 ~ U(0.25, 0.7) s，通道数 8，源到阵距离 ~ U(1, 2) m；SNR ~ U(10, 20) dB；源位置随机采样（不限于网格）；另有固定 SNR=0 dB 与 30 dB 的两组测试集（Table 5）。训练细节：25 ms 窗、10 ms 帧移、Hann 窗；LocNet-CNN 3 个卷积块（8 麦克风核形状 4×1、3×3、3×3；3 麦克风 2×1、2×3、1×3），特征图 4/16/32，Q=2×⌊360/γ⌋；LocNet-Mask 用带输出门控的 BLSTMP，Q 个单元；Adam 优化 50 轮、学习率 10^-3；ASR 为 Transformer 编码器—解码器（12 层编码器、6 层解码器），Log-Mel 80 维，CNN 核 3×3，特征图 64/128，CTC/attention 联合解码 + 词级 RNN 语言模型；推理前用 WPE（滤波阶 10、预测延迟 3）去后期混响，参考麦克风取第 2 通道。对比方法：MUSIC、MUSIC-NAM、TOPS（子空间法，使用 100–8000 Hz 频段，取响应最强两个峰，用与真值最小误差的排列做配对），以及多标签分类基线 MLC（BCE，γ=5 与 γ=10）。评价指标：平均绝对循环角度误差（MAE，单位度）与 ASR 的词错误率（WER）。","1) UCA-10 上（Table 2，含 WPE）：子空间法 MUSIC 测试 8.7°、MUSIC-NAM 1.1°、TOPS 1.8°；MLC（γ=10）9.0°；源拆分模型中 Mask-Split + SEMD + 不共享预测器 + 不用 PIT 最好，开发/测试 1.1°/1.1°；Map-Split-R + SEMD + PIT 为 2.2°/2.1°，Map-Split-C 为 5.3°/6.2°。2) UCA-5（小孔径，Table 2）：源拆分模型的优势明显，MLC 18.2°、TOPS 6.9°、MUSIC 28.3°，而 Mask-Split+SEMD 达到 1.5°/1.5°，Map-Split-R 2.1°/2.1°。3) QA-10（M=3，Table 3）：子空间法严重退化（MUSIC 57.7°、MUSIC-NAM 21.7°、TOPS 9.7°），MLC 11.9°，Mask-Split 2.8°。4) 分辨率与损失：MLC 在 γ=5 劣于 γ=10（UCA-5 18.2° vs 10.9°）；Mask-Split 用 CE 且 γ=1 时性能崩坏（27.0°，UCA-5 测试），换成 SCE（1.9°）或 EMD/SEMD 后恢复，SEMD 最好。5) 排列与预测器共享（Table 4）：固定目标顺序（不用 PIT）普遍优于 PIT（Mask-Split 1.1° vs 2.3°）；预测器共享与否对 Mask-Split/Map-Split-R 有影响（Mask-Split 不共享预测器更好：1.1° vs 2.9°）。6) SNR（Table 5）：0 dB 与 30 dB 相比定位性能变化不大，仅 Map-Split-C 在 0 dB 明显退化（6.0° vs 4.0°）；作者归因于噪声以平稳为主。7) 角度间隔（Table 6，UCA-5）：在 10–20° 最难区间，子空间法劣化到 42.8°/67.0°/67.6°，MLC 25.6°，Mask-Split 1.6°，Map-Split-C 5.5°。8) ASR（Table 7）：使用本文估计 DOA 生成角特征后，UCA-10 测试集 WER 由（改进后）基线 11.5% 降到 Mask-Split 的 6.3%；用真值 DOA 的 oracle 角特征为 6.0（UCA-10 测试）；oracle 二值掩码（IBM）为 6.5%。9) 真实数据（Table 8，MC-WSJ-AV，无 DOA 真值）：基线 MIMO-Speech 在 UCA-10 上 Array-1/Array-2 的 WER 为 34.3/47.6，加入 MUSIC-NAM 或 TOPS 的 DOA 后降到 10.7/17.1 与 10.6/19.2；本文模型 Mask-Split 为 14.0/18.2、Map-Split-R 14.8/22.3、Map-Split-R（分块）12.1/17.3；在 QA-10 的 Array-2 上本文方法优势明显（25.6/25.3 vs 子空间法 46.8/33.4）。结果成立/不成立条件：定位精度只在两说话人、仿真混合、单节点 UCA/UA 条件下测过，且评价时的预测—真值配对使用了使误差最小的排列（oracle permutation），报告值为该配对下的误差；Table 7 的 6.0% 等为使用真值 DOA 的上界实验；真实数据无法评价定位误差；未测试 N>2、运动声源、未知源数。","数据：仿真与评测所用的语料（WSJCAM0、WSJ、MC-WSJ-AV、REVERB、SMS-WSJ 工具）均为公开可获取资源，RIR 生成方法与工具（SMS-WSJ、Allen & Berkley 镜像法）已给出；未提供本文代码或生成的混合数据下载地址（论文未说明是否开源）。超参数：网络结构（卷积核形状与特征图数、Q=2×⌊360/γ⌋、BLSTMP 层数与单元数 771、Transformer 编码器 12 层/解码器 6 层、Log-Mel 80 维、CNN 核 3×3、特征图 64/128）、训练（Adam、50 轮、学习率 10^-3）、前端（WPE 阶 10、延迟 3、参考麦克风第 2 通道）、麦克风对列表（8 麦克风：(1,5),(2,6),(3,7),(4,8),(1,3),(3,5),(5,7),(7,1)；3 麦克风：(1,2),(2,3),(1,3)）、软标签权重（式(18) 的 0.4/0.2/0.1）均给出；仿真语料规模、T60、SNR、距离、源位置采样方式（Table 1 与 §4.1）也给出。缺口：子空间基线的具体参数（如帧长、子带数）未逐项列出；ASR 语言模型与声学模型的初始化细节部分引用前作；真实数据的说话人位置分布只给示意图（Fig. 3）。作者自评局限：§5（第 12–13 页）指出未来需要把源计数纳入模型以支持任意源数，并需在 CHiME-6 这类分布式阵列 + 运动声源场景上适配。","第一层（作者结论）：所提基于深度学习的多源定位模型能以高分辨率（γ=1°）分类 DOA；源拆分模型的预测误差显著低于多标签分类模型（MLC），也优于 MUSIC/MUSIC-NAM/TOPS 等子空间法；提出的 SEMD 损失能建模类间关系并给出接近""完美 DOA""的估计；把该 DOA 估计作为前端接入多说话人 ASR 可大幅提升识别率（WER 由 11.5% 降至 6.3%），并说明定位先验对远场 ASR 模型很重要。第二层（实验实际支持的结论）：在 N=2、单节点 UCA/QA 几何、仿真混合（含混响与平稳噪声，SNR 10–20 dB）条件下，源拆分确实降低了 MAE，且在小孔径（UCA-5、QA-10）与两源角度间隔很小（10–20°）时相对子空间法的优势最大；损失函数与分辨率的对比也支持""高分辨率分类需配合软目标/EMD 类损失""这一结论。不支持的外推：论文不支持""已知定位任意源数可直接工作""（作者声明源计数为未来工作）；不支持""可直接用于真实数据的定位精度评价""（真实数据无 DOA 真值，只能用 WER 间接说明）；也不支持""定位误差指标与 ASR 增益同条件可比""（Table 7 中部分行使用了真值 DOA，属上界实验）；此外 MAE 数字是在取误差最小排列后报告，包含配对环节的乐观性。","1) 提出""源拆分""机制并给出三个可训练变体（卷积映射 Map-Split-C、掩码 Mask-Split、循环映射 Map-Split-R），把多源 DOA 估计从""多标签分类""改写为""源数个单源分类问题""，使网络能在 1° 分辨率下工作而不出现相邻类假峰（式(5)–(17)、Fig. 2）。2) 把 EMD 及其软目标变体 SEMD/SCE 引入有序角度类的高分辨率 DOA 分类（式(18)、§2.5），并用实验显示在 γ=1 时 CE 崩坏而 SCE/EMD/SEMD 有效，其中 SEMD 最好。3) 系统比较了排列歧义的两条处理路线，实验支持""按 DOA/升序固定目标顺序优于 PIT""（Table 2、Table 4），并给出源相关预测器共享与否的影响（Table 4）。4) 把估计 DOA 通过导向矢量角特征（式(19)–(22)）接入 MIMO-Speech 前端，给出仿真与真实数据上的 ASR 增益（Table 7、Table 8），并示范了在真实数据无定位真值时用下游任务指标间接评价定位质量的做法。","1) 源数被假设已知并固化在结构中（N 个输出分支、N 个掩码、N=2 的干扰 SCM 特例），论文未给出 K 的估计；源计数被作者明确列为未来工作，因此在未知源数场景下该方法不可直接用。2) 实验限于单节点、固定 2 源、静止说话人；只估方位角不估仰角与距离，因此与多站二维/三维定位问题之间存在几何与信息层级差距；阵列孔径极小（5 cm、10 cm 半径），方法高度依赖相位差特征，论文未讨论低 SNR+混响下相位去卷绕或阵列标定误差的影响。3) 评价口径偏乐观：定位误差采用""预测与真值按最小误差配对""后的 MAE（§4.2），且 ASR 表中有若干使用真值 DOA 的 oracle 行作为上界，二者与端到端实际使用条件不同；真实数据无 DOA 真值，定位质量只能由 WER 间接反映，论文也承认""we cannot evaluate the angle prediction error""。4) 与子空间法的对比条件不完全对等：子空间法使用 100–8000 Hz、取响应前两个峰，而深度模型使用整个语料训练并依赖 REVERB 噪声匹配；Table 5 显示 0 dB 时模型并不一致占优（Map-Split-C 劣化到 6.0°），论文对此仅作定性解释。","问题价值明确、方法思路清晰：把""多源输出""从多标签分类改成""逐源分支 + 逐源分类头""，并配上与类别有序性匹配的 EMD/SEMD 损失，这两点组合在 2022 年属于工程上务实且有效的设计。证据强度中等偏上：仿真条件（两个孔径、三种阵列、SNR 组、角度间隔分组、损失函数消融、预测器共享消融、PIT 对比）覆盖较全，指标口径（平均绝对循环角度误差）明确；但这些结论都建立在""已知 N=2""这一强假设上，论文自己也承认扩展到任意源数是未完成的工作。真正可迁移的方法学价值有三处：其一，源拆分/逐源分支的结构模板；其二，有序类别上 EMD 类损失优于 CE 的经验（对应本项目 19 个频率有序槽位的输出设计）；其三，作者关于""固定目标顺序优于 PIT""的实测结论（对本项目第四章的槽位/集合解码设计有直接参考价值，且方向与常见做法相反，需要留意）。需要打折的地方在于评价：MAE 使用最小误差配对、ASR 表混入真值 DOA 的 oracle 行、真实数据无定位真值，因此""1.1°""与""6.3% WER""都不能不加说明地引用为同等条件的性能数字。总体上这是一篇可靠的多源 DOA 学习方法学论文，但它的定位任务（单节点、已知 K、只估方位）与本项目的多站单天线、未知 K、逐源频段与位置联合恢复，属于不同层级的输入信息与不同的问题设定。","(1) 是否覆盖本项目问题：不覆盖核心问题，只覆盖其中一个设计模式。R25 处理的是""已知源数 N=2 的单节点多源方位角 DOA 估计 + 下游 ASR""，其观测是同一节点 8 个（或 3 个）相位可比麦克风的 STFT 相位特征，输出是方位角，不含位置、不含逐源频段占用，也不含源数估计。本项目要的是四站单天线、短时混合 IQ 下联合恢复 K、逐源占用频段、各源位置及三者对应。因此 R25 覆盖的是""逐源分支 + 排列处理""这一网络结构模式，不覆盖本项目的核心问题。(2) 能否作为同条件基线：不能。输入信息层级不同（同节点多通道相位差 vs 四站单天线跨站 IQ），几何不同（单 UCA 导向矢量 vs 分布式多站无孔径），估计量不同（DOA vs 二维位置），且 R25 需要已知 N。若要把它的思想搬过来，需要把 UCA 导向矢量式(19)(20) 换成跨站的距离/时延模型并重训，还要把固化的 N 个输出分支改成可变槽位，属于需重推适配。(3) 是否压缩创新空间：压缩两条先例。其一，""已知 K 下逐源分支 + 逐源输出 + 排列歧义处理""这一设计在语音领域 2022 年已成熟并有系统消融（含""固定顺序优于 PIT""的结论），本项目第四章若有类似结构不能作为创新点主张。其二，R25 的式(21)(22) 已经用逐源导向矢量与估计 DOA 构造了逐源、逐时频点的软门控权重——这属于本项目""逐源权重""思路的物理原型，只是它服务的是下游 ASR 分离/识别，而不是反过来改善定位。第三点，值得本项目注意的反向证据：R25 的定位网络""optimized end-to-end with only DOA estimation objective""，其逐源频率/时频权重完全不为定位服务，这恰好构成本项目""让定位损失反过来影响逐源频率表示""这一候选贡献的对照面，说明该反作用机制在已有文献中尚未被采用（本判断基于本篇论文所报告的架构与训练目标）。(4) 可借鉴机制与须避开陷阱：可借鉴——① 源拆分器 + 源相关预测器的""逐源分支""模板，可对应本项目第四章按 K 分流/槽位解码的组织方式；② 有序类别上用 EMD/SEMD 替代 CE/BCE 的经验，可直接迁移到本项目 19 个频率有序子带槽位的占用回归（角度有序 ↔ 频率有序，结构同构），且式(18) 的软目标分布给出了一种""邻域加权""的具体形式；③ 式(22) 的""用每个源自己的位置参数去门控/加权该源的时频表示""这一机制，可作为本项目""逐源定位权重""的构造起点（但必须让权重参与定位而非只服务下游）；④ 在真实数据无定位真值时用下游任务指标间接评价的做法，可考虑用于本项目无真值场景的辅助验证。必须避开——① 把源数固化进网络结构（N 个分支、N 个掩码、N=2 的干扰 SCM 特例），本项目要求未知 K 直接处理，架构必须保持槽位数与 K 解耦；② 依赖单节点多阵元相位差/孔径（四站单天线不具备，跨站相位还受同步与相位不确定影响）；③ 评价时用""最小误差排列""配对后报告误差，以及把使用真值 DOA 的 oracle 行与真实估计行并列展示，本项目在汇总指标时必须区分这两类证据，不能混用。","任务动机与相关工作：§1 第 1–2 页（第 2 页明确批评多标签分类在角度相近时出现假峰、且注明 Chakrabarty & Habet 2019 假设源数已知、Adavanne 2018 按阈值定峰数、角度网格 10°/5°）。已知源数与源拆分动机：§2 开头两段（PDF 第 3 页，""we assume the knowledge of number of sources in the utterance but we incorporate it directly in the architecture""；""only azimuth angle is estimated""；""We also assume that N is known""）。MLC 基线：§2.1 式(1)–(4)、Fig. 1（第 3–4 页）。Map-Split-C：§2.2 式(5)–(9)、Fig. 2（第 4–5 页）。Mask-Split：§2.3 式(10)–(14)（第 5 页）。Map-Split-R：§2.4 式(15)–(17)（第 5–6 页）。损失函数与软目标：§2.5 式(18)（第 6 页）。ASR 集成与角特征：§3 式(19)–(25)（第 6–7 页），其中式(22) 为门控角特征、式(23) SCM、式(24) MVDR、式(25) 分离信号。实验设置：§4.1 与 Table 1（第 7–8 页，含麦克风对列表、核形状、Q、Adam/50 轮/1e-3、WPE 参数、参考麦克风）。基线说明：§4.2 开头（MUSIC、MUSIC-NAM、TOPS，100–8000 Hz，最小误差排列）。定位结果：Table 2（第 9 页）、Table 3（第 9 页）、Table 4（第 10 页）、Table 5（第 10 页）、Table 6（第 10 页）。ASR 结果：Table 7（第 11 页）、Table 8 与 Fig. 3（第 12 页，真实数据 MC-WSJ-AV 及""no groundtruth DOA labels""说明）。结论与未来工作：§5（第 12–13 页）。作者贡献/无利益冲突声明：第 13 页（Declaration of competing interest）。"
"R26","A TDOA Localization Method of HF Source Based on Dual-branch CNN and Transfer Learning","Xia 等（Nan Xia, Yanjing Wang, Xiang Pan，大连工业大学），IEEE Wireless Communications Letters，2025；DOI 10.1109/LWC.2025.3623182；本地文件为 IEEE 录用作者版（页眉标注 ""This article has been accepted for publication in IEEE Wireless Communications Letters. This is the author's version which has not been fully edited and content may change prior to final publication.""），正式卷(期)页码论文未给出，本 fragment 按印刷页码第 1—5 页引用。","针对高频（HF）天波传播中电离层时变与强噪声导致 TDOA 定位误差大的问题，作者提出双支路 CNN（upper branch 多尺度一维卷积 + lower branch 多尺度一维空洞卷积 + feature fusion 融合支 + prediction/improved prediction 回归头）并配合迁移学习：先用大量仿真数据训练辅助通道，再把上层/下层分支与融合模块的参数冻结、仅用极少量实测数据重训预测模块。仿真 100 个测试源下平均误差 14.37 km（50000 个参考源、SNR 20 dB、7 接收站），2025 年 2 月 10 日实测数据下平均误差 34.26 km，优于 SDP、CGP、RSS、FNN、RNN-GV 五种对比方法。","高频（HF，短波）天波传播源的单源定位。源位于经度 [86°E, 128°E]、纬度 [18°N, 47°N] 的区域内，7 个 HF 接收站部署在中国不同城市，站间通过 GPS 同步、使用全向天线，接收站把捕获信号经高速有线网络送到融合中心集中处理与定位解算。实测数据采集时间为 2025 年 2 月 10 日 12:00—18:00 UTC，信号带宽 9 kHz，发射功率 500 kW。应用背景为短波无线电监测、军事与民用航空、气象与广播的干扰源定位。关键约束：电离层高度/电子密度随时间与频率变化（作者用 IRI-2016 与国际参考电离层模型建模），观测的时延差本身已被加性高斯白噪声污染，且实测可用数据量极小（迁移阶段可用参考源仅 6 个）。论文关注的是**单个源**的经纬度回归，不含多源联合分辨问题。","接收端为 M = 7 个单天线 HF 接收站（无阵列、无阵元维度）。观测域不是波形、不是协方差、不是空间谱，而是**已经解算好的距离差（时延差）标量向量 + 两个标量环境参数**。网络输入为预处理后的距离差向量 ΔD̄_j = [ΔD̄_{j,2}, …, ΔD̄_{j,M}]^T（对 7 站即 M−1 = 6 维）加上归一化时间 t̄_j 与归一化频率 f̄_j，共 8 维（论文在仿真对比中明确「the number of neurons in the input and output layers of FNN and RNN-GV were set to 8 and 2」，与 6+2 一致）。输出为源的纬度、经度二维坐标。观测模型：ΔD̂_{j,m} = D_{j,m} − D_{j,1} + n_{j,m}（式(1)，第 2 页），D_{j,m} 为第 j 个源到第 m 个接收站的传播距离、D_{j,1} 为第 j 个源到参考站的距离、n_{j,m} 为高斯白噪声（论文写 ""follows a normal distribution""），距离由 IRI-2016 模型 + Haversine 算法 [15] 生成。未知量：源经纬度坐标 u_j = [x_j, y_j]^T（待估）；源数 J、接收站数 M 在模型中是给定的索引维度而非待估量。快拍/分段数：论文不以快拍表述；仿真侧对每个源给出 N 次量测（式(2) 对 N 次量测取平均），实测侧论文未说明 TDOA/距离差是如何从原始信号估计出来的（见「可复现性」）。重要事实：**模型的输入是已解算出的距离差，而不是原始混合 IQ**；论文在仿真中直接由 IRI-2016 + Haversine 生成理想距离差再叠加高斯白噪声，即跳过了时延估计环节。","论文回避未讨论。依据：全文没有「源数估计」这一环节，也没有任何公式或章节以源数 K 为条件。网络输出维度固定为 2（纬度、经度）——式(21)(22) 中 FC 逐层为 256、128、256、128、2 个神经元，i = 4 即最终输出；论文第 2 页明确「the output is the latitude and longitude coordinates」。J 与 M 只是在式(1) 的索引中出现的「HF 源数量」与「接收站数量」（第 2 页 §II-A：「where J and M represent the number of HF sources and receivers, respectively」），并未参与任何判决或筛选。实测实验中 8 个源中随机取 6 个作参考源、2 个作测试源（第 4 页 §III），本质是训练/测试样本划分，而非在一次观测中同时定位多源。因此本文既无已知 K 的用法，也无未知 K 处理或阈值后处理取峰，属于完全回避该问题。","整体为「双通道（辅助/主）+ 四模块」的迁移学习结构（图 1、图 2）。输入：预处理后的 ΔD̄_j、t̄_j、f̄_j。预处理（式(2)—(4)，第 2 页）：先求全部源的 N 次量测的绝对最大距离差 ΔD_max，再按 ΔD̄_{j,m} = (1/N)Σ_{n=1}^N ΔD̂^n_{j,m}/ΔD_max 做最大值归一化并对同一源的多次量测取均值以压缩取值范围、抑制噪声；时间按 t̄_j = t_j/t_max 归一化，频率按 f̄_j = (f_j − f_min)/(f_max − f_min) 线性归一化。四个模块：1）upper branch module（图 2(a)）：一维标准卷积，卷积核尺寸 K 从 2 取到 M−2、stride S = 1，先做多尺度一维卷积 + LN + PReLU，Y^{(up)}_{j,K} = PReLU(LN(Conv1D_K(ΔD̄_j)))（式(5)），再对每个尺度做全局最大池化 GMP（式(6)）与全局平均池化 GAP（式(7)），随后用 K = 2 的卷积做下采样对照路径（式(8)），同样取 GMP/GAP（式(9)(10)），最后把 (up)、GMP(up)、GAP(up)、(down)、GMP(down)、GAP(down) 六路拼接成 Y^C_{j,K}（式(11)），再跨尺度拼接为 O_1 = Concat(Y^C_{j,2},…,Y^C_{j,M−2})（式(12)）。2）lower branch module（图 2(b)）：改用多尺度一维**空洞卷积** DConv1D_d 捕捉非相邻特征关系，Y_{j,2,d} = PReLU(LN(DConv1D_d(ΔD̄_j)))（式(13)），同样经 GMP/GAP（式(14)(15)）后拼接（式(16)），跨 d 拼接得 O_2 = Concat(Y^C_{j,2,2},…,Y^C_{j,2,M−2})（式(17)）。3）feature fusion module（图 2(c)）：用逐元素乘与逐元素加融合三类不同量纲的输入，Y^1_j = t̄_j ⊙ f̄_j ⊙ ΔD̄_j（式(18)）、Y^2_j = t̄_j + f̄_j + ΔD̄_j（式(19)），再把 t̄_j、f̄_j、ΔD̄_j、Y^1_j、Y^2_j、O_1、O_2 全部拼接为 O_3（式(20)）。4）prediction module / improved prediction module（图 2(d)(e)）：全连接网络（FCNN），各层神经元数从左到右为 256、128、256、128、2；u^{opt1}_{j,i} = f_i(w^1_i O_3 + b^1_i)（式(21)），改进版 u^{opt2}_{j,i} = Dropout^i_i(f_i(w^2_i O_3 + b^2_i))（式(22)），f(·) 用 PReLU，Dropout 仅在 i = 2 处加入。迁移机制（这是本文最关键的技术主张）：辅助通道用大量仿真数据训练，由于「仿真与实测场景下距离差数据的局部变化趋势一致」，为避免破坏局部特征变化关系，**冻结 upper branch、lower branch、feature fusion 三个模块的参数**；但同一位置上仿真与实测的 ΔD̄_j 幅值仍有差异，故 **prediction module 的参数必须重训**并改进为带 Dropout 的 improved prediction module，以在少量实测数据下抑制过拟合、提升泛化。与已有 HF 定位方法的主要差异：SDP [4]、CGP [5]、RSS [7] 等传统方法依赖电离层高度沿各路径相同的假设（论文第 1 页批评该假设与实际不符、低 SNR 下性能衰减严重），本文改用数据驱动回归；而与 FNN [8]、RNN-GV [10] 等已有的神经网络 TDOA 方法相比，本文的差异在于引入了仿真→实测的迁移学习与模块级冻结，以应对 HF 实测数据稀缺。","需重推适配（输入侧实质接近「仅机制」）。输入信息层级：已提取时延或距离差（**已解算的 TDOA/距离差向量**，并附时间与频率两个标量），层级低于「已提取协方差」，更远低于本项目所需的原始混合 IQ。触发该判定的具体条件：其一，论文的网络直接以 ΔD̂_{j,m} = D_{j,m} − D_{j,1} + n_{j,m} 为输入（式(1)），即把「时延差估计」与「时延差—源关联」两个最困难的环节都当作已完成的前提；其二，输入向量按第 j 个源组织（ΔD̄_j 下标 j 即 HF 源编号），意味着**必须先知道哪些时延差属于哪个源**，论文未说明该关联在实测中如何完成；其三，每个前向传播只输出一个源的经纬度（输出层 2 个神经元），多源场景需要按源重复推理。失效条件：在本项目的四站单天线、发射波形未知、多源同频带时频混叠场景下，既不存在可直接使用的 TDOA（混叠信号的相关峰不可分），也不存在时延差—源的一一对应关系，因此本文的输入接口无法由本项目观测直接构造，必须补齐「混叠条件下的时延估计 + 数据关联 + 源数判定」三段上游处理，届时本文的网络与其 34 km 量级的精度都不能直接沿用。此外本文工作频段为 HF 天波（9 kHz 带宽、500 kW 发射功率、跨千公里传播、依赖 IRI-2016 电离层模型），与本项目的城市/近距四站分布式接收不是同一传播体制，RSS/IRI 等环境先验不可移植。","数据来源：仿真 + 实测两部分，均为自建数据，无公开数据集。仿真（第 3 页 §III）：MATLAB R2020a 在经度 [86°E, 128°E]、纬度 [18°N, 47°N] 内生成 HF 源位置参数，接收站位置与实测场景相同（图 3 中红色圆形），用 IRI-2016 模型 + Haversine 算法生成 2025 年 2 月 10 日不同 t_j、f_j 下的 ΔD̂^n_{j,m}（n = 1,…,N），预处理后分别作为训练数据（参考源）与测试数据（测试源）；接收站 M = 7；仿真重复 100 次并计算 RMSE；框架为 TensorFlow，学习率 10^-4，训练 110 个 epoch；对比方法为 FNN [8] 与 RNN-GV [10]（其输入/输出层神经元数分别设为 8 与 2）。测试源数固定为 100 个；参考源数取 1000、5000、20000、50000、80000 五档；SNR 只报告 10 dB 与 20 dB 两档（论文说明「To avoid losing important information due to excessive random interference, only the results for 10 dB and 20 dB SNRs are presented」）。消融实验（表 II）：参考源 50000、M = 7、SNR 20 dB、100 个测试源；另外还做了 SNR 14.37…(见结果) 与区域误差图（图 3，SNR 20 dB）。实测（第 4 页 §III）：2025 年 2 月 10 日实测数据集，源位置已知；7 个 HF 接收站（GPS 同步、全向天线）部署于中国不同城市；信号带宽 9 kHz、发射功率 500 kW；对比 SDP [4]、CGP [5]、RSS [7]、FNN [8]、RNN-GV [10]；FNN 与 RNN-GV 也施加模型迁移但**不冻结参数**，其预训练模型在 50000 参考源、20 dB 下训练，输入/输出层神经元数调为 8 与 2；本文方法实测阶段学习率 10^-6、训练 epoch 调整为 1000、dropout 率 10^-3；共做 100 次独立实验，每次从 8 个源中随机取 6 个作参考源、2 个作测试源，取 100 次实验的平均误差比较。评价指标：仿真用 RMSE 与平均误差（表 I、表 II），实测用平均误差与最小/最大误差（表 III、表 IV），另有区域误差分布图（图 3，色标 0—25）。","1）仿真性能随参考源数与 SNR 变化（表 I，第 4 页；数值为平均误差 km，列依次为 1000 / 5000 / 20000 / 50000 / 80000 个参考源）：RNN-GV 在 SNR 10 dB 下为 110.49 / 92.69 / 78.83 / 51.11 / 50.46，20 dB 下 103.37 / 84.39 / 46.97 / 40.69 / 40.39；FNN 在 10 dB 下 101.37 / 84.78 / 69.94 / 40.67 / 39.53，20 dB 下 88.76 / 70.61 / 43.74 / 25.14 / 24.97；本文方法在 10 dB 下 80.58 / 65.69 / 50.69 / 30.69 / 28.54，20 dB 下 70.36 / 52.97 / 26.03 / 14.37 / 14.12。可见三法误差均随参考源数增加而下降并趋于饱和，作者据此把 50000 参考源定为效率与精度折中点。2）区域误差分布（图 3，第 4 页）：在 100 个测试源、50000 参考源、SNR 20 dB 下绘制误差分布图（色标 0—25），高纬度与高经度区域的平均误差明显大于其他区域，作者归因于地球曲率、信号传播路径与接收角度导致的信号衰减（引文 [16]）。3）模块消融（表 II，第 4 页）：Model 1.1（不含任何模块）28.12 km；Model 1.2（含 1 个模块）18.16 km；Model 1.3（含 2 个模块）25.78 km；Model 1.4（含 A、B、C 全部三模块，即完整模型）14.37 km。作者据此认为完整模型显著最优，且三个模块中 feature fusion module 贡献最大、upper branch module 次之、lower branch module 最小。需注意：表 II 中 Model 1.3（25.78 km）反而劣于 Model 1.2（18.16 km），即出现非单调的消融结果，论文未对该现象作任何解释；渲染分辨率下各勾选具体落在 A/B/C 哪一列不易确认，此点需以原始 PDF 复核后引用。4）实测性能（表 III，第 5 页；2025.2.10 12:00—18:00 UTC，误差 km，Min / Max / Avg）：RSS 55.17 / 200.86 / 73.69；CGP 51.39 / 176.25 / 65.98；SDP 48.63 / 160.85 / 62.47；RNN-GV 40.28 / 100.68 / 53.68；FNN 30.63 / 79.59 / 48.36；本文方法 20.30 / 50.93 / **34.26**。作者称虽然实测结果高于仿真结果，但在最小值、最大值与平均值三方面均优于其他方法。5）实测消融（表 IV，第 5 页）：Model 2.1（均不使用 D/E/F）359.78 km；Model 2.2（用 D，即迁移学习而不冻结参数、不改进预测模块）90.67 km；Model 2.3（用 D+E，迁移学习 + 参数冻结）40.38 km；Model 2.4（用 D+E+F，即完整方法）34.26 km。作者结论为：仅有 6 个参考源时不用迁移学习误差高达 359.78 km；迁移学习可显著降低误差；参数冻结进一步降低误差（因避免破坏仿真中学到的局部特征关系）；改进预测模块（加 Dropout）再进一步降低误差（因学到更通用的规则而非依赖个别样本，缓解小样本实测数据造成的过拟合）。结果成立的条件与未测边界：全部仿真结论都建立在「理想距离差 + 高斯白噪声」这一输入假设上（式(1)），未测试从混叠/未知波形信号中自行估计时延差的闭环性能；实测结论仅有 2025 年 2 月 10 日 12:00—18:00 UTC 一个时段的 8 个源、34.26 km 量级的平均误差，未给源间是否可分、多源同时定位的验证；SNR 只报告 10 dB 与 20 dB，更低 SNR 与更差传播条件未评估；论文未做在线/实时性与计算量分析。","未提及公开代码或公开数据（论文未说明）。仿真环境（MATLAB R2020a + IRI-2016 + Haversine）、框架（TensorFlow）、学习率（仿真 10^-4、实测 10^-6）、训练 epoch（仿真 110、实测 1000）、dropout 率（10^-3）、FC 各层神经元数（256/128/256/128/2）、卷积核尺寸范围（K 从 2 到 M−2，stride S = 1）、Dropout 位置（i = 2）、输入/输出维度（8 与 2）均已给出，但**未给批量大小、优化器类型、参数初始化方式、停止准则的具体判据、LN/GMP/GAP 的实现细节、以及 ΔD_max 与 t_max 等归一化常数的具体取值**；仿真中每个源 N 次量测的 N 取值未给出，源位置的具体经纬度采样方式（网格还是随机、随机种子）未说明，因此第三方难以逐位复现仿真数字。实测部分：只说接收站部署在「中国不同城市」（未给具体城市与坐标）、源位置「已知」（未给具体坐标）、TDOA/距离差如何从接收信号估计出来（互相关？哪一对站？带宽 9 kHz 下的时延分辨率与模糊如何解决？）**完全未说明**，原始数据未说明是否公开。作者自评的局限：正文明确承认实测误差高于仿真误差，且把「HF 实测数据稀缺、HF 信号特性与接收站地理布局限制可用数据的数量与质量」（第 1 页 §I）作为研究难点，但没有以「局限」小节的形式系统列出方法边界。另外论文给出的迁移冻结规则（只冻结上层/下层/融合模块、只重训预测模块）缺少消融之外的参数化讨论（如冻结到哪一层最优）。","作者结论（第 5 页 §IV 原文要点）：提出了一种基于双支路 CNN 与迁移学习的 HF TDOA 定位方法并实际应用；通过计算机仿真评估了不同训练数据量下的性能，优于其他定位方法；给出了不同区域的误差分布图，并通过消融实验验证各模块的有效性；在实际测试中取得约 34 km 的平均误差，优于其他方法，消融实验进一步证实方法在真实条件下的有效性。实验实际能支持的结论（第二层）：在「输入为已解算并已正确关联到该源的距离差向量 + 时间 + 频率」这一前提下，用 7 个 GPS 同步的 HF 接收站，对单个 HF 源的经纬度回归可以在仿真中获得 14.37 km、在 2025 年 2 月 10 日单一时段的实测数据中获得 34.26 km 的平均误差，并优于作者实现的 SDP/CGP/RSS/FNN/RNN-GV 五种对比方法；仿真→实测的「冻结特征模块 + 重训预测头 + Dropout」迁移配方确实比完全不迁移（359.78 km）和只迁移不冻结（90.67 km）更优（表 IV），这是本文证据链中最具体的一条。适用条件与外推限制：其一，全部结论依赖「时延差已知且已与源正确关联」这一前提，该前提在混叠、低 SNR、波形未知时并不成立，论文未验证前提失效时的行为；其二，「优于传统方法」的比较中，五种对比方法的实现细节（参数调优、是否同等调参预算）未给出，论文也未报告对比方法原文的数字，因此「公平比较」这一主张无法独立核查；其三，实测结果只覆盖一个时段、8 个源、单源回归，34.26 km 的最小/最大误差区间为 20.30—50.93 km，在经度跨度 42°、纬度跨度 29° 的区域内属于很粗的定位，不足以支撑「实际可用」的外推；其四，论文第 1 页断言「neural networks have not been applied for HF source localization」（神经网络尚未用于 HF 源定位），这与它自己引用的 [8][10]（FNN、RNN-GV 用于 HF TDOA 定位）在表述上存在张力——更准确的表述应为「较少」而非「没有」，该新颖性主张的证据强度较弱。","1）提出了一种双支路（upper 多尺度标准一维卷积 + lower 多尺度一维空洞卷积）加特征融合的 CNN 结构，并显式把时间与频率作为输入通道参与逐元素乘/加融合（式(18)(19)），以补偿电离层随时间的时变与随频率的色散——把「环境参数」当作网络输入而非模型假设，是对传统 HF 定位依赖电离层高度假设的直接回避。2）把「仿真预训练 + 实测微调」的迁移学习落到模块粒度：基于「仿真与实测的距离差局部变化趋势一致、但同位置幅值有差异」这一判断，冻结 upper/lower/feature fusion 三模块而只重训并改进 prediction module（表 IV 的 359.78→90.67→40.38→34.26 km 阶梯是该设计的直接实验支撑），在实测样本极少（6 个参考源）条件下把误差降低约一个数量级。3）给出了一个高维物理量输入的归一化与降噪前处理配方（式(2)—(4)）：以全部源的最大绝对距离差做统一尺度、对同一源的多次量测取均值以压制噪声、时间与频率分别归一化——这套做法解决的是「不同量纲物理量混合输入」的工程问题，可复用性强。4）在 HF 频段上完成了仿真与实测的闭环对照，并给出区域误差分布图（图 3），指出高纬度/高经度区域误差更大的空间规律，为后续加入地磁/几何校正提供了观测依据。","1）输入信息层级与任务设定回避了最难的两步：网络直接以已解算的距离差为输入（式(1) 把理想距离差 + 高斯白噪声当作观测），既没有从接收信号中估计时延差的环节，也没有讨论「哪些时延差属于哪个源」的数据关联，而输入向量 ΔD̄_j 的下标 j 恰是按源组织的；论文未说明实测中这两步如何完成（第 4 页只写接收机把数据送到融合中心「for processing and localization calculation」）。2）不做多源联合定位、不涉及源数：输出层固定 2 个神经元（式(21)(22) 的 FC 结构 256/128/256/128/2），实测中 8 个源是分别作为独立样本使用的（6 个参考源 + 2 个测试源，第 4 页 §III），因此「多源同时存在时的分辨与计数」这一维度完全不在本文讨论范围内，论文也未把它列为局限。3）消融表存在未解释的非单调结果：表 II 中 Model 1.3 的平均误差 25.78 km 高于 Model 1.2 的 18.16 km，即加入第二个模块反而变差，这与作者「三个模块各有贡献」的结论不一致，论文未作任何说明；同时表 II、表 IV 的对比基线与模块组合的具体定义（哪一行含哪几个模块）依赖勾选标记，正文只有 A/B/C 与 D/E/F 的字母释义，缺少逐行文字定义。4）实验证据覆盖过窄且复现要素缺失：仿真只报告 10 dB 与 20 dB 两档 SNR、无更低 SNR 与极端电离层条件；实测只有 2025 年 2 月 10 日 12:00—18:00 UTC 一个时段、8 个源；接收站与源的具体坐标、真实的时延估计方法、批量大小与优化器等训练要素均未给出，也无公开代码/数据，第三方无法独立复现 34.26 km 这一关键数字。5）「神经网络尚未用于 HF 源定位」的新颖性主张与其自引的 [8][10] 冲突，论文未加限定词。","这是一篇工程性强、任务边界很窄的短文（WCL letter 体量），价值主要在于「仿真→实测的模块级迁移配方」与「把时间/频率作为环境补偿输入」两点，而非定位精度本身。问题设定是真实的：HF 天波定位受电离层时变与噪声影响，实测数据稀缺，传统 SDP/CGP 类方法依赖电离层高度一致的假设；作者选择用数据驱动回归 + 迁移学习绕开该假设，思路合理。方法上，双支路（标准卷积 + 空洞卷积）加 GMP/GAP 多尺度池化与逐元素乘/加融合，属于常规 CNN 特征工程组合，单看结构创新有限；真正有判别力的是迁移策略的模块划分（冻结特征模块、重训预测头）以及表 IV 中 359.78→90.67→40.38→34.26 km 的阶梯式证据，这一阶梯同时说明了「迁移有用」「冻结有用」「改进预测头有用」三件事，是本文明晰度最高的实验。证据强度方面存在明显短板：输入是理想距离差加高斯噪声，绕过了时延估计与数据关联；输出固定二维，只能单源回归；实测只有一个时段；表 II 的非单调消融未解释；关键训练与数据细节缺失、无公开代码数据，因此 14.37 km 与 34.26 km 这两个数字的可复现性较低。此外，34 km 量级的平均误差落在数十公里的正则化误差范围内，实际应用价值有限，且论文自身也承认实测精度下降。综合判断：可作为「HF 频段单源 TDOA 回归 + 迁移学习」的代表性工作引用，但不构成多源定位或混合观测下端到端方法的对照基线；其最有价值的可迁移资产是迁移学习的模块冻结策略与前处理归一化配方。","1）是否已覆盖本项目想解决的问题：不覆盖。R26 的输入是**已解算出的 TDOA/距离差向量 + 归一化时间 + 归一化频率**，输出是**单个源**的经纬度二维坐标；它不做源数估计、不做逐源频段占用、不做频率—源—位置对应、也不做多源联合分辨。所谓「8 个源」是 8 个源样本中 6 个用于迁移训练、2 个用于测试的样本划分（第 4 页 §III），并非同一次观测中的多源混合定位；输入向量 ΔD̄_j 的下标 j 表明时延差在进入网络前已按源分好组，即数据关联被当作已知前提。与本项目强调的「RSS/TDOA/DOA/相干 IQ 不是等价输入」完全吻合：这是比协方差更低的信息层级，属于「理想/已估量测」层。2）能否作为同条件基线：不能。判为「需重推适配」，且输入侧实质接近「仅机制」。若要作为本项目基线，需额外假设或补齐：a）在四站单天线、发射波形未知、多源同频带时频混叠条件下完成时延差估计（混叠条件下相关峰不可分，本项目正是要绕过这一点）；b）完成时延差到源的数据关联；c）先做源数估计以决定推理次数；d）把每个源重复送网络推理（本文的推理代价随源数线性增长，正是本项目要避免的模式）；e）跨传播体制迁移（本文依赖 IRI-2016 电离层模型与 HF 天波路径，本项目为城市近距多站，路损/多径机制不同）。以上任一项不成立，本文的 34.26 km 数字都不可比。3）是否压缩本研究的创新空间：基本不压缩核心主张，但有两处需要注意。其一，本文的「仿真预训练 + 小样本实测迁移」如果被本项目当作新颖点提出，会立刻被这篇 2025 年的 WCL 短文（及 R15、R17 等）截断——因此本项目不应把「仿真到实测的迁移学习」列为贡献，只能把它当作工程手段。其二，本文把时间与频率作为显式输入来补偿环境变化，与本项目「用频率维度参与定位」在形式上相似，但其频率只是一个标量载频、用于表征电离层状态，与「逐源占用频段」和「用频率差异分辨混叠源」不是同一件事；在写作中必须明确区分，否则容易被误判为已有先例。4）可直接借鉴的机制与必须避开的陷阱。借鉴：a）**模块级冻结的迁移策略**（冻结编码局部物理规律的模块、只重训并改造任务头，本文用「仿真与实测的局部变化趋势一致、同位置幅值有差异」作为冻结/重训的划分依据）——若本项目未来需要把仿真训练好的粗/细 DPD 定位网络迁移到实测，这条划分原则可直接复用；b）**预测头加 Dropout 应对小样本实测过拟合**（表 IV 中 F 项带来的 40.38→34.26 km 改进）；c）**异构物理量混合输入的归一化配方**（式(2)—(4)：统一尺度因子 + 同源多次量测取均值降噪 + 时间最大值归一化 + 频率 min-max 归一化）——本项目同时输入频率、空间谱、时间相关量时可直接对照使用；d）**报告最小/最大/平均误差并给出区域误差图**（表 III、图 3），比单一 RMSE 更能暴露方法的空间不均匀性，本项目可按 K 与源间距分区域报告；e）**只报告有意义的 SNR 档**（本文只报 10 dB 与 20 dB，理由是过低 SNR 下随机干扰会淹没信息）——本项目在报告低 SNR 结果时应说明该档位是否仍有信息量；f）**每个实验条件重复 100 次独立实验取平均**（第 4 页 §III）。避开的陷阱：a）**单源固定输出维回归**——这正是 R15 批评的 map-free 范式，本项目必须坚持集合式变数量输出；b）**把「时延差已知且已关联」当作前提**——本项目若引入 TDOA 类基线，必须把时延估计与关联纳入同一条件比较，否则比较无意义；c）**理想量测 + 高斯噪声代替真实估计环节**的仿真惯例——本项目在仿真混合 IQ 时应至少经过一次真实的检测/估计闭环，否则冒烟测试会高估链路能力；d）**消融表的非单调结果不解释**——本项目在做消融时必须逐行用文字定义配置，并把反常行（如加模块反而变差）如实报告与归因；e）**以「首次应用」作为新颖性主张**——本文「神经网络尚未用于 HF 源定位」的自述与其自引 [8][10] 冲突，本项目切忌用此类表述。","摘要（双支路 CNN + 迁移学习、仿真 14.37 km、实验 34.26 km）：第 1 页摘要。HF 定位难点与传统方法批评（电离层高度一致假设、低 SNR 衰减严重）、「神经网络尚未用于 HF 源定位」的主张、贡献 1）与 2）：第 1 页 §I 及其贡献列表。信号模型与 ΔD̂_{j,m} = D_{j,m} − D_{j,1} + n_{j,m}：式(1)，第 2 页 §II-A；「t_j 与 f_j 影响电离层、应作为网络输入」：第 2 页 §II-A；归一化前处理式(2)(3)(4)：第 2 页 §II-A。双通道（辅助/主）结构与四模块、以及冻结三模块/重训预测模块的理由：第 2 页 §II-B 与其末段。整体流程（含 Freeze 与 Dropout 标记）：图 1，第 2 页。各模块结构（(a) upper branch、(b) lower branch、(c) feature fusion、(d) prediction、(e) improved prediction）：图 2，第 2—3 页。upper branch 的卷积核 K 从 2 到 M−2、stride S = 1、LN + PReLU、GMP/GAP、式(5)—(12)：第 3 页 §II-C；lower branch 的空洞卷积与式(13)—(17)：第 3 页；feature fusion 的式(18)(19)(20)：第 3 页；prediction/improved prediction 的 FCNN 结构（256/128/256/128/2）与式(21)(22)、Dropout 仅在 i = 2：第 3 页。仿真设置（MATLAB R2020a、经纬度范围 [86°E,128°E]/[18°N,47°N]、IRI-2016 + Haversine、2025 年 2 月 10 日、TensorFlow、学习率 10^-4、110 epoch、FNN/RNN-GV 输入输出 8/2、100 次仿真取 RMSE）：第 3 页 §III 首段。表 I（不同参考源数与 SNR 下 RNN-GV / FNN / PROPOSED 的平均误差）：第 4 页表 I。表 I 相关结论（只报 10 dB 与 20 dB、50000 参考源为最优折中）：第 4 页左栏首段。图 3（接收机、真实参考源位置与 20 dB 下的仿真误差分布图）：第 4 页；高纬度/高经度误差偏大的解释（地球曲率、传播路径、接收角度，引文 [16]）：第 4 页。表 II（Model 1.1—1.4 消融，28.12 / 18.16 / 25.78 / 14.37 km）与其文字解读（feature fusion 贡献最大、upper branch 次之、lower branch 最小）：第 4 页。实测数据说明（2025 年 2 月 10 日、7 个 GPS 同步全向天线接收站、中国不同城市、带宽 9 kHz、发射功率 500 kW）：第 4 页右栏。实测对比设置（SDP/CGP/RSS/FNN/RNN-GV、FNN 与 RNN-GV 也做迁移但不冻结、本文学习率 10^-6、1000 epoch、dropout 10^-3、100 次独立实验、6/8 参考源 + 2/8 测试源、平均误差 34.26 km）：第 4 页右栏末段。表 III（实测平均误差对比：RSS 73.69 / CGP 65.98 / SDP 62.47 / RNN-GV 53.68 / FNN 48.36 / PROPOSED 34.26 km）：第 5 页表 III。表 IV（Model 2.1—2.4 的 359.78 / 90.67 / 40.38 / 34.26 km）与其解释（迁移学习、参数冻结、改进预测模块各自的贡献，6 个参考源时误差 359.78 km）：第 5 页 §III 末段与表 IV。结论：第 5 页 §IV。"
"R27","MMSE-based Distributed Direct Position Determination in Single-hop Sensor Networks","Bowen Ding, Dan Song, Boyu Han, Wei Wang，IEEE Transactions on Vehicular Technology，2026，DOI: 10.1109/TVT.2026.3654660（作者接受稿 ""This article has been accepted for publication... content may change prior to final publication""，卷/期/正式页码未给出；本 fragment 页码按渲染页页眉印刷页码 1–16 引用）","针对单跳（single-hop）传感器网络中基于 TDOA 的分布式自适应直接定位（D-ADPD）在低 SNR 下初值差、收敛差，且无法处理信道引起的复值路径相位偏移这三点问题，作者提出分布式直接定位算法 DDPDF：先用分布式时变 Burg 方法（DTV-Burg）在做频域频点检测，再用环形邻域拓扑分布式鲸鱼优化（RNTDWOA）+ DBSCAN 聚类得到粗定位，最后用扩散策略与梯度下降同时对位置和相位补偿项做迭代精修；仿真显示单源下 RMSE 比分布式 DPD[21]、D-MCDPD[36] 低约 5 dB，比两步法与分布式两步法低约 10 dB，并在复值路径衰减系数下仍能收敛。","静止单发射源（Section II-A 明确""简化为假设空间中单个发射源""）的被动定位，扩展到两发射源情形。几何配置为 M 个静止、已知自身位置 p_i 的传感器节点组成的同步传感器网络，节点间仅能与通信半径内的邻居单跳通信，无中心融合节点。仿真中 10 个传感器布于 4000 m × 4000 m 区域，关注区域为中央 2000 m × 2000 m，通信半径 R = 1800 m。应用背景为无线传感器网络中的时延（TDOA）被动定位，强调低功耗、低通信带宽、可流水线处理的资源受限网络。","每个传感器为标量接收（式(2) r_i(t) = η_i s(t − τ_i) + w_i(t)，无阵列流型，等价于每站单天线）。s(t) 为发射源未知信号、平均功率 σ_s^2；η_i 为路径衰减系数（论文明确指出实际中常为复值，含信道引起的相位偏移）；τ_i 为到达时延；w_i(t) 为零均值高斯白噪声、方差 σ_w^2。离散化得式(3) r_i[n] = η_i s[n − τ_i f_s] + w_i[n]；DFT 后得式(4) y_i[n] = η_i S[n] e^{−j2π f_s τ_i n/N} + W_i[n]。论文未说明传感器阵元数（模型为标量，故为单天线）、未说明快拍/分段数以外的数据量。数据量为：DTV-Burg 用 N = 4000 个采样、频域块长 L = 3000（Section V-A）；蒙特卡洛 N_exp = 1000 次；基带频率范围 0–2 MHz，LFM 带宽 2 MHz、脉宽 0.4 ms；采样率论文未明确给出。未知量包括源波形 s(t)、复路径衰减 η_i（含相位）、噪声功率、以及位置 u。","需另定阈值后处理取峰（且单源场景不需要 K）。依据：1) Section II-A 的定位模型""simplified by assuming a single emitter in the space""，信号模型式为单源；2) 多源场景下论文不估计 K，而是在代价函数上寻找多个极值——第6页 §IV-B 明确""in multi-emitter scenarios with overlapping time-domain signals, the problem becomes the task of identifying multiple extrema of the cost function""；3) 极值提取依赖固定阈值后处理：粗定位用 DBSCAN 聚类（Section V-A，distance parameter epsilon = 100 m，minimum 15 data points 构成核心点）从粒子个体最优位置中分出多个簇，簇数即源数；4) 频点检测本身也是阈值判决（式(20) P_i[l] > G_i，式(21) 均值阈值 G_i = (1/L)Σ_l P_i[l]，放大情形下取均值的 1.05 倍），但是对""接收信号总频谱""的占用频点判决，不是逐源频带归属；5) 通信量分析中源数 Q 以已知量出现（第9页 §IV-D：""Q represent the number of targets""，平均通信量 2ζ(N + Q·N_iter)），但论文未给出 K 的估计流程或估计准确率评估。论文未讨论源数估计错误（漏源/虚源）对定位的影响。","三段式流水线（Section III、IV，Algorithm 1–3）：
1. 分布式频域检测（Distributed Frequency Domain Detection，DTV-Burg，§III-A/B，Algorithm 1）。基于 Γ 阶 AR 模型与 Burg 法，把经典的""单传感器""Burg 扩展到分布式：定义全局平均预测误差功率 ρ_γ^global = Σ_i ρ_γ^(i)（式(11)），但全局量不可算，于是用扩散（diffusion）策略转成各传感器局部代价（式(12)，含正则项 v_{i,m}/2·|k^(i)_γ − k^(m)_γ|²），令其对反射系数 k^(i)_γ 的导数为零得到扩散形式更新式(13)；再用格型 LMS 形式的递推式(14)、反射系数更新式(15)。低 SNR 下反射系数被低估、谱被过度平滑，因此引入放大因子 h 与正则参数 ϱ（式(16)），并把幅值截断在单位圆内（式(17)）。随后是邻域加权融合（式(18)(19)），得到 Γ 阶 AR 参数与归一化功率谱 P_i(e^{jw})（式(7)）。最后做频点检测：式(20) 的二元假设与式(21) 均值阈值，得到""被检测频点集合"" F_i。
2. 粗定位（Coarse Positioning，§IV-B，RNTDWOA，Algorithm 2）。以式(27)（只在 F_i 上求和的局部 MMSE 代价）的倒数为适应度（式(35)）。在标准 WOA（[40]）基础上做三处改造：a) 粒子按环形拓扑排列，定义局部最优 u^{local}_{i,ξ} = Best{u^{best}_{ξ−1}, u^{best}_ξ, u^{best}_{ξ+1}}（式(30)），把""包围猎物""改成朝局部最优移动（式(31)），以保留次优极值、防止整群塌到单一极值；b) 用""气泡网攻击""围绕个体最优做螺旋更新（式(32)）；c) 新增传感器间群体最优交换式(33) 与""搜寻猎物""朝邻域最优移动式(34)。论文用 Fig.2/Fig.3 解释该机制如何把不同极值上的子群维持住。粗定位结果经式(38) 的阈值 Th 在邻居间共享合并（最多 M 轮），并用 DBSCAN 聚类得到各源的粗位置。
3. 精定位（Fine Positioning，§IV-C，Algorithm 3）。以式(39) u = min_u J(u) 为目标；每传感器先按式(41) 做局部梯度下降、再按式(42) 与邻居融合，权重用 Metropolis 规则式(43)（双随机矩阵 B，保证收敛到全局平均）。梯度链式展开为式(44)–(47)；关键机制是把信道引起的相位偏移显式建模为逐源、逐传感器对的相位补偿项 φ_{i,m}，初值置零后按式(48) 与位置同时迭代（其梯度式(49)(50) 为闭式），从而支持复值路径衰减系数。误差项见式(25)：e_{i,m}^(n)[l] = y_m^(n)[l] − y_i^(n)[l] e^{−j2π f_s τ̃_{i,m} l/L} e^{jφ_{i,m}}，即频域 MMSE 的成对（pairwise）相干残差。
与已有方法的主要差异：作者自述为——a) 代价函数在频域构造，避免时域 sinc 插值（[27] 所用）在低 SNR 下的 Gibbs 振荡与 TDOA 估计误差；b) 代价函数中显式加入相位补偿项，使算法可工作于复值路径衰减；c) 分布式实现只交换观测信号与扩散信息、单跳、无需多跳转发或全局融合；d) 粗定位保留多极值（RNTDWOA），而标准优化算法只收敛到全局最优。此外 §III-B 的频域检测只对检测到的频点做后续计算，降低计算量与带外噪声影响。","直接基线候选；输入信息层级：原始混合 IQ（标量时域采样 r_i[n]，经 DFT 后在频域构造代价）。触发判定的条件：观测模型为""每站标量时域序列 + 源波形未知 + 站位置已知 + 站间同步 + 未知复路径衰减""，与本项目""四站分布式、每站单天线、波形未知、同步接收""高度接近，且算法不做任何波形先验假设，可直接吃 IQ。失效条件：a) 论文的信号模型与代价函数在数学上是""成对相干残差""，对同频（中心频率相同）的多个源，残差中另一源成为干扰——论文自己指出（第12页 §V-E）""Since the two emitters operate with identical power, the signal from one source acts as significant interference to the other. Consequently, as the background noise power becomes negligible, the signal-to-interference-plus-noise ratio (SINR) converges to approximately 0 dB""，即高 SNR 下同频双源会出现 RMSE 地板；b) 多源可分性依赖""时域分离""或""中心频率不同""两个前提（§V-A 明确两发射源""overlap in the time domain but differ in center frequencies""；§V-F 明确""When signals from different emitters are separated in the time domain, the multi-emitter localization problem is equivalent to multiple single-emitter localization problems""），对真正的同频同时同频带混叠没有给出可分性条件；c) 需要 M 个传感器之间的成对误差项，单站无法运行；d) 论文未给出源数 K 的估计，多源时源数由 DBSCAN 阈值聚类隐式给出，聚类失败（论文 Fig.10 注释的红色曲线中断）会直接导致该次定位失败。","数据来源：纯仿真（论文未使用实测或公开数据集）。几何：10 个传感器布于 4000 m × 4000 m 方形区域，坐标在 Table II 逐点列出（如 sensor 1 (−1780, 866)、sensor 2 (−1780, −866)、sensor 5 (0, 914)、sensor 10 (1200, −1000) 等，单位 m），关注区域为中央 2000 m × 2000 m；通信半径 R = 1800 m。源：两发射源位于 [0 m, 200 m]^T 与 [500 m, 200 m]^T（间距 500 m）；除 §V-E 与 §V-F 外其余实验只保留第一个源（单源）。信号：LFM，带宽 2 MHz，脉宽 0.4 ms，平均功率 σ_s^2 = 100 W，基带频率范围 0–2 MHz；两源时域重叠但中心频率不同。路径衰减：除特别说明外 η_1 = … = η_M = 1；§V-B 与 §V-F 末段用单位模复值（相位均匀分布于 (0, 2π)）与复值衰减。SNR 范围：−15 dB 到 10 dB（另有 §V-G 中把 sensor 1 固定在 −15 dB 模拟传感器失效）。样本量：Monte Carlo N_exp = 1000 次；DTV-Burg 用 N = 4000 个采样；频域块长 L = 3000。算法参数：粒子数 N_p = 10（比较实验另用 15、20）；粗定位迭代 t_max = 50；精定位 N_iter = 1000；DBSCAN epsilon = 100 m、minPts = 15；距离阈值 Th = 100 m；位置步长 μ_i = 0.5，相位步长 β_i = 0.0005（Fig.6 另测 4 组步长：μ=0.5, β=0.0002；μ=1.0, β=0.0004；μ=1.5, β=0.0006；μ=5.0, β=0.0002）。对比方法：Distributed DPD [21]、D-ADPD [27]、D-MCDPD [36]、two-step [14]、distributed two-step [32]、RNTPSO [41]（粗定位对比）、传统 Burg（频域检测对比）、CRLB。评价指标：全网 RMSE（式(52)）、单传感器实时 RMSE（式(51)）、频点检测率 P_d = N_in/N_signal 与虚警率 P_f = N_out/N_noise（第11页）。","1) 频域检测（Fig.7(d)，第11页，SNR = −15 dB，sensor 1）：传统 Burg 检测率约 0.86、虚警率约 0.36；DTV-Burg 无反射系数放大时检测率约 0.97、虚警率约 0.26；采用反射系数放大后虚警率进一步降到约 0.05。同一段文字中出现两个不同的放大因子数值（先写""amplification factor of 1.5""，随后写""the amplification factor is set to h = 1.2""），二者不一致，属论文自身表述矛盾，需以原文核对。2) 代价函数对比（Fig.8，第12页）：时域（sinc 插值）代价函数随 SNR 恶化其最优值逐渐偏离真值，频域代价函数的最优值始终与真值一致。3) 粗定位（Fig.10，第12页）：RNTDWOA 在全部 SNR 上定位误差约为 RNTPSO 的一半；SNR = −15 dB 时无频域检测的 RNTPSO 无法收敛，RNTDWOA 仍能收敛；SNR 超过 −10 dB 时有无频域检测差别很小；SNR 低于 −10 dB 时频域检测提升粗定位精度。论文把 −15 dB 处约 30 m 的粗定位误差与两步法约 1000 m 的误差对比（第13页）。4) 单源精定位（Fig.12/Fig.13，第13页）：固定传感器网络与随机重布传感器网络两种设置下，DDPDF 全 SNR 段最优；RMSE 比 Distributed DPD [21] 与 D-MCDPD [36] 低约 5 dB，比 two-step [14] 与 distributed two-step [32] 低约 10 dB；SNR = −15 dB 和 10 dB 时定位误差分别约 10 m 和 0.1 m；SNR 增大时性能逼近 CRLB。5) 多源（Fig.14，第14页）：两源同时发射、时域重叠时，两源互干扰导致所有算法 RMSE 曲线在高 SNR 段""exhibit negligible variation""（即不再随 SNR 改善）；DDPDF 对两个目标都最优，对 target 2 尤其明显。6) 复值路径衰减（Fig.15，第14页）：用 DDPDF 的粗定位结果初始化后，D-ADPD 仍无法收敛到真值、全 SNR 段定位误差显著；DDPDF 能收敛。频域检测在 SNR ∈ [−7.5, 5] dB 提升定位精度，SNR 低于 −7.5 dB 时因 Fig.7(d) 检测性能变差、增益减弱，SNR 高于 7.5 dB 时带频域检测的定位误差反而略大——作者解释为频域检测截断了信号频域，所用带宽略窄于真实信号频谱。7) 失效节点与传输时延（Fig.16，第15页）：sensor 1 固定在 −15 dB 模拟节点失效时，SNR = 10 dB 下理想误差约 0.1 m，含失效噪声时仍不超过 0.4 m；存在数据传输时延（邻居间 0–5 个随机整数时钟周期）时，不做处理定位误差在高 SNR 段急剧上升，采用 [36] 与 [44] 的时延容忍策略后精度接近理想情况。不成立/未测试的条件：源数 K 未估计、K > 2 未测试；两源同频（中心频率相同）未测试；多源精定位未与可比多源方法对比（作者说明 Distributed DPD [21] 不面向多源、两步法与分布式两步法需先分离信号，故被排除在 Fig.14 对比之外，即多源场景缺乏同条件基线）。","论文未说明是否公开代码或数据。仿真参数给出较完整：传感器坐标（Table II）、关注区域、通信半径、源位置、LFM 带宽/脉宽/功率、SNR 范围、Monte Carlo 次数、N/L/粒子数/迭代次数/DBSCAN 参数/阈值/步长均有明确数值；DTV-Burg 的 Burg 阶数 Γ 的取值论文未明确给出（正文只出现 Γ 符号）；采样率 f_s 论文未明确给出（只给出基带频率范围 0–2 MHz，未给 f_s = 第(3)式中的采样率数值）；CRLB 推导放在 Appendix（式(56)(57)），但""the relative path attenuation vector η = [η_2/η_1, …, η_M/η_1]^T""是否与仿真中 η 全 1 的设置一致，论文未逐项核对。作者自评局限：第14页指出频域检测在高 SNR 下会因截断实际频谱而略微增大定位误差；第12页指出同功率两源时 SINR 收敛到约 0 dB 导致高 SNR 段误差不再下降。","第一层（作者结论，§VI）：提出面向单跳传感器网络的分布式直接定位算法，含频域检测、粗定位、精定位三步；频域检测识别辐射信号的频率分量，后续两步只在检测到的频点上运算以降计算量并抑制带外噪声；粗定位即使在低 SNR 也提供可靠初值；精定位同时迭代估计目标位置与相位补偿项，消除信道相位偏移影响；仿真表明低 SNR 下优于 D-ADPD 及其他代表性 TDOA 方法，且在复值路径衰减系数下能收敛。第二层（实验实际支持的结论与条件）：频域检测的收益是条件性的——仅在 −15 至约 −7.5 dB 以及 −7.5 至 5 dB 区间明显，SNR 超过 7.5 dB 反而略有害；低 SNR 性能优势在单源、固定或随机传感器网络下成立，且逼近 CRLB；""多源""结论只在两源、时域重叠但中心频率不同、且缺少同条件多源基线的条件下成立，作者自己承认两源互干扰使高 SNR 段精度饱和；""复值路径衰减下有效""仅与 D-ADPD 对比且以本算法的粗定位结果为初值（对 D-ADPD 是利好设置）；算法收敛所需步长敏感（Fig.6，μ=5 出现振荡），论文提示步长选择关键。外推限制：论文未验证 K > 2、未验证同频多源、未给出源数估计环节，故不能把该结论外推到""时频混叠多源""场景。","1) 把频域 MMSE 成对残差代价函数引入单跳分布式 DPD，并在代价函数中显式加入待估的相位补偿项 φ_{i,m}（式(25)(26)(48)），使算法在复值路径衰减系数下仍能收敛——这是相对同组前作 D-ADPD [27] 的实质性扩展（[27] 假设路径衰减系数为实值）。2) 给出 DTV-Burg：把 Burg 谱估计从单传感器扩展到分布式网络，用扩散策略最小化局部加权平均预测误差功率并融合 AR 模型参数（式(12)(13)(18)(19)），并针对低 SNR 下反射系数被低估引入放大因子与单位圆截断（式(16)(17)）；实验上确实把 −15 dB 时的虚警率从传统 Burg 的约 0.36 降到约 0.05。3) 提出 RNTDWOA：用环形邻域拓扑改造 WOA 的""包围猎物/搜寻猎物""操作（式(30)–(34)），使同一传感器内不同粒子收敛到不同极值，从而在粗定位阶段保留多源解，并把该机制扩展到传感器间（式(33)、Fig.3）；实验上相比 RNTPSO[41] 粗定位误差减半，并在 −15 dB 仍能收敛。4) 工程性：完整给出单跳、无多跳转发、可流水线处理的分布式实现与通信量/计算量分析（第9页，Table I，平均通信量 2ζ(N + Q·N_iter)，粗定位阶段最大 2ζ(t_max + N_p + MQ)）。","1) 多源可分性建立在""时域分离""或""中心频率不同""之上，论文没有给出同频同时多源的可分辨条件；且作者自述同功率两源时 SINR 收敛到约 0 dB，导致高 SNR 段精度饱和（第12、14页），这实质上是算法结构性限制而非实验设置问题。2) 缺少源数 K 的估计环节：低 SNR 下靠 DBSCAN（epsilon = 100 m，minPts = 15）从粒子适应度中取簇，无虚警/漏检评估，论文 Fig.10 中红色曲线中断即""minimum number of particles required for clustering is not satisfied""导致整次定位失败；§IV-D 的通信量公式又把源数 Q 当作已知量。3) 代价函数的计算依赖传感器对之间的相位补偿项 φ_{i,m}（式(48)(49)(50)），其数量随源数 Q 与邻居对数 ζ 增长，第9页的复杂度 O(ζ|F|N_iter + ζL log L) 中的 ζ 与 |F| 在源数增多时如何变化未讨论；复值相位补偿下的收敛性只有仿真结果、无理论证明。4) 论文自身数值存在不一致：第11页同一段先写反射系数放大因子 1.5、后写 h = 1.2；采样率 f_s 与 Burg 阶数 Γ 的具体取值未给出，影响复现。5) 多源精定位实验缺少同条件基线（作者以 [21] 不面向多源、两步法需先分离信号为由把可比方法排除在 Fig.14 之外），故 Fig.14 只支持""DDPDF 在两个目标上 RMSE 最低""这一相对本组前作的说法，缺乏与独立多源方法的比较。","这是一篇工程价值明确、方法链条完整但创新为""渐进式组合""的工作。问题价值成立：低 SNR 下 DPD 的初值质量与信道相位偏移确实是既有单跳分布式 DPD 的实际痛点，作者把粗到细、扩散优化、相位补偿三条线整合成一条可流水线部署的流水线，并与本组两篇前作（[27] D-ADPD、[36] D-MCDPD）形成清晰的技术谱系。方法合理性上，频域成对 MMSE 残差配合显式相位补偿项在数学上是自洽的，RNTDWOA 用环形邻域保留多极值的思路也有 Fig.2/Fig.3 的机制解释与 Fig.9/Fig.10 的支持。但创新程度有限：分布式 Burg（DTV-Burg）是 Burg 与扩散 LMS 的常规结合，WOA 改造是在现有 ring-topology PSO 思路（[41]）上的仿写，代价函数结构与作者自己引用的 [21][27][36] 同源；真正的技术增量主要是""频域 + 相位补偿 + 保留多极值""的组合。实验证据强度中等偏上：单源场景 1000 次 Monte Carlo、含 CRLB、含随机网络拓扑与复值衰减，证据链较完整；但多源实验既无同条件基线也无源数评估，Fig.14 的结论强度明显弱于单源。实际应用价值较好：单跳、无全局融合、可流水线化的设计对资源受限传感器网络有实际意义。需要注意作者声称的""优于""必须以""路径衰减系数设置、是否使用本算法粗定位结果作初值""等条件为前提：在 §V-F 与 §V-F 复值对比中，D-ADPD 被用 DDPDF 的粗定位结果初始化，这对 D-ADPD 是偏利的设置而非偏不利，说明差异主要来自相位补偿项本身，而非初值。","(1) 是否已覆盖本项目想解决的问题？部分覆盖，且是本项目""公共选频 + 强传统求解器""这一创新边界的**核心威胁**。R27 确实具备完整的""选频（DTV-Burg 频点检测，式(20)(21) → 集合 F_i）+ 粗到细（RNTDWOA + DBSCAN → 梯度精修）+ 物理精修（相位补偿 φ_{i,m} 与位置联合迭代）""流程，且观测模型是每站单标量通道、源波形未知、站间同步，与本项目四站单天线高度一致，还宣称在低 SNR 下优于 D-ADPD 并逼近 CRLB。但它没有覆盖本项目最关键的三件事：其一，F_i 是""接收信号总频谱的占用频点集合""，是逐站的、针对混合信号的频点判决，不是逐源占用频段，更不产生""频率—源—位置""的对应关系；其二，它不估计源数 K，多源时靠 DBSCAN 阈值聚类取峰，且论文 §IV-D 把源数 Q 当已知量用于通信量分析；其三，它的多源可分性明确依赖时域分离或中心频率不同（§V-A、§V-F），对同频带、同时到达的时频混叠多源没有给出可分辨条件，作者自述同功率双源时 SINR 收敛到约 0 dB、高 SNR 段 RMSE 曲线""negligible variation""，这正是本项目场景下的失效点。(2) 能否作为同条件基线？可以作为""公共选频 + 传统求解器""一侧的直接基线候选，但需要适配：把本项目四站几何与 4096 点短 IQ 代入，把 R27 的 M=10、4000 采样、L=3000、N_iter=1000 的预算压缩到本项目的观测长度与计算预算；同时必须显式补上 K：本项目 K=2/3 时由第三章给出 K，再把 R27 的 F_i 作为""公共频带""输入其频域代价函数，作为""公共选频 + 传统求解器""的对照臂。注意 R27 的 DBSCAN 阈值（epsilon = 100 m）与本项目细网格 10 m 量级网格尺度需重新标定，否则聚类结果不可比。(3) 是否压缩创新空间？压缩""选频有用""与""粗到细 + 物理精修有用""这两条弱命题——R27 已在低 SNR 单源下证明频域选频配合迭代精修有效，因此本项目不能仅以""引入选频""或""学习辅助物理后端""作为贡献点。但不压缩本项目最核心的候选贡献：""在短混合观测下，逐源定位权重相对公共选频 + 适用传统求解器具有独立价值""——恰恰相反，R27 的 §V-A/§V-F 的时域分离/频率分离前提、以及第12页 SINR→0 dB 的饱和现象，为本项目""逐源权重""的必要性提供了**反向证据**：公共选频无法区分同频带内的多个源。(4) 可直接借鉴与必须避开的：可借鉴——a) 频域成对 MMSE 残差代价（式(25)(26)）作为定位后端损失形式，可直接用于本项目细网格空间谱的物理一致性约束；b) 显式相位补偿项 φ_{i,m} 的闭式梯度（式(36)(37)(49)(50)）可复用，使本项目后端不必假设实值衰减；c) 用粒子保留多极值再聚类取峰的思路（RNTDWOA + DBSCAN）可作为""公共选频 + 传统求解器""基线臂的实现细节；d) 频域检测在高 SNR 反而有害这一发现（第14页）提示本项目在构造频带报告时要避免把频带过度截断。必须避开——a) 不要把""频点检测""当成""逐源频段分割""，R27 的 F_i 是混合频谱的占用点，用它冒充逐源频段会直接落入 R27 已覆盖的范围；b) 不要把源数交给 DBSCAN 一类阈值聚类，那正是 R27 的缺口，也是本项目第三章 K 估计的价值所在；c) 不要假设多源可分性成立，R27 的双源可分前提（时域分离/中心频率不同）在本项目""同频带时频混叠""场景下不成立，若照搬其代价函数，两源互干扰会把 RMSE 压到地板，重演 Fig.14 的饱和现象。","单源假设与信号模型：§II-A、§II-B，第3页式(2)–(6)；分布式 Burg 与扩散更新：§III-B，第4页式(11)–(19)及 Algorithm 1（第4页右栏）；反射系数放大与单位圆截断：第4页式(16)(17)与第4页右栏文字；频点检测判决与均值阈值：第5页式(20)(21)；F_i 定义与集合含义：第5页左栏""Let F_i be the set of indices of the detected frequency components""；频域 MMSE 代价函数：第5页式(22)–(28)；时域 sinc 插值问题（对 [27] 的批评）：第6页左栏首段；RNTDWOA 的环形邻域与三次更新：第6–7页式(29)–(34)、Fig.2（第6页）、Fig.3（第7页）、Algorithm 2（第7页）；适应度与相位项闭式解：第7页式(35)(36)(37)；粗定位结果共享阈值：第8页式(38)；精定位梯度与扩散融合：第8页式(39)–(43)、第8页式(44)–(50)；Metropolis 权重：第8页式(43)；流水线总体流程：§IV-D、Algorithm 3（第9页左栏）；复杂度对比：第9页 Table I；传感器坐标：第9页 Table II；仿真参数：§V-A，第10页左栏（10 传感器、4000 m×4000 m、中央 2000 m×2000 m、R = 1800 m、两源 [0,200] 与 [500,200]、LFM 2 MHz/0.4 ms/100 W、N_exp = 1000、L = 3000、N_p = 10、t_max = 50、N_iter = 1000、N = 4000、DBSCAN epsilon = 100 m/minPts = 15、Th = 100 m、μ_i = 0.5、β_i = 0.0005）；收敛与步长敏感性：Fig.4（第10页）、Fig.5（第10页）、Fig.6（第10页）、式(51)(52)（第10页）；DTV-Burg 检测率/虚警率数值与放大因子 1.5 与 h = 1.2 的矛盾表述：第11页左栏末段与右栏首段、Fig.7(a)–(d)；时分代价函数对比：第11页 Fig.8 与第12页左栏首段；粗定位对比数值：第12页 Fig.9、Fig.10 与第12页右栏文字；单源精定位对比与 5 dB / 10 dB / 10 m / 0.1 m / 30 m / 1000 m 等数值：第13页 Fig.12、Fig.13 及第13页右栏；随机布站：第13页 Fig.13 与右栏；两源场景 SINR→0 dB 与 RMSE 饱和、缺少同条件基线的原因说明：第12页右栏、第14页 Fig.14 与第14页左栏首段；复值路径衰减对比与频域检测在高 SNR 有害：第14页 Fig.15、第14页左栏末段；失效节点与时延：第15页 Fig.16、式(55)、第15页左栏；CRLB：Appendix 第15页式(56)(57)；结论：§VI 第15页；作者自评的参数与设置局限散见 §V-E、§V-F（第12–14页）。"
"R28","Bandpass Signal Design for Passive Time Delay Estimation","Nanzer J. A., Sharp M. D., Brown III D. R., IEEE Asilomar Conference on Signals, Systems and Computers (ACSSC)，2016，第 1086–1091 页","针对「带通信号的频谱形状如何影响被动时延估计精度」这一问题，作者在 Weiss–Weinstein 的平坦带通模型（式(1)）基础上引入「分裂带通（split bandpass）」谱模型——在总带宽 W 的两端各取宽 B 的对称子带、把 B/W 作为可控设计参数——用修正 Ziv-Zakai 下界（MZZLB）与 Monte Carlo 最大似然时延估计器分析了三个工作区间的迁移，结论是：增大均方带宽 β² 可在中高后处理 SNR 下改善时延估计精度并让无模糊区间提前到来，但在中低 SNR 下会因新增的 B-模糊（错误峰）而使性能显著恶化（本例中相对 MSE 可差 3 个数量级以上）。","对象为两个接收点之间单一未知时延 τ 的被动估计（Section III 的观测模型 y(t) = a s(t−τ) + w(t)，0 ≤ τ ≤ D），信号为带通（bandpass）雷达／同步／分布式波束形成等系统使用的确定性已知模板波形 s(t)。关键约束：时延上界 D 已知（先验位于 [0, D]）；信号与噪声带宽受限（模板谱在支撑外为零）；时间带宽积 2BT（或 TW/2π）显著大于 1；信噪比以后处理 SNR R 参数化。论文明确考虑的信号是「设计出来的」信号（本机已知模板），不是未知辐照源波形；全文只处理单源、单时延，不含多源、不含阵列、不含空间位置。","观测为单通道连续／离散时间信号 y(t) = a s(t−τ) + w(t)（第 1089 页 §III 开头），s(t) = cos(Ω₀t)u(t) 为已知带通模板（式(20) 前一行），u(t) 为带限基带信号（|Ω| ≥ Ω₀ 时 U(Ω)=0）；w(t) 在模板谱支撑内为平坦谱噪声。离散观测 y[k] = y(kT_s)，s[k] = s(kT_s)，采样率 T_s = 1/f_s，离散时延 k̂ ∈ [−D/(2T_s), D/(2T_s)]。频域模型由 SNR(Ω) 描述：平坦带通为 SNR(Ω) = SNR（|Ω±Ω₀| ≤ W/2）、其余为 0（式(1)）；分裂带通为在 [Ω₀−W/2, Ω₀−W/2+B] ∪ [Ω₀+W/2−B, Ω₀+W/2] 上非零（第 1088 页 §II-2）。未知量为单个标量时延 τ（及幅度 a）；噪声统计已知（平坦谱）。不含多普勒、不含多源叠加、不含阵列相位。","论文回避未讨论。全文只存在一个时延参数（单一 y(t) = a s(t−τ) + w(t)，第 1089 页式(19) 之前的观测方程），不存在源数这一变量的定义、估计或使用；第 1—2 页摘要、Introduction、Section II—V 与图 1—5 均未出现 K/Q 或模型阶数选择的内容。因此「源数」概念在本文框架内不存在，属论文未讨论。","三层结构。第一层，理论下界：以修正 Ziv-Zakai 下界（MZZLB，式(5)：σ² ≥ (1/D)∫₀^D x G[(D−x)P_e(x)]dx，其中 G[f(x)] = max_{x≤t≤D} f(t) 为式(6) 的「填谷」算子；P_e(x) ≥ P̄_e(x) = exp{−d(x)}·Q(√(c(x)))）为统一工具。对平坦带通信号解析算出 c_flat(x) = R(1 − S_W(x/2)cos(Ω₀x)) 与 d_flat(x) = πR²/(8WT)·[3 − 4S_W(x/2)cos(Ω₀x) + S_W(x)cos(2Ω₀x)]；对分裂带通算出 c_split(x) = R(1 − S_B(x/2)cos((W−B)x/2)cos(Ω₀x)) 与 d_split(x) = πR²/(16BT)·[3 − 4S_B(x/2)cos((W−B)x/2)cos(Ω₀x) + S_B(x)cos((W−B)x)cos(2Ω₀x)]。关键机制：把 c(x)、d(x) 在 x→0 用 Maclaurin 展开得到 c ≈ c̄²x²（c̄² = RΩ₀²/2）与 d ≈ d̄⁴x⁴（d̄⁴ = R²(2π/·)Ω₀⁴/4），再在 x = x_n = 2πn/Ω₀ 处取上界（式(9)(10) 与式(15)），得到 ĉ² 与 d̂⁴，把式(5) 化成式(11) 的闭式积分——这是全文的关键技术步骤：c̄、ĉ 承载「模糊度」（相关函数的旁瓣结构），d̄、d̂ 承载「均方带宽」，两者分别主导低 SNR 与高 SNR 区间。第二层，区间刻画：由式(11) 三项（第一项含 c̄ 与 d̄、第二项含 ĉ 与 d̂、第三项为 D²/6·Q(√R) 的 no-information 项）分别占优，解析出平坦带通的三段区间（第 1087 页末至 1088 页）：R ≪ 1 时 σ² ≈ D²/12（no information）；1 ≪ R ≪ （含 1/(W²ĉ⁴) 量级）时 σ² ≈ 6/(W²R)（ambiguity-dominated，相当于 Barankin 界 σ² ≥ 6/(W²R)，式(4)）；R 很大时 σ² ≈ 1/(2Ω₀²R)（ambiguity-free，等于 CRLB）。转换区阈值由式(13) R'_flat = f'(Ω₀/W) 与式(14) R''_flat = f''(Ω₀/W) 给出。第三层，把平坦带通结果平移到分裂带通：只需把 W²/12 替换为 β²。论文由式(15) 的推导给出分裂带通的均方带宽闭式 β² = (B² + 3(W−B)²)/12，并定义相对均方带宽 α ≜ β²/(W²/12) ∈ [1, 3)；式(16)(17) 给出 R'_split = f'(Ω₀/(√12β)) 与 R''_split = f''(Ω₀/(√12β))，从而 R'_split/R'_flat = 1/α，R''_split/R''_flat = (1/α)·[Q^{-1}(αW²/(24Ω₀²))/Q^{-1}(W²/(24Ω₀²))]²。与已有方法的主要差异：不提出新的估计器，而是把 [1][2] 仅适用于「平坦谱 + 带内 SNR 恒定」（式(1)）的经典结论推广到可调的非平坦谱形；并额外发现分裂带通在低 SNR 下存在「B-模糊主导」这一平坦带通所没有的第四个子区间。第四层，估计器实现（§III）：先用离散相关取峰 τ̂ = k̂T_s（式(20)(21)），再用式(22)(23) 的两路正余弦相关 z_i[k]、z_q[k] 做 θ = ω₀(τf_s − k̂) 的精化 τ̂ = (k̂ + θ/ω₀)T_s；针对式(24) |k̂ − τf_s| ≤ π/ω₀ 不满足时会选错相关峰的问题，提出保留 N 个候选离散时延 τ̂₁…τ̂_N 并取式(25) 的 ML 最大者。","仅机制；输入信息层级：理想量测之上的「已知模板波形 + 纯时延参数」层——比原始混合 IQ 更高层，属于单源双站时延估计的性能界分析，连「已提取时延」都不是（它分析的是提取时延所能达到的精度界）。触发该判定的具体条件：1. 波形已知——s(t) = cos(Ω₀t)u(t) 是本机生成的模板（式(20) 前的定义），本项目发射波形未知，模板相关式(19)(20)(25) 全部不可用；2. 单源单时延——式(19) 的 y(t) = a s(t−τ) + w(t) 只含一个 τ，无多源叠加、无源数概念；3. 无阵列——只给了单通道模型，不含空间导向矢量，无法直接给出位置；4. 谱形确定——SNR(Ω) 是设计者指定的确定性分段函数（式(1) 与 §II-2），而本项目各源占用频段未知且时频混叠，SNR(Ω) 不是可控设计量。失效条件：只要波形未知、或存在第二个源、或需要把时延界转成位置界（几何精度因子 GDOP 与站间几何未在文中出现），论文的式(11)、区间划分与图 3—5 的结论都不再直接适用。可迁移的只是其定界方法与「均方带宽 ↔ 模糊度」的权衡定性结论。","全部为自造仿真（无实测、无公开数据集；资助来源为 Naval Sea Systems Command 与 NSF，但正文未提到实测验证）。统一仿真参数（第 1090 页 §IV 与图 3 图注）：载频 Ω₀ = 2π·4000（归一化后 Ω₀ = 2π×4000 rad/s）、分数带宽 W/Ω₀ = 1/100、时间带宽积 TW/2π = 50、最大时延 D = 10⁵ T₀（T₀ = 2π/Ω₀）、采样率 f_s = 16 kHz。曲线构成：数值积分得到的 MZZLB（分别对应 conv. bandpass model 与 split bandpass model）；Monte-Carlo 最大似然估计器四种实现——纯离散时间相关、精化相关 + 1 个候选时延、+2 个候选、+10 个候选。图 5 为相对 MSE（分裂带通 MZZLB 与平坦带通 MZZLB 之比），扫描 B = W/100、W/50、W/20、W/10、W/2，横轴为后处理 SNR（dB），纵轴比值范围约 10⁻⁴—10⁴。论文未给出 Monte Carlo 次数、仿真时长、噪声样本量等具体数值（论文未说明）。对比对象只有「同一 MZZLB 框架下 B = W/2 的平坦带通」这一自我对照，无与其他时延估计器（如广义互相关 GCC、MUSIC 时延估计）的横向对比。评价指标为时延估计 MSE（TOA error variance bound，单位 sec²）与相对 MSE。","1) 平坦带通（图 3，第 1090 页）：数值积分的 MZZLB 与 Monte-Carlo MLE 三条曲线在三个区间内贴合，验证 §II-1 的区间划分与阈值式(13)(14)；离散时间相关（无精化）在约 55 dB 后出现明显误差地板，作者归因于 f_s = 16 kHz 采样对时延估计的量化效应；加 1、2、10 个候选时延的精化后，MLE 在约 45–50 dB 区间达到无模糊区间，且候选数越多到达略早。2) 分裂带通（图 4，第 1090 页，参数同图 3 且 B/W = 1/10）：MZZLB 与 MLE 同样贴合，并清楚显示出**两个**模糊主导子区间——低 SNR 的 B-模糊主导（MSE ≈ 6/(B²R)）与较高 SNR 的 β-模糊主导（MSE ≈ 1/(2β²R) ≈ 2/((W−B)²R)），两者之间的转换发生在约 25–30 dB（第 1090 页右栏原文：“the transition from B-ambiguity-dominated to β-ambiguity dominated behavior between 25–30 dB post-integration SNR”）。3) 分裂带通相对平坦带通的净增益（图 4、图 5 与第 1090 页右栏）：在约 30 dB 到 50 dB 之间分裂带通更好，且「特别是在分裂带通已进入无模糊区间、而平坦带通仍处于模糊主导区间的约 45–50 dB 区间」增益显著；图 5 的措辞给出「significant gains (exceeding three orders of magnitude in this example)」。4) 代价（图 5 与 §V）：在中低 SNR 下分裂带通显著更差——B/W 越小，均方带宽 β² 越大（β² = (B²+3(W−B)²)/12），但 B-模糊越强，分裂带通优于平坦带通的 SNR 区间反而收窄；B/W 极小时 B-模糊「dominates the performance except at very high and very low post-integration SNRs」（第 1091 页左栏）。5) 数值例（第 1088 页右栏）：W/Ω₀ = 1/100、B/W = 1/10 时 α = 2.44，转换区起点左移约 3.9 dB、终点左移约 4.3 dB。上述结果全部在单源、已知模板、确定性 SNR(Ω) 谱形、理想平坦噪声的仿真条件下成立；论文未测试宽带多径、波形失配、多源、阵列等情形。","论文未提供代码或数据链接。仿真参数的数值给得较完整：Ω₀、W/Ω₀、TW/2π、D、f_s、B/W 扫描值、图 5 的相对 MSE 定义均可读到，理论上可复现主要曲线。未给全的部分：Monte Carlo 次数与仿真时长未说明；ML 估计器式(20)(25) 中候选时延 N 的取值虽有 1/2/10 三档，但候选时延的选取规则（如何挑出这 N 个）论文只给了原则性描述（“The number of candidate delays is a parameter that can be selected...”），未给具体算法；基带信号 u(t) 的具体形状未明确给出（只说 bandlimited），而 u(t) 决定相关函数旁瓣结构，对 B-模糊的实际表现有影响，属可复现性缺口。作者自评的局限：第 1089 页明确离散相关法在准周期相关函数下「may select an incorrect correlation peak ... even at infinite SNR」，并指出精化与过采样会增加计算复杂度；第 1091 页指出极小的 B/W 会使 B-模糊在除极高／极低 SNR 外主导性能。","第一层（作者结论，§V 第 1091 页）：带通信号设计给出四个工作区间——(i) no-information、(ii) B-ambiguity-dominated、(iii) β-ambiguity-dominated、(iv) ambiguity-free；在保持固定且远大于 1 的时间带宽积的前提下增大分裂带通信号的均方带宽，可在中高后处理 SNR 下改善时延估计性能，并让从模糊主导到无模糊的转换在更低 SNR 处发生；代价是在低 SNR 下因 B-模糊主导区间的新增模糊而变差；B = W/2 时退化为 Weiss–Weinstein 的经典结果。第二层（实验实际支持的结论）：(a) 「增大 β² 提升高 SNR 精度」直接由经典界式(2) σ² ≥ 1/(2β²ℰ/N₀) 给出，本质是已知结论的重新参数化，其新意只在于把 β² 与可控的谱形参数 B 显式联系起来；(b) 「分裂谱带来额外模糊、低 SNR 变差」在仿真中体现明确（图 5 的相对 MSE 在低 SNR 达 10³—10⁴ 量级），但仅有自造仿真、无实测；(c) 转换区左右移的 3.9 dB / 4.3 dB 只在 W/Ω₀ = 1/100、B/W = 1/10、TW/2π = 50 这一具体参数点验证，不能外推到其他带宽比与时间带宽积；(d) 结论依赖模板完全已知、噪声谱平坦、单一无模糊先验 D 这些条件，对波形失配、有色噪声、多源均未测试；(e) 由于全文不含源数、阵列与位置参数，其结论不能外推到「多源定位」场景。","1. 提出「分裂带通」谱模型并给出其均方带宽的闭式 β² = (B² + 3(W−B)²)/12 与相对均方带宽 α = β²/(W²/12) ∈ [1,3)，把「频谱形状设计」这一自由度写成单一标量 B，使「谱形 ↔ 时延估计精度」可解析讨论。2. 用 MZZLB 闭式积分（式(5)(11)）刻画出分裂带通特有的四个工作区间，识别出平坦带通所没有的「B-模糊主导」区间以及 B-模糊→β-模糊的转换（约 25–30 dB），这是对 [1][2] 结论的实质扩展。3. 给出转换区阈值的解析平移关系（式(16)(17)：R' ∝ f'(Ω₀/(√12β)) 等，以及 R'_split/R'_flat = 1/α），把「增益多少 dB」变成可计算的量而非经验观察。4. 提出带候选时延保留（式(25)）的时延精化流程，缓解带通信号准周期相关函数导致的错误峰选择（式(24) 条件）。","1. 只处理「波形已知的单源单时延」：观测方程 y(t) = a s(t−τ) + w(t) 中没有第二个源、没有未知波形、没有阵列，因此其结论无法直接支撑任何多源或多站定位的判断；作者也从未把结果与定位（位置）误差联系起来。2. SNR(Ω) 谱形被当作可由设计者自由指定的确定性函数，而本文并未讨论当谱形由外部环境或未知源决定时如何得知它——这正是本项目「各源占用频段未知且混叠」场景下最关键的前提缺口。3. 定量结论参数覆盖窄：图 3—5 只扫了 B/W 一个维度，W/Ω₀ 固定为 1/100、TW/2π 固定为 50；论文正文明确说「the performance gains are significant especially in range of post-integration SNRs ... (approximately 45-50 dB)」，即增益区间依赖这一具体参数点，外推性未被检验。4. 缺可复现细节：Monte Carlo 次数、基带波形 u(t) 的具体形式、候选时延的选取规则均未给出，导致图 3—5 难以逐点复现，尤其是 B-模糊的幅度对 u(t) 旁瓣敏感。","这是一篇定位清晰的「性能界推广」类会议论文，问题价值明确：它回答的是一个设计问题（带通谱形怎么影响时延估计精度），而不是提出新算法。方法合理性高——在 MZZLB 这一公认的紧界框架内做 Maclaurin 展开与上界替换，推导链条完整，式(11) 的三项分解把「模糊度」与「均方带宽」拆成可分别操控的因子，是其最有价值的技术内容；式(15) 得到 β² 的闭式也把「谱形参数化」落实到一个可用标量。创新程度中等：以 B/W = 1/2 退化为 Weiss–Weinstein 结果是明确的自我定位，增量在于把经典结论推广到非平坦谱并发现额外的 B-模糊区间；但「高 SNR 下界由均方带宽决定」这一核心机理在 1983 年 [1] 中已经给出（式(2) 即为本文重述），因此本文不宜被当作新机理。实验证据强度中偏弱：全文为纯仿真、参数只覆盖单一 W/Ω₀ 与 TW/2π 点、没有与其他时延估计算法对比，且未公开代码；但作为「下界与区间划分」的验证性仿真，其目标本就不是算法竞赛，图 3—4 中数值积分界与 MLE 良好贴合这一点是有说服力的自洽性证据。实际应用价值在于给分布式相参系统（distributed beamforming、同步）的信号波形设计提供量化设计曲线。","(1) 覆盖程度：R28 完全不覆盖本项目的核心问题（源数 K、逐源占用频段、逐源位置、频率—源—位置对应）。它既不涉及多源，也不涉及定位，只做单源已知模板的双点时延精度界。但它覆盖了本项目的**候选创新点所依赖的那条机理**：即「对接收谱做加权选择」能带来什么、代价是什么。(2) 同条件基线：不能作为同条件基线——输入层级完全不同（它需要已知模板波形，本项目波形未知；它只有单源）。严格来说它连「条件适用」都构不上，只能作为理论判据引用。(3) 创新空间压缩：**压缩明显，且是四篇中压缩最直接的一篇**。第一，「把权重集中到可用频段以提升定位精度」这一思想的收益上限早已被式(2) σ² ≥ 1/(2β²ℰ/N₀) 定量刻画，β² 是均方带宽，是 1983 年经典结果；若本项目把「学习权重提升定位精度」作为主要卖点，必须说清它与「提升均方带宽」这一已知机理的差别，否则审稿人会直接引 [1][2] 或本文。第二，本文第 1091 页明确给出低 SNR 下选频的代价：把谱能量推到带边缘虽然增大 β²，却制造周期性相关旁瓣，导致 B-模糊主导区间 MSE ≈ 6/(B²R)，本例中相对 MSE 可差 3 个数量级以上——这意味着「学习到的稀疏／边缘化权重」在低 SNR 或短观测下很可能反而制造错误峰，本项目的短时混合 IQ（4096 点、K=2/3 多源）恰好处在这一危险区。第三，唯一未被本文覆盖、因此仍可能构成创新的是：本文的 B/W 是由设计者选择的**全局单一标量**，谱形对两个接收点相同、且假定已知模板；而本项目要做到的是**逐源、数据驱动、在源谱未知且互相混叠的条件下**给出权重，并且权重只对某个源有效（其他源在该权重下被抑制），这是本文结构中不存在的自由度。(4) 可直接借鉴的机制与须避开的陷阱：可借鉴——把「定位用频率权重」的有效性论证放在均方带宽 β² 这一可计算量上，用 σ² ≥ 1/(2β²ℰ/N₀)（式(2)）给出权重方案的**理论上界对照**，即在相同 β² 下学习权重不应超过该界，这可以作为「学习权重是否有独立价值」的定量检验而不是仅凭端到端指标；式(24)(25) 的候选峰保留机制可直接用于本项目细 DPD 阶段的多峰（多源）输出筛选，避免只取全局最大峰。须避开的陷阱——(a) 不要把「加权后精度提升」直接当作创新，先算 β² 的变化并与式(2)/(4) 对照，若改善可由 β² 增大解释就不是新机理；(b) 不要在低 SNR／短观测下使用过度集中的稀疏权重，本文已证明此时会进入模糊主导区间并产生错误峰，本项目报告指标时应同时给出「错误峰率／漏源率」而不只给位置 RMSE；(c) 本项目公共选频对照（R23 的能量保留规则）与学习权重的比较，应当设计成「在相同有效 β² 或相同保留带宽比例下比较」，否则比较会被本文的 β² 效应解释掉，失去说服力。","标题、作者与摘要（含「(i) 性能在中高 SNR 改善、(ii) 在中低 SNR 变差」的原文措辞）、Index Terms、Fig. 1（三个工作区间示意）与式(1)–(4)：第 1086 页 §I；「时间带宽积远大于 1」假设、MZZLB 式(5)(6)、c_flat/d_flat 定义、式(9)(10)、式(11) 的三项分解、平坦带通区间 1) 2) 3)：第 1087 页；式(13)(14) 的转换区阈值、分裂带通 SNR 定义、c_split/d_split 表达式、式(15) 及其后「β² = (B²+3(W−B)²)/12」、α 的定义与 ∈[1,3)、式(16)(17)、R'_split/R'_flat = 1/α 与 R''_split/R''_flat 表达式、W/Ω₀ = 1/100 与 B/W = 1/10 时 α = 2.44 / 左移 3.9 dB / 4.3 dB 的数值例：第 1088 页 §II-2；下变频（式(18)）后的三个子区间 1) R ≪ 1: σ² ≈ D²/12、2) 1 ≪ R ≪ 3(W−B)²/B²: σ² ≈ 6/(B²R)、3) R ≫ 3(W−B)²/B²: σ² ≈ 2/((W−B)²R)，以及 β² 近似 (B²+3(W−B)²)/12 ≈ (W−B)²/4、B-模糊与 β-模糊的 MSE 对比、完整的分段 σ² 汇总式（含 R < 0.4613 与 R₂ 的定义）、式(19)–(21) 与式(22)(23) 的 θ 精化、式(24) 的 π/ω₀ 条件、式(25) 的候选时延 ML 选择：第 1089 页 §II-2 末至 §III；§IV 起始、图 3 图注（Ω₀ = 2π·4000、W/Ω₀ = 1/100、TW/2π = 50、D = 10⁵T₀、f_s = 16 kHz、B/W = 1/10）、「25–30 dB 处 B-模糊转 β-模糊」、「30 dB 到 50 dB 分裂带通更好」、图 4 图注与图例：第 1090 页；图 5 图注（B = W/100, W/50, W/20, W/10, W/2 与「比值小于 1 表示分裂带通更优」）、图 5 相关正文（「gains exceeding three orders of magnitude」与「B-模糊在极小 B/W 时主导」）、§V CONCLUSION 全文、参考文献 [1] Weiss & Weinstein 1983、[2] Weinstein & Weiss 1984、[11] Knapp & Carter 1976：第 1091 页。"
"R29","Direct Position Determination in Presence of Uncertain Propagation Loss","Ming-Yi You（单一作者），IEEE Transactions on Vehicular Technology（IEEE TVT），2026，75(3)，5151–5155（Correspondence 短文，共5页）","针对单个静止非合作源、L(≥2) 个运动接收站在路径损耗参数（大尺度损耗指数 α、小尺度衰落 ε_l、未知初相 β_l）先验未知条件下的直接定位问题，论文把位置与信道状态参数放在同一个最大似然代价函数中联合估计，用 BCD（block coordinate descent）风格迭代算法分块求解，并推导位置与信道参数的 CRLB；数值结果表明位置估计优于两步法，但信道参数的联合估计只有在 α 具有部分先验时才能改善定位精度。","单个静止（stationary）非合作辐射源位于 u=[x,y]^T（二维平面），L≥2 个时频同步的运动接收机（moving sensors），接收机的位置 p_l(t) 与速度 ṗ_l(t) 由 GPS 等定位系统提供（式(1) 前的设定，第5151页）。传感器 1 为中心接收机，其余为辅助接收机，所有接收机同步采集并把采样信号送到中心站统一处理（第5151页 §II）。信道为视距（LoS）场景，采用对数距离路径损耗模型加阴影衰落与未知初相；应用背景为 IoT 与快速移动平台上的非合作源定位（第5151页 §I）。论文明确假设信号在采样期间是平稳的、且信道衰落 a_l(t)=a_l 在采样时长内恒定。约束要点：(a) 源只有 1 个，全文不涉及多源分辨与源数问题；(b) 依赖接收机运动带来的多普勒（FDOA 类信息）；(c) 传感器位置存在不确定性时另行分析（第5154页右栏）；(d) 窄带模型成立条件为 b_w ||ṗ_l(t0)|| T_s ≪ c（第5151页右栏末段）。多径场景被作者列为未来工作（第5155页 §VI）。","每个接收机为单通道（单传感器/单天线，论文只写 ""sensors"" 与接收信号 z_l(t)，未见阵元概念），在时域采集。带通模型 z_l(t)=a_l(t)s(t−τ_l(t))+w_l(t)（式(2)），窄带展开后 z_l(t)=a_l s(t−τ_l0)e^{j2π f_dl t}+w_l(t)（式(4)）；时延 τ_l(t)=||u−p_l(t)||/c（式(1)），多普勒 f_dl=(f_c/c)·(ṗ_l(t0))^T·(u−p_l(t0))/||u−p_l(t0)||（式(5)）。采样后得 z_l[n]（式(6)），N 点采样，经 DFT 写成 z_l = a_l D_fdl F^H D_τl F s + w_l，进而堆叠为 z=ÃQs+w=ψs+w（式(7)(8)）。未知量：源位置 u=[x,y]^T、大尺度损耗指数 α、小尺度阴影衰落 ε_l（等价参数 δ_l）、各站未知初相 β_l、发射基带波形 s（未知确定性未知量）以及噪声 w_l（零均值、统计独立的循环复高斯，协方差 σ_w^2 I，各站独立）。波形 s 由 (13) 式给出 MLE：ŝ=a_Σ^{-2}(ÃQ)^H z，其中 a_Σ^2=Σ_l ||a_l||^2，即回代到代价函数中（第5152页 §III-A）。观测长度：仿真中 N=1024 采样点，f_s=100 kHz（第5153页 §V）。快拍数：论文按单次采集 N 点处理，未见多快拍协方差或分段处理描述。衰减因子模型见式(3)：a_l ≈ sqrt(η0) d_l^{−α} 10^{ε_l/10} e^{jβ_l}，η0 为参考距离 1 m 处接收功率。","已知K（K≡1，且论文直接按单源建模，不涉及源数估计）。全文未出现 K 的符号；模型式(2)、式(8) 均为单个发射信号 s(t) 与单个位置 u，式(8) 的流型矩阵 Ã=diag(a_1,…,a_L)⊗I_N 只对应一个源，代价函数 C_1、C_2、C_3（式(11)(14)(15)）也只对单个 u 求极值。因此属于「已知源数（单源）」的情形，论文未讨论多源、未讨论源数未知或无源（K=0）情形。第5155页 §VI 仅把多径模型列为未来工作，未提及多源。","整体思路是把 RSS/路径损耗信息显式纳入 DPD 的似然函数，与 FDOA（多普勒）信息联合，对位置与信道状态参数做联合最大似然估计，并用分块坐标下降法处理由此产生的高维优化。模块与机制：(1) 代价函数构造。由贝叶斯公式 p(θ|z) ∝ p(z|θ)p(δ)，θ=[u^T,α,δ^T]^T，δ=[δ_2,…,δ_L]^T 为相对小尺度衰落参数（δ 取零均值、协方差 Σ_δ=σ_s^2(I_{L−1}+1_{L−1}1_{L−1}^T) 的高斯先验），得到 C_1（式(11)）；关键推导是先用 (13) 式把未知波形 s 用 z 的 MLE 消去，得到不含 s 的 C_2（式(14)），并指出 C_2 与参考功率 η0 无关、仅依赖 α 与 ε_l；再由 |z_i^H(b_iQ_i)(b_jQ_j)^H z_j| 近似消掉未知初相 β 的影响，得到相位不敏感的 C_3（式(15)），其中噪声方差 σ_w^2 与 σ_s^2 只以整体比例出现。核心结论之一：位置 u 只通过相对幅度项 b_l=d_l^{−α}10^{δ_l/10}e^{jβ_l}（l=2,…,L）与相对时延/多普勒进入代价，绝对功率 η0 不可辨识——作者明确写出 ""Only the relative small-scale fading parameter can be estimated""（第5151页 Abstract）。(2) 迭代求解。Algorithm 1（第5153页左栏）采用 BCD：初始化 û_0、δ̂_{l,0}=0，然后循环（第 k 轮）依次 (i) 固定 û、δ̂ 由式(21) 更新 α̂_k；(ii) 固定 û、α̂ 与其他 δ_l 由式(22) 逐个更新 δ̂_{l,k}；(iii) 固定 α̂、δ̂ 由式(23) 更新 û_k，即 û_k=argmax_{u∈Ω} C_3(θ)。停机准则为 ||û_k−û_{k−1}|| ≤ ζ（式(17)）或达到迭代次数 N_I。(3) 初始化。û_0 由 (18) 式估 â_l=(Q_l s)^H z_l 后代入 C_1，(19) 式给出含 s 的形式；对未知 s 等价于 (20) 式的最大特征值形式 û_0=argmax λ_max(Σ_l Q_l^H z_l z_l^H Q_l)，作者指出这与文献[1] 的相干 DPD 等价。(4) 复杂度。由网格搜索的 O(N_s^2 N_α N_δ^{L−1}) 降到 O(N_I(N_s^2+N_α+(L−1)N_δ))，N_I 远小于各网格数（第5152页 §III-B）。(5) 性能界。以 Φ_1=[Re{s}^T,Im{s}^T,sqrt(η0),ε_1,β,θ_1^T]^T（式(24)）构造 FIM（式(25)），CRLB_Φ1=[J_Φ1]^{−1}（式(28)），再由子矩阵取迹平方根得到 CRLB_u、CRLB_uu、CRLB_uδ 与去掉 α 后的 CRLB_2、CRLB_2δ（第5153页 §IV）。与已有方法的主要差异：传统 DPD 只用 TDOA/FDOA/AoA 几何信息，本文把 RSS（幅度/路径损耗）信息与信道状态参数一并纳入 ML 代价，并配合相对参数化 + 消去未知波形与未知初相的处理；与文献[10][11] 的 RSS 辅助 DPD 相比，本文不假定损耗模型参数已知。","需重推适配；输入信息层级：原始混合 IQ（时域采样 z_l[n]，且论文确实对原始采样做处理、不依赖预先估计的 TDOA/FDOA，属于 DPD 类）。适配障碍有四项且都在论文中可直接核对：(1) 源数。全模型只有一个 s(t)、一个 u，式(8) 的 Ã 只含一组 a_l，多源混叠（本项目 2–3 源同频带混叠）时该模型不成立，需要重新推导含多源流型的似然与相应的相对参数化。(2) 观测域。本文的幅度因子 b_l=d_l^{−α}10^{δ_l/10} 要求各站接收幅度可比、且信道是 LoS 加对数正态阴影；本项目四站单天线短时 IQ 无功率标定与损耗模型先验，直接套用会把未标定的增益差误当作几何信息。(3) 运动。本文 FDOA（多普勒）项依赖接收机速度 ṗ_l(t0)≠0，本项目为静止四站短观测，故 (14)(15) 式中与 f_dl 相关的时变结构需退化重推（退化后仅剩相对时延与相对幅度）。(4) 同步。本文假定各站时频同步且采集样本可集中到中心站相干处理（第5151页 §II），本项目同为站间同步接收，这一条可沿用；但本文假定 s 在 N 点内不变且各站观测窗口对齐，本项目短观测下同样成立，可作为适配的有利条件。失效条件：当信道参数 α、δ 均无先验时，论文自身结果（CRLB_4≡CRLB_1、RMS_1 无法逼近 CRLB_3）表明此时 RSS 信息不带来定位增益，因此在本项目无功率标定的场景中不能期望靠信道参数联合估计获得收益。","数据来源：全部为数值仿真（第5153–5155页 §V），无实测、无公开数据集。基本几何（""typical scenario""，第5153页 §V）：源 u=[14.5,102.6]^T km；三个接收站位置 p_1(t0)=[40,1]^T km、p_2(t0)=[0,0]^T km、p_3(t0)=[20,100]^T km，速度 ṗ_1(t0)=[71.6,0]^T m/s、ṗ_2(t0)=[70,0]^T m/s、ṗ_3(t0)=[6,16]^T m/s；即 L=3、单天线。信号：BPSK 调制，带宽 25 kHz，载频 f_c=403 MHz，采样率 f_s=100 kHz，采样点 N=1024；路径损耗参数 α=1，小尺度衰落按先验 N(0,1) 随机生成的一组取值为 ε_1=0.8099、ε_2=0.5819、ε_3=1.3340。SNR 取值范围 −15 至 10 dB（步长 5 dB）。Monte Carlo：Fig.1/Fig.2/Fig.3/Fig.4 各 1000 个随机样本；迭代收敛性检查用 100 个样本。对比方法：两步定位法（two-step, 文献[14]，CRLB_two-Step 与 RMS_Two-Step）与不同先验水平的 CRLB（CRLB_1、CRLB_2、CRLB_3、CRLB_4）；本文方法分别记为 RMS_1（α、δ 均未知）与 RMS_2（α 已知先验）；另设 RMS_s（δ 先验取 0，即 Fig.2）以及 RMS_{u1}、RMS_{u2}（传感器位置不确定性场景，Fig.3）。评价指标：位置 RMS 误差（m）、代价函数 C_3(θ) 的 RMS（C_3^RMS）、信道参数 RMS 误差与对应 CRLB。第二组几何（Fig.4）：p_1(t0)=[0,0]^T、p_2(t0)=[0,50]^T、p_3(t0)=[50,0]^T km，源取 u=[25,25]^T km（internal-region）与 u=[60,50]^T km（outer-region），其余设置同 Fig.1。传感器位置扰动按 5 m 水平加入（Fig.3 说明）。论文未给出表格形式汇总的 SNR 与各方法 RMS 数值表，Fig.1–Fig.4 仅给出曲线。","(1) CRLB（表I，第5153页）：SNR=−15/−10/−5/0/5/10 dB 时，CRLB_1（α、δ 均未知）为 780.7/439.0/246.8/138.8/78.0/43.9 m；CRLB_2（部分先验）为 703.0/421.8/243.5/138.2/77.8/43.8 m；CRLB_3（α、δ 均已知先验）为 507.8/285.5/160.6/90.3/50.8/28.6 m；CRLB_4（把 a_l 当作完全未知变量）为 780.7/439.0/246.8/138.8/78.0/43.9 m，与 CRLB_1 完全相同；CRLB_two-Step 为 3553.1/1875.2/995.2/541.7/300.7/168.3 m，比所有 DPD 界差约一个量级（−15 dB 时约 4.5 倍）。(2) 迭代收敛（第5154页左栏）：C_3^RMS 在迭代 1、2、3、5、8、10 次时为 440.1456e-7、440.1462e-7、440.1463e-7、440.1464e-7、440.1464e-7、440.1464e-7，对应 RMS 位置误差 739.8/740.2/739.5/737.8/737.7/737.7 m，作者据此判断 5 次迭代足够。(3) 定位性能（Fig.1，第5154页）：RMS_1、RMS_2 均优于 RMS_Two-Step，低 SNR 时差距显著；两方法在低 SNR 偏离自身 CRLB，随 SNR 升高逐渐逼近；RMS_2 一致优于 RMS_1（α 已知先验带来收益）。(4) 信道参数估计（表II，第5154页）：α 未知时，δ 的 RMS 由 0.8468（−15 dB）降到 0.7379（10 dB），对应 CRLB_αδ 0.7921→0.7404；α 的 RMS 由 0.1408 降到 0.0836，对应 CRLB_αα 0.0942→0.0778；即信道参数估计误差在高 SNR 下可逼近 CRLB。(5) 先验 δ=0 的做法（Fig.2，RMS_s）：作者指出其无法逼近 CRLB，用以说明""若不正确估计信道状态参数就不宜使用 RSS 信息""，即 RSS 辅助 DPD 的收益依赖对信道参数的合理估计。(6) 传感器位置不确定性（Fig.3）：5 m 量级位置扰动使低 SNR 性能下降约 10%～15%，高 SNR 时各方法曲线收窄，说明方法对传感器位置不确定性较稳健。(7) 其它布站（Fig.4）：内部区域与外部区域两类几何下方法均可逼近各自 CRLB，未报告失效情形。论文未给出多源、未给出实测、未报告算法在中高 SNR 之外（如 SNR>10 dB）或大带宽/宽带条件下的结果；窄带近似条件 b_w||ṗ_l(t0)||T_s ≪ c 只在模型部分说明，未做破坏该条件的敏感性实验。","论文为 IEEE TVT Correspondence，未见""代码/数据已公开""的声明或链接（论文未说明）。仿真参数给得较完整：站址、速度、源位置、调制方式（BPSK）、带宽 25 kHz、载频 403 MHz、f_s=100 kHz、N=1024、α=1、三个 ε_l 的取值、SNR 范围、Monte Carlo 次数、对比方法清单均在第5153–5155页给出，理论上足以复现主要曲线。未给全的项：迭代停机阈值 ζ 与迭代上限 N_I 的具体取值（式(17) 只说 ζ 是预先确定的收敛阈值，正文只说 5 次迭代足够，未给出使用的 ζ）；BCD 中各网格 N_s、N_α、N_δ 的具体分辨率与搜索范围（Ω 的定义未给数值）；CRLB 推导细节作者称""可参照 [10][11]""；未说明随机数种子、软件平台与运行时间。作者自评局限：第5155页 §VI 指出当 α 与 δ 均未知时定位精度不能再改进、以及多径模型下的 DPD 需要另作研究。","第一层（作者结论，第5155页 §VI）：提出 DPD 与信道状态参数联合估计框架，用迭代算法处理高维优化；大尺度损耗指数可以估计，但只有相对小尺度衰落参数可由观测估出；大尺度损耗指数的部分先验在小尺度参数未知时仍有助于定位；当两类信道参数都未知时，方法能提供信道状态信息但定位精度不能进一步提高；未来需研究多径模型下的 DPD。第二层（实验实际支持的结论）：仿真证据支持三件事——(i) 在单源、LoS、对数距离路径损耗、接收机运动的仿真条件下，位置维度的联合 ML 估计（含未知波形与未知初相）显著优于两步法，且在整段 SNR（−15～10 dB）内都成立；(ii) 信道参数的部分先验（α 已知）确实改善定位，而 a_l 完全未知与 α、δ 均未知两种代价在 CRLB 上数值等价（780.7/439.0/246.8/138.8/78.0/43.9 m 完全相同），说明""估出信道参数""本身不等价于""定位变好""；(iii) 迭代算法在 5 次内收敛（C_3^RMS 与 RMS 位置的逐次变化在 0.5 m 量级内）。外推限制：结论只在单源、单径、窄带、各站时频同步且可集中处理、接收机具有明显运动（提供 FDOA）的条件下获得；未验证多源、多径、宽带、静止接收站、无功率标定等情形；""仅相对小尺度衰落参数可估""是模型层面的论证（代价函数中 η0 消去），但论文未给出可辨识性的形式化证明（如 FIM 秩分析），只以""CRLB_2 与 CRLB_1 数值相同""等间接证据说明。","1) 把 RSS/路径损耗（信道状态）信息与 DPD 的位置估计放进同一个最大似然框架，且不假定路径损耗模型参数已知，与只依赖 TDOA/FDOA/AoA 的传统 DPD、以及假定损耗参数已知的 RSS 辅助 DPD（文献[10][11]）形成明确的差异（第5151页 §I、§II）。2) 通过消去未知发射波形 s（式(13)）与近似消去未知初相（式(15) C_3）得到只依赖相对幅度、相对时延与多普勒的紧凑代价函数，使未知波形条件下的联合估计可解。3) 给出位置与信道状态参数（含 σ_w^2、η0、ε_1、β 在内）的 CRLB 推导（式(24)–(28)），并以不同先验水平的 CRLB 对照定量刻画""信道先验对定位的价值边界""——这是本文最有信息量的一点：a_l 全未知与 α、δ 全未知的界完全相同。4) 提出 BCD 迭代算法（Algorithm 1）并给出复杂度从 O(N_s^2N_αN_δ^{L−1}) 降到 O(N_I(N_s^2+N_α+(L−1)N_δ)) 的分析。","(1) 模型只覆盖单源。式(2)(8) 与全部代价函数都只有一组流型参数与一个位置 u，论文既未给出多源扩展，也未讨论多源混叠时的联合参数化或源数问题，因此对多源场景无直接结论。(2) 收益前提苛刻。论文自身结果表明，在 α 无先验时（a_l 完全未知，CRLB_1=CRLB_4；Fig.2 的 RMS_s 无法逼近 CRLB）信道信息对定位不产生增益；即""联合估计信道参数""的实际价值集中在""部分先验已知""的情形，这一条件在无功率标定的实际系统中难以满足，而论文未讨论如何获取该先验。(3) 依赖接收机运动。多普勒项 f_dl（式(5)）需要 ṗ_l(t0)≠0；Fig.2 与 Fig.3 的对比也是以运动/静止站的方式说明 FDOA 信息价值，对静止站（本项目情形）该信息不存在，论文未分析静止站下的性能退化程度（仅由 Fig.3 显示静止站性能更差）。(4) 实验为纯仿真且对照有限：只与两步法（文献[14]）比较，未与其它 DPD 实现（如文献[1] 的相干 DPD、文献[7] 的多普勒 DPD）做定位精度对比，也未给多径、宽带、多源等边界的破坏性实验。此外 ζ 与网格分辨率未给出，复现需要自行设定。","这是一篇问题定位清楚、推导紧凑的短文，价值主要不在""新算法""而在""边界刻画""。其技术路线（把未知波形消去、把未知初相近似消去、对信道参数做相对化处理）是 DPD 领域的标准做法与必要步骤，本身不构成强创新；真正有分量的是用 CRLB 精确指出了信道状态信息在 DPD 中的可用边界——a_l 完全未知与 α、δ 均未知两种情形的位置界完全相同（表I 中两行数值 780.7…43.9 m 逐点一致），以及""仅相对小尺度衰落参数可辨识""（因为参考功率 η0 在代价函数中消去，式(14) 后文字）。实验证据强度中等：全部为仿真、单源、单径、窄带、LoS，Monte Carlo 1000 次与 4 组几何配置足以支撑其内部结论，但与两步法的比较只覆盖一种对手，且未与其它 DPD 方法互比，因此""优于两步法""的结论强度有限（两步法本身在 DPD 文献中通常已被证明劣于 DPD，这一比较的信息量较低）。实际应用价值主要体现在分布式接收网＋移动平台、且具备一定功率/距离先验的场景；对本项目这类无功率标定、静止四站、多源混叠的短时 IQ 观测，其方法不能直接落地，但其边界结论具有直接的警示作用。","(1) 是否覆盖本项目问题：没有覆盖。本文是严格单源定位（式(2) 只有一个 s(t)、式(8) 只有一组 a_l、代价函数只对一个 u 求极值），不涉及源数 K、不涉及多源分离、不涉及逐源频段与频率—源—位置对应关系；本项目""时频混叠多信号检测计数 + 逐源定位""的核心问题完全在其范围之外。它覆盖的只是本项目的一个外围子问题：未知发射波形下的 DPD 是可行的（本文通过 ŝ=a_Σ^{-2}(ÃQ)^H z 消去波形），这一点与本项目""发射波形未知""的设定一致，但本文是单源情形。(2) 能否作为同条件基线：不能直接作为同条件基线，最多作为""条件适用/需重推适配""的参照。若要用，需要三处适配：把单源流型换成多源（K 个 s_k 与 K 个位置，且要处理逐源频率与位置配对）、把运动站多普勒结构退化为静止站（去掉 f_dl）、以及引入本项目实际的功率标定假设（否则 α 未知使本文方法本身即无定位增益，见 CRLB_1=CRLB_4）。作为精度对照其意义有限，因为其仿真场景（单源、LoS、3 站、25 kHz 带宽、BPSK）与本项目（四站、时频混叠多源、短时 IQ）不可比。(3) 是否压缩创新空间：基本不压缩。它没有证明""选频有用""""多频融合有用""""学习辅助后端有用""或""未知 K 直接处理可行""中的任何一条；相反，它给出的是一条限制性结论——把信道幅度/功率参数也当作未知量联合估计，并不会自动带来定位收益，收益取决于是否已有部分先验。这与本项目的候选贡献（逐源定位权重相对公共选频＋传统求解器的独立价值）不冲突，反而支持""必须有明确的逐源频率侧信息才谈得上收益""的论证方向。(4) 可直接借鉴与必须避开的机制：可借鉴 (a) 相对参数化与消去冗余未知量的做法——本文把参考功率 η0 与噪声方差作为整体比例消掉、只保留相对量，本项目在逐源频率权重建模时同样应把各源公共的功率/幅度因子显式消去，避免网络把公共因子学进去导致权重不可解释；(b) 以 CRLB/界做""对照边界""的论证方式——本项目若要主张逐源权重的独立价值，最有力的证据同样是设定""无逐源权重（公共选频）""这一对照上界下界，而非只报绝对精度；(c) BCD 的分块交替优化结构在需要同时输出多类参数（位置与频率权重）时可作为工程参考。必须避开的陷阱：不要假定路径损耗/接收功率参数可辨识——本文明确只有相对小尺度参数可估、绝对参考功率不可辨识，本项目若无功率标定，任何依赖""用功率/幅度差分辨源""的模块都可能失效；此外不要把本文""优于两步法""直接当作 DPD 相对传统方法的整体优势证据，因为本文只与两步法比较。","摘要与主要贡献（单源设定、""Only the relative small-scale fading parameter can be estimated""）见第5151页 Abstract 与 §I 末段；系统模型（u、p_l(t)、ṗ_l(t)、GPS 提供位置、中心接收机）见 §II 第5151页右栏；路径损耗模型见式(3)、窄带条件见第5151页右栏末段；式(1) 时延、式(2) 接收模型、式(5) 多普勒见第5151–5152页；式(6)–(8) 采样与矩阵形式见第5152页左栏；式(9)–(15) 代价函数 C_1、C_2、C_3 见第5152页 §III-A；式(17) 停机准则与复杂度分析见第5152页 §III-B；Algorithm 1 及式(18)–(23) 见第5153页左栏；表I CRLB 数值与 ""CRLB_3 denotes…α 与 δ 均已知先验、CRLB_4 denotes…a_l 完全未知、CRLB_two-Step"" 的编号定义、以及 ""CRLB_4 与 CRLB_1 相同"" 的说明见第5153页右栏 §V 首段与表I；式(24)–(28) 的 FIM/CRLB 见第5153页 §IV；仿真参数（u=[14.5,102.6]^T km、三站位置与速度、BPSK、25 kHz、403 MHz、100 kHz、1024 点、α=1、ε_1/ε_2/ε_3）见第5153页右栏第一段；迭代收敛数据（C_3^RMS 与 739.8/740.2/739.5/737.8/737.7/737.7 m、""5 iterations are enough""）与图1 讨论见第5154页左栏；表II 信道参数估计误差见第5154页；图2（运动站、先验 δ=0 的 RMS_s）与图3（静止站、5 m 位置不确定性、10%～15% 退化）见第5154页；图4（internal/external 几何，p_1=[0,0]、p_2=[0,50]、p_3=[50,0] km，u=[25,25] 与 [60,50] km）见第5154页右栏末段与第5155页左栏；§VI 结论（含多径为未来工作）见第5155页。"
"R30","Direct Multi-Emitter Tracking Based on the Generalized Labeled Multi-Bernoulli Filter","Yiqi Chen, Lin Gao, Luigi Chisci, Ping Wei, Huaguo Zhang, Alfonso Farina，IEEE Transactions on Signal Processing，2025，Vol. 73，pp. 3316–3330（DOI: 10.1109/TSP.2025.3595842；2025-03-07 投稿，2025-06-30 修回，2025-08-01 录用，2025-08-06 在线，2025-09-08 定稿；通讯作者 Lin Gao，电子科技大学；有 supplementary downloadable material，地址为 https://doi.org/10.1109/TSP.2025.3595842）","针对传统多发射源跟踪（MET）依赖""检测—量测提取—跟踪""两阶段、硬判决在低 SNR 下造成信息损失的问题，作者在每接收机仅单天线的条件下，直接用接收信号构造""时延补偿后的多源信号内积矩阵""，并以该矩阵服从非中心复 Wishart 分布这一统计性质导出多源似然函数，再把广义标签多伯努利（GLMB）滤波器与之结合得到直接多源跟踪算法 GLMB-DMET，同时给出把粒子分解为子粒子的高效序贯蒙特卡洛实现；仿真中跟踪 6 个出现/消失时刻不同的发射源，−17 dB 下仍能工作，发射源数估计在 SNR 低于 −11 dB 时优于基于 TDOA 的 GLMB-TDOA，OSPA^(2) 至少小 8 m，且随快拍数增加逼近""已知源信号""的性能下界。","二维平面内运动、数量随时间变化的非合作多发射源（time-varying number of non-cooperative emitters）的跟踪。几何配置为 M 个空间分离的接收机（仿真 M = 4），每接收机配单通道天线，因此无 DOA 信息，只利用信号中蕴含的 TDOA 信息；接收机截获信号后把**原始量测数据**中继到中心处理器，节点处不做局部参数估计（§II-A，即集中式处理）。源在 5000 m × 5000 m 方形区域内运动，采用近匀速（near constant velocity）运动模型，信道系数按随机游走模型演化。关键约束：无源先验之外""发射源数量未知且随时间变化""是本文的核心设定；TDOA 被利用、Doppler 被明确排除在观测模型之外（§II 右栏：""the real Doppler frequency shift cannot always be accurately measured and is small compared to the carrier frequency, it is not included in the measurement model""）。","每接收机为单通道（标量）接收机，无阵列流型；式(4) z_k^m(t) = Σ_{i=1}^{N_k} β_k^{i,m} s_k^i(t − τ_k^{i,m}) + n_k^m(t)，kT ≤ t < (k+1)T。β_k^{i,m} 为未知信道系数（联合表示幅度与信道衰减）；τ_k^{i,m} = ||d_k^i − d_r^m||/c 为发射源 i 到接收机 m 的时延；n_k^m(t) ~ NC(0, (σ^m)²) 为量测噪声；N_k 为该时刻发射源数（时变）。基本假设（§II 右栏）：A1 标准化条件 E{|s_k^i(t)|²} = 1；A2 信号窄带且零均值，不同发射源的信号不相关，即 R_s^{i,i'}(τ) = E{(s_k^i(t))* s_k^{i'}(t − τ)} = 0 对任意 i ≠ i'、任意时延 τ 成立；A3 信号与噪声不相关。另有 τ_k^{i,m} ≪ T 的假设（用于说明式(7) 时延算子的循环移位只影响样本向量末端一小段）。离散化后式(6)：z_k^m = Σ_i β_k^{i,m} D(x_k^i, d_r^m) s_k^i + n_k^m，L 个快拍（L-snapshot vector），s_k^i ∈ C^{L×1}、n_k^m ∈ C^{L×1} 为复高斯白噪声、协方差 (σ_k^m)²I_L。信号本身被建模为""未知确定复信号""（unknown deterministic complex signal），用于构造已知信号的性能下界。未知量：源波形 s_k^i、信道系数 β_k^{i,m}、噪声方差、源数 N_k、源运动状态。","未知K直接处理（但**不是单次观测内完成**，是依靠运动历史与出生先验在递推跟踪中逐步给出）。依据：1) 论文以标签随机有限集（LRFS）与 GLMB 密度表示源状态，式(1)(3) 中 N_k 为时变标签数、式(9) 的 GLMB 密度以标签集 I 的权重 ω^I 承载基数信息，式(11)(12) 的 Bayes 递推在时间 k 上传播该密度，源数由后验的基数分布给出；2) 源数估计依赖动态模型与出生过程——式(5) x_k = f_k(x_{k−1}) + w_k，仿真用近匀速模型式(62)（采样周期 Δ = 1 s，σ_v = 1 m/s²）；出生模型为带 6 个分量的 LMB，各伯努利分量出生概率 0.1，存活概率 p_s = 0.99（§V-A）；3) 出生高斯分量的均值在式(64) 中显式给定为 (4500 m, 0, 1500 m, 0, …)、(1500 m, 0, 1750 m, 0, …)、(2000 m, 0, 2000 m, 0, …)、(1500 m, 0, 750 m, 0, …)、(200 m, 0, 2500 m, 0, …)、(2000 m, 0, 3000 m, 0, …)，即新生源的位置先验被具体给定，源数上限由该出生模型隐含限定为 6；4) 源数估计是随时间累积的结果，Fig.4 显示 −17 dB 下源数估计从 0 爬升到 6 大约需要 30 s 的时间轴（横轴 0–100 s，Δ = 1 s，即约 30 次递推），−11 dB 以下 GLMB-TDOA 的源数估计失效；5) 作为对照，GLMB-DMET-KS 直接使用式(13) 的真实似然（需已知源信号 s_k^i），属""理想信息""上界。","核心是""用二阶矩（Gram 矩阵）替代需要未知源波形的一阶矩似然""，再嵌入 GLMB 递推。
1) 多源似然（§III-A，Proposition 1、2）。直接由式(6) 按高斯性写出的似然式(13) 不可用，因为多源叠加时源信号 s_k^i 无法用最小二乘辨识（论文明确：""this is not possible in the MET case where signals from multiple emitters turn out to be superimposed at the receiver""）。因此对每个候选单源状态 x 构造式(15) 的矩阵 Φ_k(x)：对每个接收机的信号向量做循环移位（对应时延）后组成的 M 行矩阵；再取相关矩阵式(17) R_k(x) = Φ_k(x)Φ_k^H(x)。Proposition 1 证明 R_k(x) 服从非中心复 Wishart 分布 W_M^C(R_k(x); L, Σ_k, V_k(x))（式(19)），其中 Σ_k = (1/L)diag{(σ_k^1)²,…,(σ_k^M)²}（式(21)），非中心参数 Ω = Σ^{−1}V V^H（式(22) 之下），V_k(x) 的元素由式(23) 给出。关键机制式(24)：当候选时延与真实时延匹配（τ_x^{u−m} = τ_k^{i,u−m}）时 D̃(0) = I_L，式(23) 退化为 e^{α}e^{α}（利用 A1 的标准化条件 (1/L)(s_k^i)^H s_k^i = 1），未知的 s_k^i 被完全消去；当失配时，(1/L)(s_k^i)^H W^H D̃(·)W s_k^i 随失配增大趋于 0（因 A2 的互不相关性与 s̃_k^i 不能与 s_k^i 重叠）。因此 V_k(x) 的对角元可用于度量""候选状态与某个真实源""的接近程度。
2) 多源似然分解（Proposition 2，式(25)–(30)）。在假设(25)""任意接收机对 (m,u) 下不同源具有不同 TDOA（τ_k^{i,u−m} ≠ τ_k^{i',u−m}）""下，令 R_k^l(X) = R_k(x) − R^{X\{x}}(X)（式(26)，从相关矩阵中减去其他源信道系数的贡献）、V(x) 由式(28) 给出，得到式(27)：ḡ(Z_k|X) = Π_{x∈X} W_M^C(R_k^l(X); L, Σ_k, V(x))——多源似然被分解为各单源似然的乘积；X = ∅ 时式(29) 退化为中心复 Wishart 分布（式(30)）。Remark 1 指出式(13) 用一阶矩、式(27) 用二阶矩，这是方法能够""免波形""的根本原因。
3) GLMB 递推（§III-B，Proposition 3）。预测步沿用标准 GLMB 的多源 Chapman–Kolmogorov 方程（式(11)），预测后标签空间由 L_{k−1} 扩为 L_k 以容纳新生源；更新步按 Proposition 3 给出 KL 散度意义下的最优 GLMB 近似（式(32) 权重、式(33) 空间概率密度、式(34) 归一化因子），权重更新依赖式(34) 的 η。
4) 高效 SMC 实现（§IV、Fig.2、Algorithm 1）。标准 SMC 实现需把信道系数全部并入单源状态，粒子数随接收机数指数增长；论文把每个粒子分解为若干子粒子（式(36)(37)(38)），每个子粒子最多含 M' 个接收信道系数（仿真 M' = 2），按""Phase 1 信道系数选择（子粒子递推 + EAP 估计式(42)(48) + 重采样式(49)）→ Phase 2 粒子权重更新（式(50)(51)(53)(54) + 重采样）→ 假设权重更新（式(58)）""两阶段迭代 E 次。
5) 与已有方法的主要差异：a) 不使用提取出的量测（TDOA/RSS/DOA），而是直接吃原始接收信号，避免两阶段硬判决的信息损失；b) 每接收机单天线，不依赖 DOA 与多通道阵列；c) 不假设已知源数（对比 [48] 需已知波形与源数、[50] 需已知源数）；d) 与 [49]（同样处理多源直接跟踪）的差别是 [49] 需要信号形式先验因而是""本质合作的""（论文原话：""essentially cooperative""）；e) 相对 TBD 类算法，本方法保留信号相位信息、量测模型中没有分辨单元；f) 用二阶矩 Gram 结构替代 [58] 中的最小二乘信道估计（[58] 明确估计未知信道系数，本方法不估计 s_k^i）。","条件适用；输入信息层级：原始混合 IQ（各接收机标量时域采样向量 z_k^m，无任何中间量测）。触发该判定的具体条件（缺一即失效）：a) 各源信号必须互不相关（A2：R_s^{i,i'}(τ) = 0 对任意时延成立）——因为式(24) 的""失配时趋于 0""完全依赖这一条，同频带内若两源信号相干或强相关则该性质不成立；b) 各源对任意接收机对必须具有不同 TDOA（式(25)），论文在 Remark 3 中明确指出若多个源对某接收机对具有相同 TDOA，则多源似然的评估会产生组合复杂度，只能靠式(31) 的阈值 Δ_τ 舍弃部分接收机来规避；c) 需要接收机位置已知、站间同步（时延按 ||d_k^i − d_r^m||/c 计算）；d) 需要近匀速（或已知的）运动模型与显式出生先验才能给出源数，源数不是从单次观测中读出的；e) 需要 L 个快拍（仿真 L = 4000）与足够的时间递推次数（横轴 100 s / Δ = 1 s）才能让基数收敛；f) 需要把各站原始 IQ 送到中心处理器，是集中式而非分布式；g) 需要窄带假设与 τ ≪ T。在本项目的四站单天线、短时混合 IQ、同频带时频混叠场景下，a)、b)、d)、e) 四条都需要重新论证：a) 只要各源波形独立即成立（与是否同频无关，这一点比 R04 宽松）；b) 若两源在几何上对称或距离过近，TDOA 相同会触发组合复杂度；d)、e) 与本项目""单次短观测内同时给出 K 与逐源频带""的任务接口不一致。","数据来源：纯仿真（§V-A，""Simulated Scenario""）。几何：6 个发射源在 5000 m × 5000 m 方形区域内运动，出现与消失时刻各不相同；4 个接收机。运动/信道：近匀速模型式(62)（Δ = 1 s，σ_v = 1 m/s²，σ_α = 1，w_k 协方差 Q_k = BB^T，B 由式(63) 给出）；单源状态维数 4 + M = 8 维（[ξ, ζ, ξ̇, ζ̇, α^1, α^2, α^3, α^4]^T）。信号：所有源为 BPSK 调制，共同观测时间 T = 1 ms，符号速率 1 MHz，各源载频不同（different hopping frequency）；采样率 f_s = 4 MHz；每接收机有一通带 99–101 MHz、阶数 32 的带通滤波器；SNR_k^{i,m} = 10log10((e^{α_k^{i,m}})²/σ²) dB；信道系数初值在 [8, 12] 内均匀随机选取，随后每时刻叠加方差 0.1² 的零均值高斯扰动。算法参数：子粒子最大信道系数个数 M' = 2；每个发射源的空间概率密度用 400 个粒子表示；存活概率 p_s = 0.99；出生模型为 6 分量 LMB、各分量出生概率 0.1，出生高斯均值见式(64)、共同协方差 P_γ = diag([50 m², 50 m²/s², 50 m², 50 m²/s², 1, 1, 1, 1]^T)；GLMB-DMET 与 GLMB-DMET-KS 的似然评估阈值 Δ_τ = 2 × 10^{−8} s。对比方法：GLMB-TDOA（先用相关处理提取每对接收机的 TDOA 再送 GLMB，按 [22] 实现，p_D = 0.95、杂波在量测空间均匀分布且期望杂波数 2、TDOA 量测噪声标准差 σ_τ 随 SNR 在 0.1 μs 至 5 μs 之间变化）、GLMB-DMET-KS（已知源信号 s_k^i，使用式(13) 的真实似然，作为性能下界）、GLMB-DMET-SS（§IV-D 引入的标准 SMC 实现，作为复杂度对照）、PF-DET（[40][42][66] 的单源直接跟踪粒子滤波，仅用于单源场景；论文明确 PF-DET 不做源检测、假设源始终存在）。样本量：100 次独立 Monte Carlo；L = 4000 快拍。评价指标：发射源数估计（Fig.4）、OSPA^(2) 距离（阶 p = 1、截断 c = 50 m、窗长 10）（式及 §V-B 说明）、单源场景下的 RMSE（对发射源位置）、每次递推的平均处理时间（Table II）。运行环境：AMD Ryzen 7 5800X @3.80 GHz、32 GB RAM、Windows 10 64 位、MATLAB R2021a。","1) 典型场景定性结果（Fig.3，第3326页）：SNR = −17 dB、L = 4000 快拍下 GLMB-DMET 能完成 MET。2) 源数估计（Fig.4(a)–(d)，第3327页）：−17 dB 时 GLMB-DMET 的源数估计已能大致跟随真值（真值曲线为阶梯状，源在不同时刻出现/消失），而 GLMB-TDOA 在 SNR 低于 −11 dB 时无法给出令人满意的源数估计；−11 dB、−5 dB、1 dB 时两者都接近真值。注意 −17 dB 与 −11 dB 的估计曲线在源数变化时刻附近仍有可见偏差。3) OSPA^(2)（Fig.5，第3327页；Fig.6，第3328页）：GLMB-DMET 在各 SNR 下均优于 GLMB-TDOA，且估计标准差更小；时间平均 OSPA^(2) 上 GLMB-DMET 比 GLMB-TDOA 至少小 8 m。4) 快拍数影响（Fig.7，第3328页，SNR = −5 dB）：随快拍数增加、SNR 提高，GLMB-DMET 的性能逼近 GLMB-DMET-KS（已知源信号）的性能下界；GLMB-DMET 与 GLMB-DMET-SS 性能相近。5) 单源场景对比 PF-DET（Fig.8、Fig.9，第3328页）：在低 SNR 与少量快拍下 GLMB-DMET 显著优于 PF-DET。6) 处理时间（Table II，第3328页，每次递推平均耗时）：源数为 1 时 GLMB-DMET 0.1215 s、GLMB-TDOA 0.1129 s、PF-DET 0.1286 s、GLMB-DMET-SS 0.1351 s；源数为 6 时分别为 0.7260 s、0.6683 s、N/A（PF-DET 不做多源）、8972.4534 s（GLMB-DMET-SS 爆炸）。即高效实现使复杂度从不可用降到与 GLMB-TDOA 同量级。结果成立条件：全部结论都在""各源信号互不相关 + 各源对任意接收机对 TDOA 互不相同 + 近匀速运动 + 出生先验已知（6 个分量、出生概率 0.1）+ 4 个接收机 + 单通道天线 + 集中式处理""的条件下取得；未测试的场景包括：源数超过出生模型分量数（>6）、多源具有相同 TDOA（Remark 3 只给了规避策略未做实验）、实测数据、接收机同步误差与位置误差（§VI 列为未来工作）、高动态机动。","论文在 IEEE Xplore 页面注明有 supplementary downloadable material（地址 https://doi.org/10.1109/TSP.2025.3595842），Appendix A（Proposition 1 证明）、Appendix B（Proposition 2 证明）、Appendix C（Proposition 3 证明）均放在该补充材料中；主文未说明是否公开代码或数据。仿真参数给出相当完整：区域、源数与出现/消失设定、接收机数、运动模型参数、BPSK/符号速率/观测时间/采样率/带通滤波器、信道系数初值与扰动、M'、粒子数 400、存活概率、出生模型（成分数、出生概率、均值式(64)、协方差）、Δ_τ、Monte Carlo 次数、评价指标参数（OSPA 阶/截断/窗长）都有数值。未说明的内容：各源的具体运动轨迹与出现/消失时刻（只在 Fig.3 中以图形给出）、随机种子、源载频""different hopping frequency""的具体取值、E（Fig.2 的迭代次数）的取值。作者自评的局限（§VI）：需考虑接收机的同步误差与位置误差；需处理发射源轨迹突变的高动态环境；需用真实数据验证；建议引入机器学习与多类传感器（雷达、声学、视觉）融合。","第一层（作者结论，§VI）：把 GLMB 滤波器扩展用于直接多源跟踪；先构造由时延补偿后的多源信号内积构成的矩阵作为替代量测，据此提出直接 MET 的似然函数；再基于该似然导出 GLMB 滤波器与高效的序贯蒙特卡洛实现；仿真表明所提算法优于基于 TDOA 量测的标准 GLMB，单源情形下也优于已有的粒子滤波直接跟踪算法。未来工作为：接收机同步/位置误差、高动态环境、真实数据验证、引入机器学习、多类传感器融合。第二层（实验实际支持的结论与条件）：实验确实支持""在每接收机单天线、源数时变、SNR 低至 −17 dB 的条件下，直接使用接收信号构造的 Gram/Wishart 似然比先提取 TDOA 再跟踪更稳健""，尤其是在 SNR ≤ −11 dB 的区间（GLMB-TDOA 源数估计失效）；也支持""高效 SMC 实现把复杂度从 O(N M L J^N(M log L + M − log L)) 降到与 GLMB-TDOA 同一量级""这一工程结论（Table II 的 0.7260 s vs 0.6683 s vs 8972.4534 s）。结论的适用条件与限制：源数估计是**跟踪意义上的**基数估计，需要近匀速运动模型与显式出生先验（6 个 LMB 分量、出生概率 0.1、出生位置均值见式(64)）作为支撑，源数上限被出生模型限定为 6；论文没有给出""单次观测内估计源数""的任何结果，也未报告源数估计的收敛所需时间/递推次数的定量指标；多源似然分解依赖式(25) 的""不同源 TDOA 互不相同""假设，Remark 3 只说明了相同 TDOA 时的复杂度和规避策略，未给出精度损失。因此不能把该文结论外推为""单快照未知 K 直接估计可行""，只能外推为""在具备运动模型与出生先验的连续跟踪场景下，未知且时变的源数可被 GLMB 递推地估计出来""。","1) 提出用""时延补偿后多源信号内积矩阵的复 Wishart 分布""替代需要未知源波形的一阶矩似然（式(15)(17)(19)(23)(24)），从而在多源叠加导致源波形不可辨识的条件下仍然得到可计算的似然函数——这是本文相对 [40][42][45][58] 等直接定位/跟踪工作的核心技术增量，也是相对 [49]（需信号形式先验、作者称之为""essentially cooperative""）的实质区别。2) 在假设(25) 下证明多源似然可分解为各单源似然的乘积（Proposition 2，式(25)–(30)），使 GLMB 的更新步可行；并对""多个源 TDOA 相同""这一退化情形给出基于阈值 Δ_τ 的接收机筛选策略（式(31)、Remark 3）。3) 把 GLMB 滤波器用于**源数时变且未知**的直接多源跟踪（式(9)(11)(12)、Proposition 3），与 [48][50] 需要已知源数形成对比。4) 提出把粒子分解为子粒子的两阶段高效 SMC 实现（Fig.2、式(36)–(58)、Algorithm 1），把标准实现的组合爆炸（源数 6 时单次递推 8972 s）降到与 GLMB-TDOA 同量级（0.726 s），这是使方法可用的关键工程贡献。","1) 源数估计严重依赖出生先验与运动模型，而非从单次观测中得到：出生模型为 6 分量 LMB、各分量出生概率 0.1、出生位置均值在式(64) 中显式给定，源数上限因此被限定为 6；论文未测试源数超过 6 的情形，也未讨论出生先验设定错误（如出生位置偏离真值、分量数不足）时的退化行为。Fig.4 显示 −17 dB 下源数估计收敛需约 30 s 时间轴（Δ = 1 s 即约 30 次递推），论文未给出该收敛时间的定量刻画。2) 多源似然分解依赖式(25) 的""任意接收机对下不同源 TDOA 互不相同""这一强假设；Remark 3 自己指出若该假设不成立则似然评估具有组合复杂度，规避方案（式(31) 的阈值 Δ_τ 接收机筛选）会减少可用接收机数，进而损失精度，但论文没有做该情形的实验，也没有给出 Δ_τ 的选取依据（只给出仿真取值 2 × 10^{−8} s）。3) 前提 A2（不同源信号对任意时延完全不相关）是式(24) 失配时趋于零的数学基础；论文未讨论该假设在有限样本、短快拍或相干/相关源下的偏差，也未给出假设被违反时的性能界。4) 观测模型排除了 Doppler（§II 右栏明确 ""it is not included in the measurement model""）且要求 τ ≪ T、源窄带；源状态中把 M 个对数信道系数并入（维数 4 + M），信道系数按随机游走演化（σ_α = 1），论文未讨论信道快变时该模型的适配性。5) 论文未使用实测数据（§VI 把""validating the proposed algorithm with real-world data""列为未来工作），全部结论为仿真结论，且未考虑接收机同步误差与位置误差（同样列为未来工作）。6) 图注不一致：Fig.8 的图注写 ""Time-averaged OSPA^(2) distance versus SNR under single emitter tracking scenario""，但该图纵轴标注为 ""Time-averaged RMSE [m]""，而正文明确单源场景采用 RMSE 评价，属图注笔误。","问题价值高、方法有真正的技术新意、实验证据在仿真范围内较扎实，但""未知 K""这一卖点需要严格限定理解。问题价值方面，把 TBD/RFS 思路从""已知源数""推进到""源数时变未知且只用单通道天线接收""确实是 MET 领域的实质缺口，作者对该缺口与既有工作（[48] 已知波形与源数、[50] 已知源数、[49] 需信号形式先验）的定位准确。方法合理性方面，用二阶矩（相关矩阵的复 Wishart 分布）替代不可辨识的一阶矩似然是漂亮的思路：式(24) 利用 A1 的标准化条件把未知的 s_k^i 完全消去，使似然在源波形未知时仍可计算，逻辑闭环；Proposition 1–3 的推导有正式证明（Appendix A–C 置于补充材料）；高效 SMC 实现的两阶段子粒子分解也是必要的工程补足，Table II 中用 8972 s 与 0.726 s 的对比说明其必要性。创新程度：中高，属""把成熟的 RFS 框架与一个新的二阶矩似然结合""这一类，创新点集中在似然构造与分解假设上，滤波框架本身沿用 GLMB。实验证据强度：仿真设计较规范（100 次 Monte Carlo、OSPA^(2) 指标、含已知信号的性能下界 GLMB-DMET-KS 与标准 SMC 实现 GLMB-DMET-SS 两个内部对照、含处理时间统计），但全部为仿真，且出生先验给得相当具体（式(64) 的出生位置均值），使""源数估计""的说服力被先验强度所稀释——读者无法从论文判断在出生先验较弱时源数估计是否仍成立。实际应用价值：在需要连续监视、接收机只能配单天线的场景（无线电监测、无源雷达）有实用价值，但 8972 s → 0.726 s 的复杂度改善仍意味着单次递推接近 1 s，实时性需视应用而定。总体判断：这是一篇方法扎实的工作，但其""未知源数""能力是**跟踪意义**上的、依赖动态模型与出生先验的，不能被读作""单次观测内估计源数""。","(1) 是否已覆盖本项目想解决的问题？部分覆盖，是本项目""未知 K 直接处理""威胁清单中分量最重的一篇，但**覆盖的维度不同，未覆盖单次观测内的源数辨识**。R30 确实在每接收机单天线、源数未知且时变的条件下直接用接收信号工作，且不需要已知 K；但它的源数来自 GLMB 在时间轴上的基数递归（式(9)(11)(12)），其成立依赖近匀速运动模型（式(62)）、存活概率 p_s = 0.99 与 6 分量 LMB 出生先验（出生概率 0.1、出生位置均值见式(64)）。本项目的任务是在**单次短时混合 IQ（4096 点量级）观测内**同时给出 K、逐源占用频段与各源位置，没有运动历史可用，也没有出生先验；因此 R30 不能替代本项目第三章的 K 估计，也不构成对""单次观测 K 估计""这一命题的先例。此外 R30 不产生逐源占用频段，也不建立频率—源—位置的对应关系，源间可分性来自 TDOA 而非频率。(2) 能否作为同条件基线？不能作为""同一观测条件下的定位精度基线""——它的输出是轨迹与基数，评价指标是 OSPA^(2) 与随时间平均的 RMSE，需要连续多个时刻的观测与运动模型，与本项目单次观测、位置误差的评价口径不同。可以把它作为""多源定位在长时间监视场景下的对照体系""或""以运动先验换取源数与时变源跟踪能力""的上界参照；若强行适配，需要给本项目数据人为构造时间序列并引入运动模型，这已改变研究对象的性质。(3) 是否压缩创新空间？压缩""未知 K 直接处理可行""这一条**弱命题**——本项目不能仅以""不需要已知 K 就能输出源数""作为独立卖点，因为 R30 已经在跟踪框架下做到了（并且 R04 在另一条路径上也做到了）。但不压缩本项目最核心的候选贡献：R30 的源数与位置都依赖运动历史与出生先验，且没有""逐源频带权重""这一概念，本项目""在短混合观测下，逐源定位权重相对公共选频 + 适用传统求解器具有独立价值""这一命题不在其射程内。特别值得记录的是，R30 在相关工作中对同类方法给出的两条判语，恰好为本项目的边界提供外部依据：其一，[49]（同频、不同循环频率的多源直接跟踪）""relies on the prior knowledge of the signal form so that it is essentially cooperative""；其二，[48] 假设波形与源数已知、[50] 要求源数已知先验。这说明""免波形 + 免 K + 单次观测""三者同时成立仍是空白。(4) 可直接借鉴与必须避开：可借鉴——a) 式(15)(17)(19)(23)(24) 的""时延补偿后构造相关矩阵、用复 Wishart 分布的非中心参数对角元度量时延匹配程度""这一机制，可作为本项目细 DPD 后端的物理一致性打分函数：它天然不需要源波形，且对未知的信道幅度（α = ln β）具有闭式的消去性质，可用来替代需要显式信道估计的匹配型代价；b) 式(26) 的""从相关矩阵中减去其他源贡献""（R_k^l(X) = R_k(x) − R^{X\{x}}(X)）是一种逐源解耦的可微结构，可移植到本项目按 K 分流、逐源输出的解码器设计中，作为抑制源间互干扰的物理先验；c) A2 的""不同源信号互不相关""假设本身，是本项目""逐源分离""得以成立的最基本物理前提，可直接继承并在第三章的模型假设中显式声明；d) A1 的标准化条件 E{|s|²} = 1 作为消除波形依赖的归一化手段，可复用于本项目频率权重与定位权重的解耦设计。必须避开——a) 不要把""源数由递推给出""当作单次观测 K 估计；b) 不要引入运动模型与出生先验来换取 K，那会直接落入 R30 已覆盖的范围，且与本项目端到端、单次观测的接口冲突；c) 不要忽略式(25)""不同源 TDOA 互不相同""这一假设——本项目若两源在几何上接近或对称（TDOA 相同或相近），R30 式(27) 的乘积分解会失效，需改用式(31) 的接收机筛选或另寻判据；d) 不要忽略 A2 的""任意时延下互不相关""前提在本项目短观测（4096 点）下的有限样本偏差——Gram 矩阵的 Wishart 近似在 L 较小时误差会上升，而本项目 L 远小于 R30 的 L = 4000。","研究定位（每接收机单天线、无 DOA、用 TDOA、源数时变未知、接收机直传原始数据到中心处理器）：§II-A 第3317页右栏末段与第3318页左栏首段，Fig.1（第3318页）；观测模型与假设 A1–A3、Doppler 排除、τ ≪ T：§II 第3318页右栏式(4) 及 A1–A3 条目；单源状态定义（含对数信道系数 α_k^{i,m} = ln β_k^{i,m}）与动态模型：第3318页右栏式(1)–(5)；离散化模型与延迟算子：式(6)(7)(8) 第3318页右栏至第3319页左栏；GLMB 密度与 Bayes 递推：式(9)–(12) 第3319页左栏；多源似然不可用（s_k^i 不可辨识）与 Gram/Wishart 替代思路：§III-A 第3319页右栏式(13) 及其前后文字；相关矩阵构造：式(15)(16)(17) 第3320页左栏；Proposition 1 与非中心复 Wishart 分布、V_k(x)、Σ_k：式(18)–(22) 第3320页右栏；V_k(x) 元素表达式：式(23) 第3320页右栏；式(24) 的波形消去机制与失配趋于零的论证：第3320页右栏末段与第3321页左栏首段；Proposition 2 与假设(25)、式(26)(27)(28)、X = ∅ 的式(29)(30)：§III-A 末段第3321页左栏；Remark 1（一阶矩 vs 二阶矩）：第3321页左栏；Remark 2（似然分解为各源乘积）：第3321页右栏；Remark 3（相同 TDOA 的组合复杂度与式(31) 的 Δ_τ 接收机筛选）：第3321页右栏；Proposition 3 与 GLMB 更新：式(32)(33)(34) 第3322页左栏；高效 SMC 实现与子粒子分解：§IV-A 第3322页左栏末段、式(35)–(38) 第3322页、Fig.2 与式(39)–(48) 第3323页；Phase 2 权重重采样式(49)–(58)：第3324页左栏；Algorithm 1（GLMB-DMET，time k）：第3324页右栏；复杂度分析（标准实现 O(N M L J^N(M log L + M − log L)) 与高效实现 O(E N J(M L(M' log L + M' − 2 log L + M log L + M) + ([M/M'] + 1 + 2M))））：§IV-D 第3324页右栏至第3325页左栏；仿真场景（6 源、4 接收机、5000 m × 5000 m、近匀速模型式(62)(63)、BPSK/T = 1 ms/1 MHz/f_s = 4 MHz/99–101 MHz 带通/SNR 定义/信道初值 [8,12]、M' = 2、400 粒子、p_s = 0.99、出生模型 6 分量与出生概率 0.1、式(64) 的出生均值与协方差、Δ_τ = 2 × 10^{−8} s）：§V-A 第3325页右栏；对比方法（GLMB-TDOA 的 p_D = 0.95、杂波期望数 2、σ_τ 0.1 μs–5 μs；PF-DET 假设源始终存在；GLMB-DMET-KS）：§V-A 第3326页右栏与 §V-B 第3326页右栏；评价指标（OSPA^(2)，p = 1、c = 50 m、窗长 10；100 次 Monte Carlo；MATLAB R2021a / Ryzen 7 5800X）：§V-B 第3326页右栏；源数估计结果与 −11 dB 阈值：Fig.4(a)–(d) 第3327页；OSPA^(2) 结果与""至少小 8 m""：Fig.5 第3327页、Fig.6 第3328页及第3326页右栏末段文字；快拍数影响与逼近 GLMB-DMET-KS 下界：Fig.7 第3328页；单源对比 PF-DET：Fig.8、Fig.9 第3328页；处理时间：Table II 第3328页；结论与未来工作：§VI 第3328页右栏；参考文献 [48][49][50][58] 的定位说明：第3317页右栏（[49] ""essentially cooperative""、[48] 已知波形与源数、[50] 源数需先验）；补充材料与 Appendix A/B/C 的位置：第3316页脚注与式(19)(27)(33) 处的 ""See Appendix … in the supplementary material"" 标注。"
"R31","Multi-TDOA Estimation and Source Direct Position Determination Based on Parallel Factor Analysis","Li J., Ling Y., Jiang H., Zhang X., Wu Q.（第一作者 Jianfeng Li，南京航空航天大学），IEEE Internet of Things Journal，2023，10(8)，pp. 7405–7415","作者针对多站（多监测天线）同步接收下单个辐射源的时延估计与直接定位问题，把各天线接收信号的 DFT 数据组织成「频点—分段—天线」三维张量并构造 PARAFAC（平行因子）模型，用 TALS/COMFAC 三线性分解一次性估计相对参考天线的多个 TDOA，再分别给出弱多径下的 TDOA-PARAFAC 定位与多径下的 DPD-PARAFAC 网格搜索代价函数；仿真中 DPD-PARAFAC 在 RMSE 上优于 DPD-LS、DPD-FD 与 TDOA-SDC，实测 12 组数据单源散点接近真实位置。","被动定位场景，**单个**辐射源（未知位置 u = [x, y]^T，单位 m），由 L 个已知位置的监测天线同步接收；论文分两种情况建模：天线部署于空中平台的「无多径/弱多径」场景，以及天线部署于地面、存在多径的场景（每个天线接收 G_l 条路径）。信号类型为宽带/多频信号（仿真用「OFDM composed of multiple superimposed sinusoidal signals」，补充实验用 LFM）。关键约束：各天线位置已知、站间同步、源数固定为 1、目标占用频带事先给定为 w = [ω_c1, …, ω_cP]^T（P 个频点）。应用背景为无人机/UAV、校园非法辐射源定位。","每个监测天线为**单天线**（式(1)：x_l(t) = α_l s_k(t − τ_l) + n_l(t)，l = 1, …, L），不是每站多阵元阵列。观测域为「对接收信号做 N 点 DFT，再在已知频带 w 内抽取 P 个频点」，构造三维张量 X（频点维 N、分段维 K、天线维 L）。式(4)：x_l(t) = F_c^H diag([α_l e^{−jω_c1 τ_l}, …, α_l e^{−jω_cP τ_l}]) S_k(ω_c) + n(t)；式(7)：X_l = F_c^H D_l(H) S^T；式(8)(9) 给出 PARAFAC 元素形式 x_{n,k,l} = Σ_p f_{n,p} s_{k,p} h_{l,p}。未知量：源波形谱 S（K×P，逐分段不同的源频谱）、时延矩阵 H（L×P，含路径衰落 α_l 与到达时延 τ_l）、加性噪声；噪声假设为零均值 AWGN 且与源信号不相关。快拍/分段数：K 为「接收信号分段数」（式(1) 下说明“K is the preset threshold of the number of signal receiving segments”），仿真固定 K = 100，实测 K = 27。多径扩展式(28)–(31) 中每个天线有 G_l 条路径。","论文回避未讨论（本方法面向单源，不存在源数估计问题）。依据：式(1) 与 §II 系统模型明确只设「一个辐射源 u = [x, y, z]^T」；式(32) 的 DPD 代价函数对单个位置 u 取网格最大；式(7) 的时延矩阵 H 的列对应频点 p 而非源，全文没有任何源数 K 的估计或分离步骤。需要特别指出：论文中反复出现的符号 K 不是源数，而是**信号分段数**（§II 式(1) 说明、§III-A 中 S = [S_1(ω_c), …, S_K(ω_c)]^T ∈ C^{K×P} 与「receiving the radiation source signal in the K segment」），因此标题中的「Multi-TDOA」指的是**相对参考天线的多个时延差 τ_l1（l = 2, …, L）被同时估计**，不是多信源。","整体为「张量分解 + 物理定位」两段式，与已有方法的主要差异在于用时延矩阵的 Vandermonde 结构做超分辨时延估计、并把频率维作为分解的一维。1) 建模：把各天线 DFT 的频带内数据堆成三维张量，写成 PARAFAC 形式（式(8)(9)），三个因子矩阵为已知 IDFT 抽取矩阵 F_c^H、源谱 S、时延矩阵 H；与 [36][37][40] 相比，本文的 F_c^H 是**已知**的，因此可直接用于解置换模糊并加速收敛（第7409页式(22)(23)）。2) 求解：用 TALS 交替最小二乘（式(12)(13)(15)(16)）迭代最小化 SSR（式(17)），并用 COMFAC 压缩实现快速分解；论文给出唯一性条件（式(18)：k_{F_c^H} + k_H + k_S ≥ 2P + 2，式(19)：min(N,P) + min(L,P) + min(K,P) ≥ 2P + 2，进而式(20) L ≥ 2），即两站以上即可保证分解唯一。3) 弱多径分支（TDOA-PARAFAC）：用已知 IDFT 矩阵解置换模糊（式(22)(23)），对 Ĥ 逐列除以第一列做归一化（式(24)），再用行间相位差构造 q_l = −angle(c_l)（式(25)(26)），得到 τ̂_{l1} = [w_c]^+ q_l^T（式(27)），即**用频差解时延模糊、突破采样间隔限制实现超分辨时延**，最后送 Chan 算法 [43] 定位。4) 多径分支（DPD-PARAFAC）：不显式估计时延，直接对位置网格计算代价函数 max_u Σ_p |Ĥ^H(ω_cp) a(ω_cp, u)|（式(32)），a(ω_cp, u) = [e^{−jω_cp τ_1(u)}, …, e^{−jω_cp τ_L(u)}]^T，即用各站的几何时延向量与估计出的时延矩阵列做（逐频点非相干）相关，主径的谱线才会在真实位置重合而多径谱线不重合，从而抑制多径。流程见 Algorithm 1。","条件适用；输入信息层级：原始接收信号（各站单天线的时域采样，经 DFT 与频带抽取后进入张量，不属于已估 DOA / 已关联量测）。触发该判定的具体条件：仅在 (a) 源数为 1、(b) 各监测天线位置已知且站间同步、(c) 目标占用频带 w 与频点数 P 已知并可被准确抽取、(d) L ≥ 2（式(20)）时可用。失效条件：当存在两个及以上同频混叠源时，式(1) 与式(7) 的单源-单时延结构不成立（H 只有一行/单列时延向量、a(ω_cp, u) 只含一个位置 u），张量分解出的 Ĥ 会把多源时延混叠成一条等效时延，式(27) 与式(32) 均无对应多源形式；此外频带未知时 P 个频点无法抽取，方法无法启动。","1) 仿真一（多径/无多径对比）：4 个监测天线，位置 p_1 = [0,0]^T、p_2 = [200,600]^T、p_3 = [500,0]^T、p_4 = [700,1000]^T（p_1 为参考站），单个源 u = [32,176]^T，信号为多正弦叠加的 OFDM，f_s = 6 MHz，采样点 N = 600，K = 100，P = 8；多径时第二径时延设为 τ_{l2} = 1.25τ_{l1}，网格搜索区域 200 m × 200 m、步长 1 m；对比方法 DPD-LS [24]、DPD-FD [31]、TDOA-SDC [20]、CRB（式(34)），RMSE（式(33)）vs SNR（Fig. 7 与 Fig. 8 的横轴约 −15…10 dB），Monte Carlo 次数 > 100（Fig. 9、Fig. 10 各 > 50 次，SNR = −10 dB）。2) 仿真二（LFM，3 天线）：p_1 = [1000,2000]^T、p_2 = [5000,1000]^T、p_3 = [10000,0]^T，u = [135,175]^T，f_s = 6 MHz，带宽 B = 0.3 MHz，信号时宽 T_s = 50 μs，N = 300，K = 100，J = 10，P = 8，τ_{l2} = 1.15τ_{l1}，SNR 范围约 −10…15 dB，各图 > 100 次 Monte Carlo（Fig. 11、Fig. 12）。3) 实测（§V）：校园内 4 个监测天线实测系统，坐标 q_1 = [60.1263, −32.0600]、q_2 = [83.7238, −127.4608]、q_3 = [0,0]、q_4 = [65.5065, −220.4126]（以天线 3 为原点），源位于 u = [−37.0008, −75.4746]，f_s = 125 MHz、f_c = 716 MHz、B = 15 MHz，采集数据 N = 32508 点、正则化后为 D ∈ C^{1204×27}（即 N_s = 1204、K = 27、P = 8），网格 100 m × 100 m、步长 0.5 m，共处理 12 组数据；评价指标为散点图（Fig. 14）与误差 CDF（Fig. 15）及单组数据处理耗时（Table II）。全部源数均为 1。","1) 复杂度（Table I，第7411页）：TDOA-PARAFAC 为 O(n_1(2P^2 + 2PNKL + 2P^2(NL + KL)) + N log_2^N + PN^2 + 4P(L − 1))，DPD-PARAFAC 为 O(n_2(2P^2 + 2PNKL + 2P^2(NL + KL)) + N log_2^N + PN^2 + PLT^2)，对比 DPD-FD 的 O(2NLT^2)、DPD-LS 的 O((NL + NL^2 + L^3)T^2)、TDOA-SDC 的 O(J(L − 1)(3N log_2^N + N^2))；Fig. 4（N = 600、K = 100、J = 10、P = 8、T = 200、n_1 = n_2 = 5，L = 4 与 L = 5）显示 DPD-PARAFAC 复杂度显著低于 DPD-LS/DPD-FD，TDOA-PARAFAC 略高于 TDOA-SDC。2) 耗时（Table II，第7414页，实测一组数据）：TDOA-PARAFAC 0.389816 s，DPD-PARAFAC 0.666323 s，TDOA-SDC 0.018630 s，DPD-FD 25.200672 s，DPD-LS 20.336202 s。3) 定位精度：Fig. 7（多径）与 Fig. 8（无多径）表明 DPD 类方法优于 TDOA 类，RMSE 随 SNR 升高单调下降（横轴约 −15…10 dB，具体数值论文仅以曲线给出，未列表）；Fig. 8 中 TDOA-PARAFAC 明显优于 TDOA-SDC，原因是其能实现超分辨时延估计而不受采样间隔限制；Fig. 9、Fig. 10（SNR = −10 dB，> 50 次实验）的误差 CDF 显示 DPD-PARAFAC 最好。4) 多径谱（Fig. 6，SNR = −5 dB，K = 100、P = 8）中主径对应的暗色峰清晰可见，但作者明确指出「There are also some pseudo-peaks owing to the effect of multipath」。5) LFM 补充仿真（Fig. 11 多径、Fig. 12 无多径）结论与前者一致；作者称 TDOA-SDC 因基于 GCC、受带宽与 SNR 影响大而表现明显更差。6) 实测（Fig. 14）12 组数据的定位散点集中在真实位置附近，作者据此称方法「applicable and feasible for practical situation」。以上结果都是在**单源**条件下取得的；论文没有给出任何多源（K ≥ 2）实验，也没有给出源数未知时的性能数据。","论文未说明是否公开代码或数据。可复现性中等：仿真几何、站址坐标、源位置、采样率、带宽、N/K/P 取值、多径相对时延比例（1.25、1.15）、搜索网格与步长、Monte Carlo 次数、对比方法编号均给出；未给出 K 与 P 的选取准则、TALS/COMFAC 的收敛门限与迭代终止条件（仅说明「until SSR less than a certain pinning value」）、噪声功率/SNR 的定义方式、多径路径数 G_l 的具体取值。实测部分给出频段与采样率、天线经纬度换算后的坐标、处理后的矩阵维度（1204×27），但未说明信号调制样式、源的真实坐标测量方式与误差、以及是否提供原始数据。作者自评局限：只提到 DPD-PARAFAC 的计算复杂度高于 TDOA-PARAFAC，以及多径会引入伪峰。","第一层（作者结论）：基于 PARAFAC 模型的 TDOA-PARAFAC 与 DPD-PARAFAC 能高效获得传播时延矩阵；TDOA-PARAFAC 精度高于基于时延补偿的方法，且不受采样频率与子空间划分的限制；DPD-PARAFAC 在多径环境下定位性能优于其他 DPD 方法；方法仅需少量迭代即可收敛，并通过仿真与实测验证可行、可实际用于非法辐射源定位。第二层（实验实际支持的结论）：在**单源、站址已知、站间同步、目标频带已知并已抽取 P 个频点**的前提下，三维张量 PARAFAC 分解确实能同时给出多站相对时延并抑制噪声（支持依据：唯一性条件式(18)–(20) 与 Fig. 7–10 的 RMSE/CDF 对比），DPD-PARAFAC 的逐频点非相干相关代价函数式(32) 在多径下比 DPD-LS/DPD-FD 更稳（支持依据 Fig. 7、Fig. 9、Table II）。不能外推的部分：(a) 无法外推到多源同频混叠场景，论文没有任何多源实验，且模型结构本身不含多源；(b) 「超分辨」结论仅在时延维上成立，且依赖多频点相位差解模糊，论文未给出频点数 P 或频带宽度不足时的失效边界；(c) 实测只有 12 组、单源、单场景，未给出定位误差的统计数据（如 RMSE 或分位数），Fig. 14 只能支持「量级正确」的定性判断；(d) 论文声称「不受采样频率限制」，但仿真仍是 6 MHz/125 MHz 采样下的结果，未做欠采样验证。","1) 构造了面向时延信息的三维 PARAFAC 模型（频点 × 分段 × 天线），并利用其中 IDFT 抽取矩阵 F_c^H **已知**这一特点同时解决置换模糊与加速收敛，这是与 Sidiropoulos 系列一般性 PARAFAC-DOA/频率估计工作的实质差异（式(22)(23)）。2) 给出了从时延矩阵直接获取多 TDOA 的闭式步骤（式(24)–(27)）：逐列归一化消去衰落，用频差与行相位差解时延模糊，从而不受采样间隔限制。3) 提出了把时延矩阵与几何时延向量逐频点相关的 DPD 代价函数（式(32)），在多径下利用「主径谱线才在真实位置重合」的性质抑制多径，并把两段方法统一在同一个 PARAFAC 分解结果上（Algorithm 1）。4) 用仿真 + 校园实测两级证据验证，并给出与 DPD-LS、DPD-FD、TDOA-SDC 的复杂度与耗时对照（Table I、Table II、Fig. 4）。","1) 全文仅处理单源；标题的「Multi」实为多站相对时延而非多信源，原文式(1) 与式(32) 都是单源结构，论文未讨论多源分离或源数未知的情形，也未说明若有两个同频源同时存在时式(27) 的相位差是否仍可用。2) 目标占用频带 w = [ω_c1, …, ω_cP]^T 与频点数 P 被当作已知前提直接给出（§III-A 第7407页），论文没有讨论频带未知、频带被其他源占用或 P 取值变化对估计的影响，也未给出 K 与 P 的选取准则。3) 实验设计只能支撑「单源、多径/无多径」这一条对比轴：所有仿真与实测的源数均为 1，没有源数变化、源间距变化或相邻源可分性实验，因而无法回答多源分辨能力。4) 实测部分的证据强度有限：12 组数据、单一源与场景，只给散点图与 CDF，没有给出定位误差的定量统计（RMSE/中位数）与真值测量精度，且未说明是否公开原始数据。","这是一篇工程性较强、理论工具成熟但问题设定受限的工作。价值在于：它把「频率维」显式纳入张量分解，用已知的 IDFT 抽取矩阵消模糊、用频差做超分辨时延，并给出一个把多径伪峰压下去的 DPD 代价函数——这三点都很具体、可核查，Table I/II 的复杂度与耗时对照也做得清楚。创新程度属于「已有 PARAFAC 工具在 TDOA/DPD 场景的适配与组合」，而非提出新的可辨性理论；式(32) 的代价函数在形式上仍是各频点非相干相关的叠加，与经典 DPD 代价函数的差别在于时延矩阵来自张量分解而非直接采样。实验证据的强度中等：仿真部分对比充分（多径/无多径、两种信号、两种天线布局）且有 CRB 参照，但全部限定在单源；实测部分只是可行性的定性展示。最重要的判断是：**该文不能被当作多源 DPD 的能力证据**，它既没有源数概念，也没有多源实验，标题的「Multi-TDOA」容易引起误读，引用时必须回到式(1) 的单源模型。实际应用价值集中在单源、宽带、站址已知、频带可预先选定的分布式被动定位场景。","(1) 是否覆盖本项目问题：未覆盖。本文没有源数估计、没有多源分离、没有「频率—源—位置」对应关系，只有一个源位置；它的「多」是相对参考站的多个 TDOA（τ_l1, l = 2, …, L），与本项目的 K 源计数不是一回事。覆盖程度仅限于「多站单天线下如何用频域数据做单源 DPD」这一子问题。(2) 能否作为同条件基线：不能直接作为本项目主任务的基线，因为本项目输入是多源同频混叠的短时混合 IQ，而本文模型式(1) 只允许一个源、式(7) 的时延矩阵只含单条时延向量。若要做 K = 1 分支的定位对照，可作为条件适用基线，适配点包括：把「预先给定频带 w 与频点数 P」替换为本项目由第三章输出的预测频带（这恰好构成一条可对比的「公共选频 + 传统求解器」链路），把仅 4 站、单天线的几何直接映射到本项目四站配置，并把 K（分段数）从论文的 100/27 调整为与 4096 点短时观测自洽的分段方案。(3) 是否压缩创新空间：部分压缩，且是必须正面处理的威胁。它证明了「在多个频点相位上做联合融合可得到超分辨时延」以及「把多个频点作为一维纳入张量分解可以同时得到时延矩阵」——也就是说，**「多频融合有用」在单源条件下已是既有事实**；同时 Its §III-A 明确把「频带已知、抽取 P 个频点」当成前置条件，说明「先选频、再交给传统求解器」这条链路在文献中已有成熟先例。本项目不能只声称「用了多频」，必须证明逐源频率权重在多源同频混叠下相对「公共频带 + PARAFAC/DPD 求解器」有增量。(4) 可直接借鉴与必须避开的：可借鉴 (a) 张量/矩阵形式组织「多频点 × 多站」观测的思路，特别是用已知抽取矩阵消模糊、归一化消衰落这两步工程技巧；(b) 式(32) 那种「用几何时延向量与估计时延结构做相关」的代价函数构造，可用来在细 DPD 前做一次一致性检查；(c) 逐频点非相干求和 Σ_p |·| 的形式，可作为「频率权重」的对照基线（论文用的是等权求和，未加权）。必须避开：(i) 把 PARAFAC 的秩 P 或分段数 K 误当作源数——本文的 K 是分段数，若照搬会直接误判源数；(ii) 依赖单源单时延结构，本项目若照搬式(7) 的 H 会丧失多源分辨；(iii) 假定目标频带已知，本项目第三章预测频带的误差必须在第四章中有对应处理，不能沿用本文「频带直接给定」的设定。","单源模型与 K 的含义：§II 式(1) 及其下方说明、§III-A 第7407–7408页（S = [S_1(ω_c), …, S_K(ω_c)]^T ∈ C^{K×P}）；张量/PARAFAC 构造：§III-A 式(2)–(9)，图2（第7408页）；TALS/COMFAC 与 SSR：§III-B 式(12)–(17)，第7408页；唯一性条件：式(18)(19)(20) 与 Theorem 1（第7409页）；置换模糊消除：式(22)(23)（第7409页）；多 TDOA 闭式估计：§III-C 式(24)–(27)（第7409页）；多径 DPD 代价函数与网格搜索：§III-D 式(28)–(32)、Algorithm 1、Fig. 3（第7410页）；复杂度：§IV-A、Table I、Fig. 4（第7411页）；仿真一参数与结果：§IV-B、Fig. 5、Fig. 6（第7411页）；RMSE/CRB 与 CDF：式(33)(34)、Fig. 7–Fig. 10（第7412页）；LFM 补充仿真参数：第7413页正文与 Fig. 11、Fig. 12；实测系统与参数：§V、Fig. 13、Fig. 14（第7413页）；实测结果与耗时：Fig. 15、Table II、§VI 结论（第7414页）；作者结论与自评：§VI（第7414页）与第7413页「computational complexity of DPD-PARAFAC is higher than that of TDOA-PARAFAC」。"
"R32","An Efficiency-Improved TDOA-Based Direct Position Determination Method for Multiple Sources","Hao K., Wan Q.，2019 IEEE International Conference on Acoustics, Speech and Signal Processing（ICASSP 2019），2019，pp. 4425–4429","针对 TDOA 直接定位（DPD）在多源场景下需在每个网格点做矩阵特征分解、计算负担过重的问题，作者用接收信号与噪声子空间的正交关系构造代价函数，指出该代价函数的本质是检验某个矩阵的列相关性（秩亏），从而把它化为「行列式是否为零」的判据，得到 DPD-DET 伪谱；仿真显示其定位精度与已有的 DPD-EIGEN 相当且都优于单源 ML（DPD-SML），而每网格点的线性代数代价降低 85% 以上。","被动无源定位。P 个位置未知的发射源，N 个观测站，**每个观测站只配一个传感器（single sensor）**（§2，第 4426 页）。源与站均静止；信号为未知波形的窄带/宽带信号（仿真用「unknown Gaussian signals」），通过频域分解为多个窄带分量处理。场景由 [8] 的结论限定为「观测站数必须大于源数」，作者在 §1 明确指出在 TDOA 多源定位中站数必须大于源数、否则特征分解矩阵阶数会很大、计算资源需求高。应用背景为车联网（Internet of Cars）、无人机（Unmanned Aerial Vehicle）与基于位置服务（LBS）等多源定位需求（§1）。","每站单天线（标量通道）。时域模型为式(1) x_n(t)=Σ_{p=1}^{P} η_np s_p(t−τ_n(l_p))+w_n(t)，0<t≤T，其中 η_np 为第 p 源到第 n 站的未知复标量（路径损耗导致），s_p(·) 为未知发射波形，τ_n(l_p)=‖p_n−l_p‖/c，w_n(t) 为零均值、白、圆复高斯噪声。观测区间 [0,T] 分成 K 段、每段长度 T/K，要求 T/K ≫ max_p τ_n(l_p)。式(2)(3)：第 n 站在第 k 段的 M 个 Fourier 系数构成 x̄_n(k)=A_n(L)s̄(k)+w̄_n(k)，其中 A_n(L)=[η_n1Q_n1, η_n2Q_n2, …, η_nPQ_nP]∈C^{M×MP}，Q_np=diag(e^{j2πf_1τ_n(l_p)},…,e^{j2πf_Mτ_n(l_p)})∈C^{M×M}；s̄(k)=[s̄_1^T(k),…,s̄_P^T(k)]^T∈C^{MP}。式(4)(5)(6)：把 N 个站堆叠得 x̄(k)=A(L)s̄(k)+w̄(k)，并施加归一化约束 Σ_{n=1}^{N}|η_np|²=1。式(7) 用 K 个分段估计协方差 R̂=(1/K)Σ_k x̄(k)x̄^H(k)（MN×MN），式(8) 做特征分解 R̂=U_SΛ_SU_S^H+U_NΛ_NU_N^H，Λ_S∈R^{MP×MP}（P 个大特征值）、Λ_N∈R^{M(N−P)×M(N−P)}（其余），U_S∈C^{MN×MP} 为信号子空间、U_N∈C^{MN×M(N−P)} 为噪声子空间。未知量为：各源波形 s̄_p(k)（每段每频点自由）、信道衰减 η_np、噪声方差、源位置 l_p、以及**源数 P**。注意符号约定：本文的 N 是观测站数（不是采样点数）、M 是每段的 Fourier 系数个数、K 是分段数、P 是源数、L 是源位置集合，与本项目「K 表示源数」的约定不同。输入层级为各站原始采样的分段频域系数与由其估计的协方差/噪声子空间。","已知K（由 MDL 等模型阶数估计获得）。依据：§3.1（第 4426 页）式(8) 之后明确写「Note that the number of transmitters P can be estimated by model order determination based on frequency-domain MDL criterion, as described in [9]」，且式(8) 的子空间划分本身需要 P（Λ_S 取 P 个大特征值、Λ_N 取 M(N−P) 个）；式(20) 之后又写「The P higher peaks of P(l) correspond to the locations set of multiple transmitters L」，即最终从伪谱中取前 P 个高峰定源位置，同样需要 P。因此 P 是算法必需的输入（可由 MDL 估计，但论文未给 MDL 的检验统计量、门限或误判性能）。与本项目最相关的旁证：§1 指出 TDOA 多源定位要求站数大于源数（引 [8]），在 N=4 个单天线站时最多只能处理 P≤3 个源。","思路分两步。第一步（解耦发射源，§3.1）：由式(9) 的噪声子空间正交关系 U_N^H A(L)=0，把 A(L) 按源分块写成式(10) A(L)=[V(l_1) V(l_2) … V(l_P)]，得到式(11) 的 P 个彼此独立的单源正交关系 U_N^H V(l_p)=0，其中式(12) V(l_p)=[η_1pQ_1p; η_2pQ_2p; …; η_NpQ_Np]。这一步把「P 源高维联合搜索」转化为「单源代价函数的多峰搜索」，是本方法与 [4] 的共同基础，区别在于本文使用**噪声子空间**（[4] 使用信号子空间）来构造代价函数。第二步（构造高效代价函数，§3.2）：以位置 l 与衰减向量 η（约束 ‖η‖=1，来自式(6)）为变量构造式(13) f_0(l,η)=‖U_N^H V(l,η)‖_F，把 U_N^H 按站分块为式(14) [G_1 G_2 … G_N]，代入得式(15) f_0(l,η)=‖Σ_n η_nl Vec(G_nQ_n(l))‖_F=‖Ψ(l)η‖_F（式(16)），其中 Ψ(l)=[Vec(G_1Q_1(l))^T; …; Vec(G_NQ_N(l))^T]^T∈C^{M²(N−P)×N}。作者由此揭示该代价函数的本质：式(17) Ψ(l)η=0 在 ‖η‖=1 下有非平凡解，等价于 Ψ(l) 的**列线性相关**、即 rank(Ψ(l))<N，于是得到式(18) 的判别 f_1(l)（l 在源位置集合 L 内则秩亏、否则满秩），再借助 [10] 的两个线性代数引理写成式(19) F(l)=det(Ψ^H(l)Ψ(l))（l∈L 时为 0、否则大于 0），最终得到式(20) 的伪谱 P(l)=1/det(Ψ^H(l)Ψ(l))。**与已有方法的主要差异**：对照 [4] 的特征值型伪谱式(21) Q(l)=λ_max(D)（D 与 Ψ^H(l)Ψ(l) 同阶），本文把每个网格点上的「求最大特征值」换成「求行列式」，作者称复杂度由 O(N³) 降为 O(N²)（引 [11] 的快速行列式算法），并把位置谱从「Rank-N 矩阵的主特征值」改为「Rank-N 矩阵的行列式是否为零」这一等价判据。注意 Ψ^H(l)Ψ(l) 是 N×N（N 为站数）矩阵，因此每网格点的线性代数规模由站数决定，与源数 P 及频点数 M 无关。","直接基线候选；输入信息层级：原始混合 IQ（各站单传感器时域采样，分 K 段做 M 点 DFT 后估计多站堆叠协方差与其噪声子空间；协方差只需估计一次，网格搜索阶段只做小矩阵行列式）。判定依据：论文场景就是每站单传感器的多源 TDOA/DPD，输入是各站原始接收信号，输出是位置谱峰。失效/受限条件：(a) **必须已知源数 P**（式(8) 的子空间划分与式(20) 的取前 P 个峰），论文只给出「可用频域 MDL 估计」的一句话，未验证；(b) 站数必须大于源数（§1 引 [8]），N=4 个单天线站时最多 3 源，且噪声子空间维数为 M(N−P)，当 P 接近 N 时噪声子空间急剧变薄；(c) 协方差估计式(7) 需要「段数 K 足够大」（原文「which is a good approximation when the number of sections K is big enough」），且每段长度需满足 T/K ≫ max τ，因此短观测下 K 很小、MN×MN 协方差估计退化，方法前提不成立；(d) 建模假设各源波形 s̄_p(k) 在全部 M 个频点上自由存在、且不随段变化（段内平稳），未处理源在频带内部分占用或频率非平稳的情形；(e) 需要站间共同时基（见下条局限中对模型表述的核对）；(f) 未考虑多径、源运动与站间不同步。","全部为仿真，无实测（§4，第 4427–4428 页）。几何与配置：4 个单传感器位于 (−250,−150)、(−250,150)、(250,150)、(250,−150) m（构成 500 m×300 m 的矩形）；2 个发射源发射未知高斯信号，两源间距分别设为 80 m（图中实线组）与 45 m（图中虚线组），但**论文未给出两源的具体坐标**；信道衰减建模为圆复高斯随机变量，均值 1、标准差 0.1，各「站—源」对之间独立。定位基于 K=1280 段、每段 M=32 个 Fourier 系数，对应频率最高到 2 MHz。SNR 从 −10 dB 变化到 20 dB，每个 SNR 点做 200 次 Monte Carlo。对比方法：DPD-DET（本文式(20) 伪谱）、DPD-EIGEN（文献[4] 的特征值型伪谱，式(21)）、DPD-SML（文献[3,6] 的单源 ML 估计量）。评价指标：RMSE（单位 m，Fig. 1b）与计算时间/效率百分比（Fig. 1a）。Fig. 1a 的耗时对比：复矩阵阶数从 4 变到 24，每一阶数下两种运算各执行 20000 次（作者说明这约等于在 200×100 m² 区域以 1 m² 步长搜索一遍的运算量），得到行列式（red line）相对特征分解（green line）的降幅（efficiency，blue line）在阶数 4–24 之间均大于 85%。分辨率实验（Fig. 2，第 4428 页）：设 3 个相邻发射源位于 (−97.5,−72.5)、(−97.5,−27.5)、(−152.5,−37.5) m（按坐标计算两两间距约 45 m、65 m、56 m），并在原有基础上「increasing four more observation stations」（论文未给出增加后站点总数与新增站坐标），SNR=20 dB，比较 DPD-SML 谱（Fig. 2a）与 DPD-DET 谱（Fig. 2b）。论文未给出信号带宽、总采样点数 N_s、SNR 的定义方式、以及 Fig. 1b 中两源的具体坐标。","1) 计算效率（Fig. 1a，第 4428 页）：复矩阵阶数在 4–24 之间时，用行列式替代特征分解使每网格点的线性代数耗时降低超过 85%（作者据此称「reduced calculation load was more than 85% in our simulation」）；论文给出的理论依据是特征分解约 O(N³)、[11] 的行列式算法约 O(N²)，而网格点数达数千至数万，搜索阶段的这一项构成总计算时间的主要部分。2) 定位精度（Fig. 1b，第 4428 页）：在两源间距 80 m 与 45 m 两组条件下，DPD-DET 与 DPD-EIGEN 在每一个 SNR 值上精度接近，且两者均优于 DPD-SML；作者对这一现象的解释是「the proposed method and DPD-EIGEN decoupled the transmitters while the SML estimator attempted to fit both signals」——即 DPD-SML 用单源模型去拟合两个源，产生模型失配。RMSE 随 SNR 提高而下降。3) 多源分辨（Fig. 2a/2b，第 4428 页）：在 SNR=20 dB、3 个相邻源（间距约 45–65 m）、站数增加 4 个的条件下，DPD-DET 伪谱给出三个清晰尖峰，而 DPD-SML 谱只有一个宽主瓣，说明前者具备 MUSIC 类超分辨能力而后者不具备。成立条件与未测试范围：所有结论都是在仿真、静止源、已知源数 P（4 站时 P=2，Fig. 2 时 P=3 且增加了站数）、长观测（K=1280 段）条件下得到的；论文未测试源数未知或误设、观测长度缩短（K 变小）、更多源（接近站数上限）、运动源、多径、站间不同步；也未给出 DPD-DET 与 DPD-EIGEN 精度差异的显著性分析（只说「approximate」）。","论文未说明代码或数据是否公开（无 code/data availability 声明）。仿真可复现性中等：给出 4 个传感器坐标、源数、两个源间距（80 m 与 45 m）、信道衰减分布（复高斯、均值 1、标准差 0.1、各站—源对独立）、K=1280、M=32、频率上限 2 MHz、SNR 范围 −10~20 dB、Monte Carlo 次数 200、对比方法、Fig. 1a 的阶数范围与重复次数（20000 次）、Fig. 2 的三个源坐标。仍缺关键项：两个源的**具体坐标**未给（只有间距）、增加观测站后的站点总数与坐标未给、信号带宽未给、N_s 总采样点数未给、SNR 定义未给、MDL 阶数估计的实现与误判率未给、行列式快速算法 [11] 在实际实现中的具体形式未给（只引文献）。此外存在两处内部不一致需注意：(a) 标题与索引词为 TDOA，但式(1)(3) 的信号模型使用的是各站到源的**绝对**传播时延 τ_n(l_p)=‖p_n−l_p‖/c，全文未出现参考站与差分时延 Δτ 的定义，也未说明站间是否共用同一时基；(b) Fig. 1a 的自变量「the order of the complex matrix」取 4–24，而仿真的实际矩阵阶数为 MN=4×32=128，二者不一致，论文未说明 Fig. 1a 的阶数区间如何对应实际仿真规模。作者自评局限：仅提到该行列式型目标函数的思想「can be also used in AOA-based localization」（§5），未给出其他局限讨论。","第一层（作者结论）：用噪声子空间构造行列式型代价函数，既保留了 MUSIC 类方法的精度与超分辨能力，又把计算负担降低超过 85%，使方法「reliable and more real-time」；行列式型目标函数的思想也可用于 AOA 定位。第二层（实验实际能支持的结论）：实验支持的是「在 4 个单传感器（矩形布站，500 m×300 m）、2 个已知源数、间距 80 m 或 45 m 的未知高斯信号源、K=1280 段×M=32 频点的仿真条件下，把每网格点的最大特征值判据换成行列式判据，能在精度基本不变（与 DPD-EIGEN 相当）的前提下把每网格点的线性代数耗时降低 85% 以上；并且在该条件下 DPD-DET 能分辨 3 个相距 45–65 m 的相邻源，而单源 ML 不能」。以下外推不被支持：(a) 「85% 以上」只统计了 N×N 矩阵的「行列式 vs 特征分解」这一步，而形成 Ψ(l)（规模 M²(N−P)×N）的开销对两种方法相同、未计入，因此不能把 85% 当作总定位时间或总计算量的降幅；(b) 标题所称 TDOA 与式(1)(3) 的绝对时延模型不对应，因此不能直接引用其模型作为「TDOA 观测模型」的标准形式；(c) 源数 P 已知（或由 MDL 估计）是所有结果的前提，未验证 MDL 在本场景下的正确率；(d) Fig. 2 的分辨实验增加了观测站数量，未说明增加后的站数与几何，因此其分辨能力不能外推到 4 站条件；(e) 无实测、无短观测、无源数未知的实验，结论不覆盖本项目的核心场景。","1) 给出了一个概念性的判据转换：把 MUSIC 类 DPD 的逐网格点「最大特征值」判据改写为「检测秩亏」的判据（式(17)–(19)：Ψ(l)η=0 有非平凡解 ⟺ rank(Ψ(l))<N ⟺ det(Ψ^H(l)Ψ(l))=0），并指出该代价函数的本质是检验矩阵的列相关性——这一表述本身具有方法论价值，把参数化 DPD 的峰搜索与线性代数中的秩亏检测直接对应起来。2) 用噪声子空间构造单源代价函数（式(13)(15)(16)），使 P 个源的正交关系解耦为 P 个独立的单源关系（式(11)），从而在一个统一的伪谱上以多峰形式给出全部源位置，避免了 P 维联合搜索。3) 定量给出每网格点线性代数开销的降幅（阶数 4–24 时 >85%，Fig. 1a）并给出 O(N³)→O(N²) 的理论解释，对工程实现有直接价值。4) 用 Fig. 2 给出 3 个相邻源（间距 45–65 m，约为阵列孔径的 1/10）的分辨对比，作为 MUSIC 类超分辨能力在 DPD 上的直接证据。","1) 源数 P 是必需输入（式(8) 的子空间划分、式(20) 的取前 P 个峰），论文只给一句「可用频域 MDL 估计（[9]）」而不给实现、门限与误判性能；且受 §1 引 [8] 的约束，TDOA 多源定位要求站数大于源数，4 站时最多 3 源。2) 「效率提升 85% 以上」的范围被限定在 N×N 矩阵的行列式与特征分解之差；构造 Ψ(l) 需要 M²(N−P)×N 规模的运算（论文仿真中 M=32、N=4），该项为两法共有、未计入统计，因此不能据此推断总的定位计算量或总耗时的降幅。3) 标题与模型不一致：题名与索引词称 TDOA，但式(1)(3) 使用绝对传播时延 τ_n(l_p)，全文未定义参考站与差分时延、未说明站间时基关系，也未说明 η_np 是否承载了各站未知的载波相位（若承载，则模型的相位可辨识性依赖于对该标量的自由度假设）。4) 观测长度与协方差估计的前提未被检验：式(7) 明确说协方差近似「good when the number of sections K is big enough」，仿真用 K=1280、M=32（据此推算总采样至少万点量级，论文未给 N_s），但没有任何随 K 减小（短观测）的性能退化实验，而这正是本项目最关心的区间。5) Fig. 1b 未给出两个源的具体坐标，Fig. 2 未给出增加后的站数，导致这两组实验的可复现性与「多源是否已真正分开」的核查条件不完整。","本文的核心价值在于一个清晰的概念转换而非精度提升：把多源 DPD 的逐网格点判据从「求最大特征值」变为「判断 Ψ(l) 是否列相关/秩亏」，从而在保持 MUSIC 类超分辨能力的同时把每网格点的线性代数开销降一个量级（>85%），这对需要在数千至数万个网格点上搜索的 DPD 非常实际。方法链条完整、动机清楚（§1 明确指出 TDOA 多源下站数大于源数会使特征分解矩阵阶数变大），Fig. 1a/1b/2 三张图分别对应效率、精度、分辨三个主张，结构合理。但证据强度有多处明显折扣：源数 P 是必需输入而 MDL 估计只是一句话；效率增益只覆盖每网格点线性代数的一步、未含 Ψ(l) 的构造开销；标题称 TDOA 而模型用绝对时延，二者不对应；最关键的观测长度前提（K 足够大）没有做任何样本量扫描；4 站单传感器的多源上界（P≤3）未被强调。创新程度评价为「中等、判据型」：行列式判据、噪声子空间、MDL 均为既有工具，贡献在于将它们与 DPD 的峰搜索结构对应起来并给出效率量化。实际应用价值较高但适用面窄：对「站数不多、源数已知且不超过站数减一、观测足够长」的集中式多源定位，它是一个计算上很划算的选择；对本项目的短观测、未知源数场景则不能直接套用。","(1) 覆盖程度：R32 覆盖了本项目**观测接口**的一半（多个单传感器站、原始 IQ、未知波形、位置直接输出）与**多源分辨**这一关键能力——它确实用 4 站（Fig. 2 时增加站数）单天线分开了多源，且分辨距离（45–65 m）远小于基线孔径，因此「多站单天线能否分开同频带多源」这一问题在 R32 中已被正面回答为「能，只要源数已知且站数大于源数」。但它不覆盖本项目的核心任务：不估源数（P 为输入或由 MDL 得到）、不输出逐源占用频段、不做频率—源—位置的对应，且所有频率对所有源等权使用（Q_np=diag(e^{j2πf_mτ_n(l_p)}) 对全部 M 个频点一视同仁，代价函数按 F 范数把 M 个频点无差别地并入 Ψ(l)）。(2) 能否作为同条件基线：可作为**条件适用**的直接基线（更准确地说，它是本项目细 DPD 定位模块最合适的传统对照之一，因为它每网格点的代价极低），适配要求有三：把 P 换成本项目预测的 K；把观测长度从 K=1280 段压到本项目 4096 点量级并重新验证式(7)（协方差近似）与式(8)（子空间估计）的可用性，这很可能是主要失效点；明确站为 4 站时 K≤3 的硬上限，本项目若出现 K=3 已到达上限（此时噪声子空间维数为 M(N−P)=M，仅剩一个频点维度的噪声子空间）。(3) 是否压缩创新空间：压缩两条。第一条是「四站单天线可分开多源」——R32（以及 R02、R33）共同表明这不是新的难点，本项目不能把「多站单天线分开多源」本身当作贡献。第二条是「多频等权联合使用可行且有效」——R32 把 M=32 个频点无差别地并入代价函数，R33 则进一步做了公共选频并显示精度提升，因此「把多个频点合起来用」与「公共选频」都已有先例。未压缩的部分正是本项目的核心边界：R32 对所有源使用**同一组频点、同一权重**（Σ_n η_nl G_n Q_n(l) 中每个源只由位置 l 区分，频率维度不被用来区分源），它既没有逐源频率表示，也不做源数估计，因此「短观测下逐源定位权重相对公共选频+传统求解器是否有独立价值」在 R32 中完全未被触及。(4) 可借鉴机制与必须避开的陷阱：可借鉴 (a) 「用位置相关矩阵的秩亏/行列式作为位置判据」这一思路——本项目若要在细网格上快速生成多源热力图，可用同类的低阶判据（N×N 行列式）替代逐网格点的大矩阵分解，成本与网格点数成线性而每点代价极低；(b) 噪声子空间正交关系 U_N^H V(l_p)=0 的单源解耦结构，可用于把 K 个源的联合搜索拆成单源多峰搜索，天然与「先定 K 再逐个定位」的流程匹配；(c) 归一化约束 ‖η‖=1（式(6)）消去未知跨站衰减幅度，与 R02 的 ‖α‖=1、R33 的首元素为 1 是同一族做法，可作为本项目空间谱消元的标准手段。必须避开的陷阱：(i) 不要把「计算效率提升」当作本项目可以主张的创新点——R32 已经把「每网格点线性代数代价」压到很低，本项目的价值必须落在信息利用（逐源频率权重）而非计算加速上；(ii) 不要忽略 85% 这一数字的口径（仅 N×N 一步，不含 Ψ(l) 构造），若引用必须核对口径；(iii) 不要沿用「协方差段数 K 足够大」的前提而不检验，本项目短观测下必须显式给出 K 与站数、源数的关系，并把「K 不足时失效」作为预期结论之一；(iv) 不要用绝对时延模型实现 TDOA——本项目四站单天线必须显式写出参考站与差分时延，避免重蹈本文题名与模型不一致的问题；(v) 评估此类基线时必须说明站数上限（K≤站数−1），而 SBL/稀疏类（R07）与 MVDR 类（R02）无此限制，比较时不能混用条件。","摘要（DPD 优于两步法、多源下为高维优化、用接收信号与噪声的正交关系构造代价函数、本质是验证矩阵列相关、行列式型代价函数更高效）：第 4425 页；索引词（含 TDOA）：第 4425 页；§1 引言（[4] 用子空间分解做二维搜索、[5] 迭代分离各源、[6] 用 MVDR 解耦、[7] 交替投影做低维化、这些方法每网格点都要做低阶特征分解、**TDOA 多源定位要求站数大于源数 [8]**、计算资源需求大的动机陈述）：第 4425–4426 页；§2 问题描述式(1)–(6)（P 个源、N 个站、每站单传感器、T/K ≫ max τ、M 个 Fourier 系数、归一化 Σ|η_np|²=1）：第 4426 页；§3.1 式(7) 协方差估计（K 足够大时近似成立）、式(8) 子空间分解（P 个大特征值与 M(N−P) 个小特征值）、**「the number of transmitters P can be estimated by model order determination based on frequency-domain MDL criterion, as described in [9]」**、式(9)–(12) 的正交关系与分块：第 4426 页；§3.2 式(13)–(17)（f_0 定义、‖η‖=1、U_N^H 分块 G_n、Ψ(l) 定义、Ψ(l)η=0 与列相关等价）、式(18) rank 判别、式(19) det 判据、式(20) 伪谱 P(l)=1/det 与**「The P higher peaks of P(l) correspond to the locations set of multiple transmitters L」**、式(21) 与 [4] 的 λ_max 型伪谱对比、O(N³) 与 O(N²) 的复杂度对比：第 4427 页；§4 仿真（Fig. 1a 阶数 4–24、20000 次、200×100 m² 区域 1 m 步长、效率 >85%；4 个单传感器坐标；2 个发射源；信道衰减复高斯均值 1 标准差 0.1 独立；K=1280 段、M=32、最高 2 MHz；SNR −10~20 dB；200 次 Monte Carlo；对比方法 DPD-DET/DPD-EIGEN/DPD-SML；Fig. 1b 两源间距 80 m 与 45 m）：第 4427–4428 页；Fig. 2 分辨率实验（3 个相邻源坐标 (−97.5,−72.5)、(−97.5,−27.5)、(−152.5,−37.5) m，增加四个观测站，SNR=20 dB，DPD-SML 单宽主瓣 vs DPD-DET 三尖峰）：第 4428 页；§5 结论（行列式型目标函数用噪声子空间、保留 MUSIC 类精度与超分辨、计算量降幅 >85%、思想可用于 AOA 定位）：第 4428 页；参考文献[4] Amar & Weiss、[6] Tirer & Weiss、[8] Amar & Weiss（可分辨发射源数目基本限制）、[9] Wax & Kailath（MDL）、[11] Fisikopoulos & Peanarda（快速行列式算法）：第 4429 页。"
"R33","An Improved TDOA-based DPD Method via Multiple-frequency Function Fusion","Zhu K., Jiang H., Yu L., Li Y., Li J.（通讯作者 Jianfeng Li），2022 7th International Conference on Signal and Image Processing（ICSIP 2022），2022，pp. 217–221","针对 TDOA 直接定位（DPD）在融合中心因高维矩阵运算与分解而复杂度高的问题，作者把宽带接收信号按频率分成 N 组窄带数据（只挑谱能量较高的 N_l 组）并按时间分成 J 段，在**每个频段内**建立信号子空间与噪声子空间的正交性（MUSIC 类）关系，再把多个频段的代价函数融合成一个只依赖位置的二次型 φ^H Q(p)φ，用拉格朗日乘子把未知信道衰减 φ 消去，最终以谱峰搜索得到位置；仿真与实测均显示其误差 CDF 优于 DPD-DET 与 TDOA-Chan，且复杂度显著低于 DPD-DET。","被动无源定位。M 个未知位置的辐射源，L 个**分布式单传感器观测站**（论文摘要与 §I 明确「TDOA-based DPD method is realized by distributed single-sensor stations」，每站只装一个传感器）。信号为宽带信号（仿真用线性调频 LFM），需要先用 DFT 分解为窄带分量；源与站均静止，各站与源之间无多普勒假设，未考虑相对运动。站间需要时间同步（结论中把时钟同步误差与多径列为待改进项，即本文未处理）。应用背景为需要集中处理多站数据的直接定位，作者把阵列式 DPD 的高硬件成本作为选择 TDOA-DPD 的理由（§I，第 217 页）。","每站单天线（标量通道）。式(1) y_l(n_s)=Σ_{m=1}^{M} α_{lm} s_m(n_s−τ_{lm})+n_l(n_s)，0≤n_s≤N_s−1；α_{lm} 为第 m 源到第 l 站的信号衰减（复数、未知），n_l(n_s) 为零均值高斯噪声，c 为光速。式(2) τ_{lm}=√((x_sl−x_m)²+(y_sl−y_m)²+(z_sl−z_m)²)/c（三维坐标，说明模型本身支持三维）。式(3) 频域形式 ȳ_l(k)=Σ_m α_{lm} s̄_m(k) e^{−jω_k τ_{lm}}+n̄_l(k)，0≤k≤N_s−1。式(4)–(7) 把各站数据堆叠并切分：Y(n_s)=[y_1^T(n_s) … y_L^T(n_s)]^T，分成 J 段、每段 N=N_s/J 列，得式(6)(7) 的 Y_j(n)、y_{lj}(n)。式(8)(9) 对每段做 DFT 得 Ȳ_j(k)=A_j(k)S̄_j(k)+N̄_j(k)。关键是式(10) 的分解 Ȳ_j(k)=[Φ(α)⊙A_j(ω_k,p)]S̄_j(k)+N̄_j(k)，其中 ⊙ 为 Hadamard 积，Φ(α) 是 L×M 的衰减系数矩阵（式(11)），A_j(ω_k,p) 是 L×M 的时延因子矩阵 A_j 的第 (l,m) 元素为 e^{−jω_k τ_l(p_m)}（式(12)）——即把「衰减」与「位置」从结构上分离。随后把 N 个频点视作 N 组窄带数据 X_n(j)∈C^{L×J}，用式(13) R_n=X_n X_n^H 近似协方差，式(14) 作特征分解 R_n=U_{Sn}Λ_{Sn}U_{Sn}^H+U_{Nn}Λ_{Nn}U_{Nn}^H，U_{Sn}∈C^{L×M} 为信号子空间（M 个大特征值）、U_{Nn}∈C^{L×(L−M)} 为噪声子空间。未知量为：各源波形 s_m、衰减 α_{lm}、噪声方差、源位置 p、以及**源数 M**（式(14) 的大/小特征值划分与式(22) 的取峰都显式使用 M）。输入层级是各站原始时域采样（DFT 与分段后构造协方差），不是已估时延；输出层用谱峰搜索直接给位置。","已知K（源数 M 为已知输入）。两处硬性依据：1) 式(14) 后的说明「Λ_{Sn} and Λ_{Nn} are diagonal matrices consisting the M bigger and L−M smaller eigenvalues respectively」，即把协方差特征值分成 M 个大特征值（信号子空间）与 L−M 个小特征值（噪声子空间）需要已知 M；2) §III-C 结尾（第 220 页）「we can obtain the position estimation of the sources by finding the top M maximum values …」以及式(22) 的 p̂_m（m=1,…,M），即从代价函数谱中取前 M 个峰定源位置，同样需要 M。论文摘要、引言与结论均未讨论源数未知的情形，也未给出任何模型阶数估计（MDL/AIC）或门限方法。附带的分析判断：由于式(14) 需要 L−M≥1 的非空噪声子空间，在 L=4 个单天线站时该方法最多只能处理 M≤3 个源，且必须准确已知 M。","整体思路分四步。第一步（数据分段与多频带划分，§III-A）：把 L 站堆叠后的长观测切成 J 段、再对每段做 DFT，把宽带接收信号拆成 N 组窄带数据 X_n（Fig. 2 给出「frequency band division」示意：Y_1(k)…Y_N(k) 按频点纵向排列，X_1(j)…X_N(j) 为对应的窄带数据），并以 R_n=X_n X_n^H 低维化协方差——这一步是作者声称降低复杂度的主要来源（把高维矩阵运算分解为 N 个 L×L 的小矩阵）。同时作者指出实际宽带信号不理想，因此只挑选 N_l 组谱能量较高的频段（§III-A 末段「we can choose N_l groups of data of different frequencies whose spectra are relatively higher」，结论中称为「screening of band」）——这是**基于接收谱能量强弱的公共选频**，不是按源分配的选频。第二步（单频带内建立正交性，§III-B 前段）：对每个频段用式(14) 的信号/噪声子空间分解，引用文献[13]（Weiss）的结论式(15) U_{Nn}^H diag(a(ω_n,p))φ=0 作为「该候选位置 p 处不存在源」的判据，其中 a(ω_n,p)=[e^{−jω_nτ_1(p)},…,e^{−jω_nτ_L(p)}]^T 为方向向量、φ=(α_1,…,α_L)^T 为全部衰减系数。第三步（多频代价函数融合，§III-B 后段，本文核心差异）：作者给出的关键论据是「不同频段中同一宽带发射信号的窄带数据对应同一组衰减系数，即同一个 φ」，因此可以把 N 个频段的正交性方程按式(16) 纵向堆叠，并定义式(17) Q(p)=（堆叠矩阵）^H（堆叠矩阵），得到式(18) φ^H Q(p)φ=0。第四步（拉格朗日乘子消去未知衰减，§III-C）：直接最小化式(18) 会得到平凡解 φ=0，故令 φ 的第一个元素为 1（约束 e_1^H φ=1），构造式(19)(20) 的约束优化，求导得式(21) φ=Q^{−1}(p)e_1/(e_1^H Q^{−1}(p)e_1)，代回得式(22) 的位置代价函数 p̂_m=arg max_p e_1^H Q^{−1}(p)e_1（m=1,…,M），即在感兴趣区域网格上逐点做 L×L 矩阵求逆并取前 M 个峰。估计出全部位置后，再由各估计位置处 Q^{−1}(p̂_m) 之和的第一列给出衰减系数 φ 的估计。与已有方法的主要差异：(a) 相对阵列式 DPD（含文献[16] 的 MVDR-DPD）不需要多阵元硬件，只用单传感器站；(b) 相对同为 TDOA-DPD 的文献[18]（DPD-DET，基于行列式代价函数）改为「逐频带噪声子空间正交性 + 多频带方程堆叠 + 拉格朗日消去衰减」的组合，作者声称精度更高、复杂度更低；(c) 相对两步法（TDOA-Chan）直接使用原始数据、无中间参数误差累积。","直接基线候选；输入信息层级：原始混合 IQ（各站单传感器时域采样，经分段 DFT 后构造逐频段 L×L 协方差与噪声子空间）。判定依据：论文场景就是 4 个单传感器分布式站的 TDOA-DPD（实测即 4 个观测节点），输入是各站接收的宽带原始信号，与本项目「四站单天线、发射波形未知、短时混合 IQ」的观测接口基本一致。失效/受限条件：(a) 必须已知源数 M（式(14) 子空间划分与式(22) 取前 M 个峰），且受 L−M≥1 约束，L=4 时最多 3 源；(b) 每个频段的噪声子空间估计需要足够多的分段快拍 J = N_s/N，实测中 N_s=32508、N=128（J≈254），即需要数万采样点的长观测——本项目 4096 点量级观测下 J 会大幅缩小，噪声子空间估计质量会下降；(c) 式(15) 的正交性来自文献[13] 的窄带 MUSIC 结论，要求每个频段内信号可视为窄带、且各源在该频段内相干/相关处理带来的影响未讨论（MUSIC 类方法对相干源敏感，论文未提及解相干）；(d) 需要站间同步、无多径、静止源，作者在结论中明确把时钟同步与多径列为尚未解决的问题；(e) 各频段的衰减 φ 被假设为同一组常数（式(16) 的前提），即跨频段的平坦衰减假设，与 R02 的跨频点恒定 α 假设同类；(f) 只选择谱能量较高的 N_l 个频段（仿真 N_l=15、实测 N_l=9），选带规则依赖接收谱的信噪比分布，论文未给出选带算法的细节与鲁棒性分析。","分为仿真与实测两部分（§IV，第 220–221 页）。仿真：信号为线性频率调制（LFM）；f_s=125 MHz、B=20 MHz、T_s=0.1 ms（论文未明确 T_s 是时宽还是采样间隔，也未给出仿真的 N_s 总采样数，但 N=128、J=320 隐含 N_s=N×J=40960）；图 4 的设置为 N=128、J=320、N_l=15、SNR=−15 dB；搜索区域 200 m×200 m，搜索步长 1 m。对比方法：DPD-MFF（本文）、DPD-DET（文献[18] 的基于行列式代价函数的 DPD）、TDOA-Chan（文献[19] 的两步法估计器）。评价指标：定位误差的累积分布函数（CDF）曲线（Fig. 4）。复杂度分析见 TABLE I 与 Fig. 3（L=4、J=320、N=128、T=200，横轴 N_l 取 9/12/15/18，纵轴 Complexity，量级 10^9）。实测：4 个观测节点接收宽带信号，源为单个目标，N_s=32508、N=128、N_l=9，搜索区域 400 m×400 m、步长 1 m；场景为校园/建筑群卫星底图叠加节点与目标位置（Fig. 5），结果以误差 CDF 给出（Fig. 6）。实测未给出 SNR、f_s、B 的具体数值，未给出节点坐标的数值，也未给出目标真值的测量方式与不确定度。站数实测为 4、仿真站数未在正文中明确说明（TABLE I 与 Fig. 3 使用 L=4）。源数：仿真与实测的源数论文未明确说明；Fig. 1 的标题为「Schematic diagram of single-source positioning scenario」，Fig. 4/6 均只给单条误差 CDF 曲线，Fig. 5 只标出 1 个 target。","1) 复杂度（TABLE I、Fig. 3，第 220 页）：作者给出两法的复杂度解析式，并称 DPD-MFF 的复杂度「much smaller」；Fig. 3 在 L=4、J=320、N=128、T=200 下对比 N_l=9/12/15/18：DPD-DET 的复杂度从约 0.6×10^9 升到约 3.9×10^9（随 N_l 单调快速上升），而 DPD-MFF 的柱高在图中几乎不可见（相对量级远低）。2) 仿真定位精度（Fig. 4，第 220 页）：在 SNR=−15 dB、N=128、J=320、N_l=15、200 m×200 m 搜索区、1 m 步长下，DPD-MFF 的误差 CDF 曲线高于 DPD-DET 与 TDOA-Chan，即同等误差门限下的成功概率更高（论文未给出具体误差分位数数值）。3) 实测定位精度（Fig. 6，第 221 页）：实测 4 节点、N_s=32508、N=128、N_l=9、400 m×400 m 区域内 DPD-MFF 的误差 CDF 仍高于另两法，论文称「the error caused by the proposed DPD method is smaller than the others」。4) 实测中估计目标落在搜索区域热力图最高值处，与红色标注的真实位置接近（Fig. 5 描述）。成立条件与未测试范围：以上结果均为**单目标**（或至少未声明多目标）条件下的误差统计；模型虽按 M 个源写成式(9)–(12)、并按前 M 个峰给式(22)，但论文没有给出任何多源分辨的定量结果（无多源场景的谱图、无源间可分辨距离、无邻近源的 RMSE 或分辨概率曲线），也没有源数 M 误设时的性能分析。复杂度结论只在 L=4、N=128 这一组参数下给出。","论文未说明代码或数据是否公开（无 code/data availability 声明，实测的原始数据与节点坐标未给出）。仿真可复现性中等偏弱：给出了 LFM 波形类型、f_s=125 MHz、B=20 MHz、T_s=0.1 ms、N=128、J=320、N_l=15、SNR=−15 dB、搜索区域 200 m×200 m、步长 1 m，但未给出仿真的 N_s 总采样数（需由 N×J 反推）、未给出 L 的取值（由 TABLE I 与 Fig. 3 可推为 4）、未给出源数与源坐标、未给出噪声功率与 SNR 的定义方式、未给出选带的判据细节（「spectra are relatively higher」无阈值与算法）、未给出网格搜索是否包含峰值提取的插值。实测可复现性弱：只给出 N_s、N、N_l、搜索区域与步长，未给节点坐标、SNR、采样率、带宽、目标真值来源与测量精度。作者自评局限见结论（第 221 页）：未来将进一步改进由时钟同步与多径引起的误差，即承认这两项在本文中未处理。论文未给出算法的收敛性或数值稳定性讨论（Q(p) 的求逆在某些网格点上的条件数问题未提及）。","第一层（作者结论）：提出基于多频函数融合的 TDOA-DPD 方法；数据分段与多频带划分可显著降低计算复杂度；频带筛选与代价函数的多频融合可提取接收信号中的有用部分从而提高定位精度；仿真与实测的满意性能证明方法在实际中有效；未来将改进时钟同步与多径误差。第二层（实验实际能支持的结论）：实验支持的是「在 4 个单传感器站、LFM 宽带信号、SNR=−15 dB 的仿真与一次单目标的校园实测中，本文的代价函数（逐频段噪声子空间正交性 + 多频堆叠 + e_1^H Q^{−1}(p)e_1 取峰）比 DPD-DET 与 TDOA-Chan 给出更好的单目标误差 CDF，且复杂度比 DPD-DET 低」。以下外推不被支持：(a) 标题与摘要的「multiple signal classification」多信号能力没有多源实验支撑——模型按 M 源写、按前 M 个峰取位置，但所有报告的曲线都是单条误差 CDF，无法判断两个相邻源能否分开；(b) 「over 20%」一类的具体提升幅度论文并未给出（本文只给 CDF 曲线，无百分比数值），因此不能引用具体提升比例；(c) 实测只有一次、单目标、且真值来源未说明，统计意义有限；(d) 「多频融合提高精度」这一结论没有任何消融实验（例如 N_l=1 与 N_l=15 的对比、去掉频带筛选的对比），因此无法判断增益来自「多频融合」本身还是来自「选谱能量高的频段」这一预处理；(e) 复杂度结论只在单组参数下给出，未给复杂度表达式中各符号（N_l、Ĺ、T 等）的完整定义，可核验性有限。","1) 把「多频段代价函数融合」作为 TDOA-DPD 的独立机制提出并形式化：利用「同一宽带信号的各窄带分量共享同一组跨站衰减系数」这一物理约束，把各频段的正交性方程按式(16) 堆叠为单一二次型 φ^H Q(p)φ（式(17)(18)），使单频段无法求解的式(15) 变为可解，这是相对文献[13][18] 的实质结构差异。2) 用「令衰减系数首元素为 1 + 拉格朗日乘子」的方式把未知衰减 φ 解析消去（式(19)–(22)），使位置谱不依赖任何衰减先验（注意这与 R02 的 ‖α‖=1 约束是同一类技巧的不同归一化形式）。3) 给出一个可显著降低融合中心复杂度的实现路径：时域分段 + 逐频点分解使每次只需求逆 L×L 小矩阵，并用 TABLE I/Fig. 3 给出与 DPD-DET 的复杂度对比。4) 提供了少见的同时含仿真与实测的 TDOA-DPD 验证（Fig. 4 仿真 CDF、Fig. 5/6 实测场景与 CDF），其中实测搜索区 400 m×400 m、步长 1 m 与工程使用规模接近。","1) 多源能力未被验证：论文按 M 个源建立模型并在式(22) 取前 M 个峰，但仿真与实测只报告单条误差 CDF，Fig. 1 标题为 single-source scenario，Fig. 5 只有一个 target，因此「多源分辨」这一最关键的性质缺乏任何直接证据；也没有给出源数 M 误设的影响。2) 源数 M 是已知输入（式(14) 的 M 个大特征值划分、式(22) 的前 M 个峰），论文未讨论源数未知的处理，也未给出任何阶数估计方法；同时受 L−M≥1 限制，4 站时最多 3 源。3) 关键假设「各频段共享同一组衰减系数 φ」（式(16) 的前提）在实测宽带场景下未必成立（频率选择性衰落、天线频响），论文未做任何检验或敏感性分析。4) 选带策略「挑谱能量较高的 N_l 组频段」缺乏算法细节（无阈值、无最少频段数、无鲁棒性分析），而这是该方法降低复杂度与提高精度的双重前提，却没有任何消融实验；从而无法判断精度增益是来自多频融合还是来自选带。5) 观测长度需求较高：实测 N_s=32508 采样点（仿真隐含 40960），远超本项目 4096 点量级的短观测，论文未讨论样本量减少时式(13)(14) 的协方差/子空间估计质量如何退化。","本文与本项目的接口非常接近（4 个单传感器分布式站、TDOA 直接定位、发射波形未知、宽带信号）并且有一个明确且可迁移的核心机制——把多个频段的判别方程通过与「共享衰减系数」这一物理约束堆叠融合，把单频段下不可解的式(15) 变成可解的二次型，再用拉格朗日乘子把未知衰减消掉。这一点在方法层面是实在的贡献，且与 R02 的 MVDR-DPD 属于不同技术路线（子空间正交 vs 自适应零陷），有比较价值。但证据强度明显不足：全文的核心主张是「多源直接定位」，而所有实验曲线都是单目标误差 CDF，没有任何多源可分性的实验；源数 M 是已知输入且在 L=4 时最多支持 3 源；最关键的「多频融合带来精度增益」缺少消融实验；实测只有一次、节点坐标与真值来源均未给出、样本量达 3 万点，与短观测场景不匹配。此外论文的复杂度表达式定义不全、部分符号未说明，可核验性偏弱。综合判断：创新程度为「中等」——机制有新意，但验证停留在单目标层面；实际应用价值主要体现在给出了一条「低复杂度、可在 400 m×400 m、1 m 步长网格上工作的单目标 TDOA-DPD 实现」的工程范式，其 1 m 步长的网格搜索规模与本项目的细网格（401×401）恰好同量级，因此对工程实现有参考价值，但不能作为多源性能的直接依据。","(1) 覆盖程度：R33 覆盖了本项目的**观测接口**（4 个单传感器站、原始 IQ、TDOA、发射波形未知、位置直接输出）与**部分方法要素**（多频融合、公共选频、未知衰减消去），但没有覆盖本项目的核心任务：它不输出逐源占用频段，不输出频率—源—位置对应关系，也不做源数估计（M 是输入）；且它没有多源可分辨性的任何证据，因此「多站单天线条件下分开多源」这件事在 R33 中仍未完成。(2) 能否作为同条件基线：可作为**条件适用**的直接基线，适配要求是：把已知 M 换成本项目预测的 K 或由谱峰阈值决定；把观测长度从 3×10^4 量级降到本项目 4096 点量级并重新标定 J（分段数）与 N（每段长度），因为逐频段噪声子空间估计质量直接依赖 J；把选带规则（挑谱能量高的 N_l 段）显式写出来以便在本项目数据上复现；统一网格与搜索范围（本文 1 m 步长、200×200 或 400×400 网格与本项目细网格同量级，可直接对齐）。在 L=4 时应特别注意 M≤3 的硬约束，本项目若出现 K=3 已到达该方法上限（噪声子空间维数只剩 1）。(3) 是否压缩创新空间：压缩两条。第一条是「多频融合有用」——R33 已经把多个频段的代价函数融合成单一位置谱并在仿真与实测中显示优于单频/两步法（Fig. 4、Fig. 6），因此「把多个频段一起用」不能作为本项目的创新点。第二条是「公共选频有用」——R33 明确采用「只挑谱能量较高的 N_l 组频段」（§III-A，结论中称 band screening），并把精度提升部分归因于这一步，这正是本项目创新边界中要对照的「公共选频 + 传统求解器」组合的已有先例之一；因此本项目必须证明的是**逐源定位权重在公共选频之上还有独立增益**，而不能只证明「选频有用」。未压缩的部分：R33 的选频是全局共享的（所有源用同一组 N_l 段），没有任何按源分配频率权重的机制；它也不做源数估计与逐源频带输出。(4) 可借鉴机制与必须避开的陷阱：可借鉴 (a) 「各频段判别方程共享同一组物理参数（衰减）」这一堆叠思路——本项目若要把「逐源频率权重」写成可解的判据，可借用「同一源的跨频段参数一致性」作为约束，把逐频段独立性约束起来，避免权重估计的自由度过高；(b) 拉格朗日乘子/归一化消去未知跨站衰减（式(19)–(22)）是与 R02 的 ‖α‖=1 等价的另一实现，可作为本项目细 DPD 空间谱生成时的备选消元方式；(c) 用逐频点 L×L 小矩阵求逆替代高维矩阵分解来把细网格搜索的成本压下来。必须避开的陷阱：(i) 不要把「公共选频」当成自身创新——R33 与 R02 一起表明公共频点选择/多频等权融合已经存在，本项目必须把对照组明确设置为「公共选频 + 适用传统求解器」并在此之上证明增量；(ii) 不要沿用「跨频段衰减同一」的假设而不加检验，否则无法体现频率差异的价值，本项目应允许并报告逐频点的信道/功率差异；(iii) 不要像 R33 那样只报单条误差 CDF 就宣称多源能力——本项目必须给出 K≥2 时逐源误差、分辨概率与 K 估计正确率；(iv) 不要忽视 L−M≥1 这一子空间类方法的硬约束，本项目在四站条件下评估此类基线时必须说明源数上限（K≤3），SBL/稀疏类（如 R07）与 MVDR 类（R02）不受此限，选择基线时不能混用条件。","摘要与关键词（含「orthogonality is initially established to realize multiple signal classification (MUSIC) algorithm」「data segmentation」「Lagrange multiplier」）：第 217 页；§I 引言中「TDOA-based DPD method is realized by distributed single-sensor stations but there are few TDOA-based DPD methods」、阵列式 DPD 硬件成本高、文献[16] MVDR-DPD 不需源数先验且至多三维搜索、文献[17] TDOA-DPD 的 MLE、文献[18] 用信号与噪声正交性的行列式代价函数：第 217 页；论文工作概述（分段与多频带划分、MUSIC 类正交性、多频代价函数融合、拉格朗日乘子避开未知衰减）：第 218 页；§II 信号模型式(1)(2)、站与源坐标定义、Fig. 1（标题为 single-source positioning scenario）、式(3)：第 217–218 页；§III-A 式(4)–(9) 与频段划分、Fig. 2 频带划分示意、「we can choose N_l groups of data of different frequencies whose spectra are relatively higher」、式(13)(14) 协方差与 M 个大特征值/L−M 个小特征值说明：第 218–219 页；§III-B 式(10)–(12) 的 Hadamard 分解与 Φ(α)、A_j(ω_k,p)、式(15) 的正交性（引[13]）与「attenuation φ is unknown, which makes (15) unsolvable」、式(16)(17)(18) 多频堆叠与 Q(p) 定义：第 219 页；§III-C 式(19)–(22)（e_1^Hφ=1 约束、φ=Q^{−1}e_1/(e_1^HQ^{−1}e_1)、p̂_m=arg max_p e_1^HQ^{−1}(p)e_1、**取前 M 个最大值**、由 Q^{−1}(p̂_m) 之和的第一列估计 φ）：第 220 页；§IV-A 复杂度、TABLE I、Fig. 3（L=4、J=320、N=128、T=200 与 N_l=9/12/15/18 的复杂度柱状对比）：第 220 页；§IV-B 仿真设置（LFM、f_s=125 MHz、B=20 MHz、T_s=0.1 ms、N=128、J=320、N_l=15、SNR=−15 dB、搜索区 200 m×200 m、步长 1 m）与 Fig. 4、对比方法 DPD-DET 与 TDOA-Chan[19]：第 220 页；§IV-C 实测设置（N_s=32508、N=128、N_l=9、搜索区 400 m×400 m、步长 1 m）与 Fig. 5：第 220–221 页；Fig. 6 实测误差 CDF 与正文解读：第 221 页；§V 结论（分段与多频带划分降低复杂度、频带筛选与多频融合提高精度、未来改进时钟同步与多径）：第 221 页；参考文献[13] Weiss（式(15) 来源）、[16] Tirer & Weiss、[17] Vankayalapati/Kay/Ding、[18] Hao & Wan、[19] Chan & Ho：第 221 页。"
"R34","Direct Localization of Emitters Based on Sparse Bayesian Learning","Chen 等（Minqiu Chen, Xingpeng Mao, Chunlei Zhao），IEEE Transactions on Vehicular Technology，2019，卷68，第6期，第5769–5781页，DOI 10.1109/TVT.2019.2910831","作者把多站被动定位写成稀疏表示问题，但把「字典部分未知」这一关键困难纳入稀疏贝叶斯学习（SBL）框架：在全局窄带、局部窄带、TDOA-AOA 三种模型下分别建立含未知信道衰减系数的字典，用 EM 结合交替最小化策略迭代更新噪声功率、信道衰减与先验方差，从而在不需要数据关联的前提下直接定位多个发射源，并给出 TDOA-AOA 模型的 CRB 作为基准。","研究对象是 L（L ≥ 2）个平面内分离站、每站配 M（M ≥ 2）阵元阵列（论文称为 subarray，全部阵元合称 global array，§II-A 第5770页，图1 第5770页）的多站被动定位系统，源为 N 个静止发射源。应用背景为无线通信、车辆技术、目标跟踪。三种模型对应三种不同物理条件：AOA-Global 要求全局窄带（式(3)，任意两个站的传播时延差与带宽之积远小于 1）；AOA-Local 只要求站内子阵传播时延与带宽之积远小于 1（式(7)）；TDOA-AOA 用多频观测把 TDOA 与信道衰减的乘积模糊解开，代价是要求子阵间采样同步（§II-B-3 与第5772页、第5773页 Remark 4）。关键约束：源波形未知但被建模为零均值高斯过程；字典原子对应候选位置网格；论文明确只处理静止源、且不讨论地理位置构型的影响（Remark 8，第5776页）。","一般模型为式(1) x_l(t) = Σ_{n=1}^{N} w_{l,n} a_l(p_n) s_n(t − Δτ_l(p_n)) + n_l(t)，Δτ_l(p_n) = τ_l(p_n) − τ_1(p_n)（以 1 号站为参考站，式(2)）。每站输出为 M × 1 向量；a_l(p_n) 为第 l 站对第 n 源的导向矢量；w_{l,n} 为复信道衰减；n_l(t) 为各子阵加性白噪声，服从 N(0, λI)，λ 为噪声功率。三个专用模型：(a) AOA-Global（式(5)、式(6a)–(6g)）：s_n(t − Δτ_l(p_n)) ≈ s_n(t)e^{−j2πf_cΔτ_l(p_n)}，字典 Φ^g = [(A_1 W_1)^T, ..., (A_L W_L)^T]^T，此时 w_{l,n} 与 e^{−j2πf_cΔτ_l(p_n)} 始终成对出现，TDOA 信息退化、Δτ 信息不可用；(b) AOA-Local（式(8)(9)）：x_l(t) = A_l s^l_l(t) + n_l(t)，s^l_l(t) 为第 l 站接收波形向量，w_{l,n} 与 s_{l,n}(t) 成对出现，故把衰减并入信号幅度、省略 w_{l,n}；(c) TDOA-AOA（式(10)–(12e)）：先选 K 个信噪比较高的频率 f_k，把接收数据分成 T_K 帧、每帧 J 个采样，对第 i 帧做 FFT 得 ẋ_{k,l}(i) = Σ_{n=1}^N w_{l,n}a_l(p_n)ṡ_{k,n}(i)e^{−j2πf_kΔτ_l(p_n)} + ṅ_{k,l}(i)，观测域为频域傅里叶系数向量 ẋ_k(i) ∈ C^{ML×1}。稀疏展开模型用 Q 个原子的字典（式(13a)–(13d)），信号协方差 diag(γ)，γ = [γ_1,...,γ_Q]^T 且 γ_q > 0（式(13e)）。未知量包括：源位置 p_n、信道衰减 w_{l,n}、噪声功率 λ、信号先验方差 γ、以及（TDOA-AOA 下）频域信号系数。仿真中源波形用多个不同频率正弦波之和模拟（第5776页）。快拍/分段数：AOA 类用 T 个观测，TDOA-AOA 用 T_K 帧 × J 采样。","已知K。依据：式(1) 的数据模型直接以 N 为源数写入；**Algorithm 1（第5773页）第14行明确写「obtain the index set {q_1, ..., q_N} for the maxima of Σ_{t=1}^T |μ^g_{[q]}(t)|² (q = 1, ..., Q), and localize the emitters by finding the coordinates corresponding to the indices in the dictionary, i.e., p̂_n = p_{q_n}」**——即最终取峰步骤按 N 取后验功率最大的 N 个原子；式(60) 的 RMSE 也按 n = 1,...,N 求和；仿真中源数固定为 2（第5776页「Two emitters are configured on the plane」），从未变化。重要冲突：论文在 §V-C（第5778页）写「the advantage of SBL-AOA-Global method is that the prior information of model order (i.e., the number of emitters) is not required」，在 §VI（第5780页）再次写「do not require to know the model order」，但算法第14行实际使用了 N。论文未澄清在 N 未知时如何确定取多少个原子（是否存在阈值判据或直接由 γ 的支撑集决定），该矛盾为论文自身的内部不一致，需在使用时按「取峰需要 N」来处理。","总体思路：把「未知波形导致字典部分未知」的困难交给贝叶斯学习——字典里含未知的信道衰减 w_{l,n}（即字典的未知部分），先验 γ 通过对角协方差体现稀疏性，然后用 EM/代理函数交替更新所有参数，最后在字典中原子的后验功率上取峰得到源坐标。与已有的 ℓ1 罚直接定位（basis pursuit [23]、LASSO [24]、FOCUSS [25]）的主要差异是：不预先固定先验（L1/Lp 的稀疏先验是预设的，且有效性无法保证）、且能处理字典部分未知的情形（LASSO 无法处理 AOA-Global 与 TDOA-AOA 的未知字典）。
主要模块与关键机制：
1. 稀疏建模（§II-C，第5772页）：AOA-Global 化为式(14)、AOA-Local 化为式(16)、TDOA-AOA 化为式(18)；后验为高斯 p(s^g(t)|x(t); λ, γ, {w̄_l}) ~ N(μ^g(t), Σ^g)（式(20)），均值与协方差见式(21a)(21b)。Remark 6（第5772页）明确三种模型的稀疏信号统计性质不同：AOA-Global 中同源信号被建模为同一随机过程；AOA-Local 中建模为独立同分布过程；TDOA-AOA 中同一信号的不同频率分量建模为 IID 过程，而同一频率、对应同一发射源的分量建模为同一随机过程。
2. 求解（§III，第5772–5774页）：用 EM 的上下界函数（式(23)）；AOA-Global 得到噪声功率学习规则式(25)（前 ξ 次迭代按文献[30]的建议用式(26)替代以保证抗噪）、信道衰减学习规则式(27)（文中证明其对 w̄_l 为凸，附录式(61)–(64)给出证明）、γ 的学习规则式(31)。局部模型见式(32a)–(36)，TDOA-AOA 见式(37a)–(42)。Remark 7（第5774页）说明后两种方法的过程被略去，可由 Algorithm 1 直接类推。
3. **Algorithm 1（第5773页）的关键控制流**：重复执行「先更新两次信号后验均值与协方差（式(21a)(21b)）→ 若迭代次数大于 ξ 用式(25) 否则用式(26) 更新噪声功率 → 再更新一次后验 → 用式(27) 更新信道衰减 → 再更新一次后验 → 用式(31) 更新先验协方差」，直到后验均值变化小于 δ 或达到最大迭代次数；第14行按 N 取后验功率最大值对应的字典索引并输出坐标。即：交替最小化策略（alternating minimization strategy）是本文对原 BSBL-BO 求解流程的实质修改。
4. TDOA-AOA 的机理（Remark 3，第5771页）：AOA-Global 中 TDOA 相关项退化，而 TDOA-AOA 因含多个不同频率的扩展观测 e^{−j2πf_kΔτ_l(p_n)}，对每个 w_{l,n} 有 K 个不同的乘积，原模糊不再存在——这是「用频率维打破 TDOA–衰减模糊」的核心机制。
5. 收敛性（§IV-A，第5775页）：论文证明原 BSBL-BO 的独立更新无法保证目标函数单调不增（式(43a)–(43c) 的关系无法确定），而所提交替最小化可给出式(44a)–(44d) 从而式(45) h^g(Θ*) ≤ h^g(Θ°)，保证收敛。
6. 性能基准（§IV-B，第5775–5776页）：推导 TDOA-AOA 模型的 CRB（式(50)–(57b)，最终式(56) C(η') = λ/(2T_K){Σ_k Re(H_k ⊙ R^T_{s_k})}^{-1}）；并给出远场窄带条件式(58a) r ≫ 2D_c²/λ_c、式(58b) B ≪ c/D_c（对 M = 11 的 ULA，D_c = 5λ_c，f_c = 1 GHz 时要求 r ≫ 15 m、B ≪ 200 MHz）。","需重推适配（对本项目的四站单天线配置不可直接使用）；输入信息层级：已提取的阵列频域观测（AOA 类为各站阵列输出的时域快拍；TDOA-AOA 为按 K 个选定频率做 FFT 后的频域傅里叶系数向量），不是原始混合 IQ，也不是纯时延量测。判定与失效条件：(1) 所有三种模型都要求每站 M ≥ 2 阵元（§II-A 第5770页明确 M ≥ 2），AOA 信息来自阵列流形 a_l(p_n)；本项目每站单天线（M = 1）时导向矢量退化为常数，AOA 类模型直接失效，TDOA-AOA 也失去 AOA 部分。(2) TDOA-AOA 要求子阵（即各站）之间采样同步（第5772页），本项目站间虽同步但站数为 4、每站 1 阵元，此时该模型退化为「多频 TDOA-only 稀疏字典」形式，需要重新推导。(3) 字典原子建立在候选位置网格上（第5779页给出 0.2 km 间隔、Q = 441 的例子），定位精度受网格与字典条件数限制；本项目需要的是「细网格空间谱」，属同类但不同接口。(4) 论文假设源为静止、波形为零均值高斯过程、观测可按 K 个高 SNR 频率做 FFT 分帧，均为与 4096 点短观测混合 IQ 不同的条件（短观测下频率分辨与频率选择的可靠性需重新论证）。(5) 观测含多源同频混叠时该框架原则上仍可写成字典模型（稀疏性可容纳多源），但论文未测试过同频完全混叠的多源（仿真中两源频率集只有 0.189B 一个分量重合，其余各不相同，第5776页），故对「同时同频」的可分性无证据。","全部为仿真，无实测。几何（§V，第5776页）：四站位于 (−3, −3) km、(−3, 3) km、(3, −3) km、(3, 3) km，每站为均匀线阵（ULA），阵列法线平行于 y 轴，阵元间距 d_c = λ_c/2。两个发射源配置在平面内；信道衰减取 w_1 = [1.1, 0.5]^T、w_2 = [1.5, 1.3]^T、w_3 = [0.8, 0.7]^T、w_4 = [0.4, 1.6]^T（4 站 × 2 源，实数值）。SNR 定义为所有阵元无噪接收数据的平均功率与噪声功率之比。两源带宽相同为 B，采样频率 f_s = B；每个源的信号由若干不同频率正弦波之和构成，两源频率集分别为 {0.189B, 0.524B, 0.905B} 与 {0.189B, 0.332B, 0.716B}。最大迭代 500，ξ = 20，δ = 10⁻³。两种数据场景：直接在频域生成的理想数据；以及对时域数据做 FFT（每帧 J = 64 个采样），后者因量化误差与频谱泄漏而性能较差；两种场景均取 K = 5，且对后一种场景额外加噪以对齐 SNR。成功判据式(59)：|p̂_n^{(i)} − p_n| ≤ ε，ε = 0.02 m；RMSE 见式(60)，试验次数 I = 400。
各实验设置：§V-A 模型适应性——源位于 (0, −0.25) km 与 (0, 0.25) km，SNR = 20 dB，30 个观测，K = 5 时 TDOA-AOA 的 T_K = 6；图2 变带宽（M = 8，带宽 10⁻²–10¹ MHz），图3 变阵元数（M = 5–11，B = 0.2 MHz）。§V-B 与稀疏类方法比较——源关于 y 轴对称、以 (0,0) 为中心，图4 变源间距（0.4–1.6 km，T = 20，B = 10 kHz，M = 8，SNR = 20 dB），图5 变快拍数（T = 5–30，源位于 (0, −0.7) km 与 (0, 0.7) km，B = 10 kHz，M = 8，SNR = 20 dB）；对比 LASSO-Covariance [36]（即文献[36]的协方差矩阵联合稀疏表示）与 LASSO-Sample（由 ℓ1-SVD [22] 推广）；LASSO 的正则参数用 L-curve 技术[38]选取，CVX 工具箱求解。§V-C 与子空间类方法比较——AOA 类：图6 RMSE 对 SNR、图7 RMSE 对快拍数（T = 10，SNR = 20 dB，B = 10 kHz，M = 8，源位于 (0, −0.5) km 与 (0, 0.5) km），对比 Wax's（Local）[9] 与 GMA（Global）[12] 以及 CRB-AOA-Local/Global；TDOA-AOA：图8 RMSE 对 SNR、图9 RMSE 对帧数（T_K = 6，SNR = 20 dB，B = 1 MHz，M = 8，源位于 (0, −0.1) km 与 (0, 0.1) km，K = 5），对比 DPD [15] 与 LOST [19] 以及 CRB-TDOA-AOA。§V-D 复杂度与运行时——定位范围 p_x, p_y ∈ [−2, 2] km、间隔 0.2 km 故 Q = 441，M = 8，L = 4，T = 30，T_K = 6，K = 5，源位于 (0, −1) km 与 (0, 1) km，B = 10 kHz，SNR = 20 dB（表I）。§V-E 收敛性——SNR = 20 dB，M = 11，B = 0.1 MHz，T = 30，T_K = 6，J = 64，源位于 (0, −0.25) km 与 (0, 0.25) km（图10）。","1) 模型适应性（图2、图3，第5777页）：随带宽增大，SBL-AOA-Local 成功率几乎不变（约 0.55 水平）、SBL-AOA-Global 在约 0.1 MHz 之后急剧崩溃（1 MHz 时降到 0）、SBL-TDOA-AOA（J=64 与 Ideal）接近 1；随阵元数 M 从 5 增到 11，SBL-AOA-Local 成功率由约 0.05 升至约 1，SBL-AOA-Global 维持在约 0.55–0.6 的中等水平，TDOA-AOA 两种设置均在 0.8–1。2) 与稀疏类方法比较（图4、图5，第5777–5778页）：在源间距离从 0.4 km 增至 1.6 km 时，SBL-AOA-Global 成功率始终接近 1，SBL-AOA-Local 由约 0.42 升至 0.96，LASSO-Covariance 由 0 升至约 0.95，LASSO-Sample 最差（在 1.1 km 才约 0.05，1.6 km 回到 0）；图5 中 SBL-AOA-Global 在不同快拍数下均高于两种 LASSO 方法。3) 与子空间类方法比较（图6–图9，第5778–5779页）：AOA 类中 SBL-AOA-Local 优于 Wax's [9]，SBL-AOA-Global 在低 SNR 下劣于 GMA [12]；TDOA-AOA 类中 SBL-TDOA-AOA 表现最好，DPD [15] 因「cannot distinguish the two emitters in this scenario」而最差（第5778页右栏）。4) 复杂度与运行时间（表I，第5779页）：SBL-AOA-Local 57 次迭代 3.32 s，SBL-AOA-Global 47 次 4.17 s，SBL-TDOA-AOA 79 次 23.45 s；对比 LASSO-Cov 21 次 14.20 s、LASSO-Samp 20 次 12.81 s、Wax's 0.08 s、GMA 0.05 s、DPD 0.42 s、LOST 0.22 s——即本文方法比子空间/DPD/LOST 慢一到两个数量级。5) 收敛性（图10，第5779页）：从第 20 次迭代起，交替最小化（Alternating）的归一化目标函数收敛到比原独立更新（Independent）更小的稳态值，且后者存在波动。结果成立的条件：全部在源数为 2、接收机为四站 ULA、SNR = 20 dB 为主、源间距较大（0.4 km 以上）的仿真下成立；未测试 N > 2、未测试源间距小于约 0.4 km（图4 横轴下限即 0.4 km 时 LASSO-Sample 成功率已为 0）、未测试阵列存在相位/位置误差、未做实测。","论文未说明是否公开代码或数据。关键参数给出较全：网络无关，主要超参数为最大迭代 500、ξ = 20、δ = 10⁻³、K = 5、J = 64、I = 400、ε = 0.02 m、字典在运行时间实验中取 p_x/p_y ∈ [−2,2] km 间隔 0.2 km 故 Q = 441；LASSO 正则用 L-curve + CVX。但复现缺口明显：SBL 的初始化（Algorithm 1 第1行只说「initialize the undetermined parameters」）未给出具体初始化方式；**除运行时间实验外，其余仿真所用的字典网格间隔与字典范围未说明**，而成功判据 ε = 0.02 m 与 0.2 km 的网格间隔相差四个数量级，论文未说明其余实验中如何在该字典上达到 0.02 m 的判定精度；Wax's 与 GMA 的实现细节未给；DPD [15] 与 LOST [19] 的对比设置只给出「K = 5 denotes ... the temporal shift of LOST [19]」这一句。附录只证明了 g₁^g 对 w̄_l 的凸性，其余两种模型的代理函数凸性并无论证（Remark 7 明确省略）。","第一层（作者结论，§VI 第5779–5780页）：提出的三种 SBL 直接定位方法相比已有发射源定位方法有四点优势——(i) 作为直接定位算法无需数据关联即可确定多源位置；(ii) SBL 框架使「字典部分未知」情形下的稀疏恢复可解；(iii) 相比 LASSO 类性能更好且不需要选择超参数；(iv) 相比基于常规数据模型的算法精度更高（或相当）且「do not require to know the model order」；同时作者补充前提：「it is necessary to evaluate the model conditions before the corresponding localization methods are used, otherwise the mismatch of models will cause the degradation of performance」。
第二层（实验实际支持的结论）：在四站 ULA、2 源、给定带宽与阵列参数、字典网格固定、ε = 0.02 m 判据的仿真中，SBL-AOA-Local 对带宽不敏感、SBL-AOA-Global 在大带宽下崩溃、SBL-TDOA-AOA 在带宽与频率间隔足够大时最优；相比 LASSO 类方法成功率更高（图4、图5）；相比 DPD 在 TDOA-AOA 场景下 RMSE 更低（图8、图9）；相比原 BSBL-BO 的独立更新，交替最小化能取得更小的稳态目标值（图10）。外推限制：优势陈述都建立在「按式(3)或式(7)判断后选对了模型」的前提上（作者自己也强调模型失配会显著恶化性能），而实际场景是否满足这些条件通常需要额外判断；「不需要模型阶数」的结论与 Algorithm 1 第14 行按 N 取峰相矛盾，实验也从未改变 N = 2，因此该结论缺乏实验支撑；所有结论均在 M ≥ 8 的阵列条件下取得，未验证 M 接近下限 M = 2 时的行为。","1) 把「字典部分未知」这一在多站被动定位中真实存在（未知信道衰减）的困难，通过贝叶斯学习显式建模为可更新参数，使 AOA-Global 与 TDOA-AOA 这两类 LASSO 无法处理的模型变得可解（§II-C、§III，第5772–5774页）。这是相对 ℓ1 罚直接定位方法的实质推进，而不是精度上的增量。2) 给出 TDOA-AOA 模型的完整推导并指出其机理：K 个不同频率上的相位项 e^{−j2πf_kΔτ_l(p_n)} 打破了 TDOA 与信道衰减的乘积模糊（Remark 3，第5771页），同时诚实指出其代价是子阵间采样同步与频谱泄漏/频率量化限制（Remark 4，第5771–5772页）。3) 指出并修复原 BSBL-BO 的收敛性缺陷：证明独立更新无法保证目标函数单调不增，提出交替最小化策略并给出单调性证明（§IV-A 式(43)–(45)，第5775页）。4) 推导 TDOA-AOA 模型的 CRB（式(56)）并给出远场窄带适用的定量条件（式(58a)(58b) 及 M = 11、f_c = 1 GHz 下的 r ≫ 15 m、B ≪ 200 MHz），为方法的适用范围提供了可计算的判据。5) 在同一仿真平台上给出「模型—方法」的适用性地图（图2、图3 的带宽与阵元数维度），这是同类文献中较少见的做法。","1) 源数 N 的使用前后矛盾：Algorithm 1 第14行按 N 取后验功率最大的 N 个原子，而 §V-C（第5778页）与 §VI（第5780页）声称不需要模型阶数；论文未给出 N 未知时的取峰规则，也未做 N 变化（如 N = 1, 3, 4）的实验，因此「无需模型阶数」这一优势主张缺乏算法与实验支撑。2) 对每站阵元数的硬性要求：全局模型与局部模型都建立在 M ≥ 2 的阵列流形之上（§II-A），M = 1 时 AOA 相关模型退化；论文未讨论 M = 1 或 M = 2 附近的边界行为（图3 最小只测到 M = 5）。3) 网格化字典带来的精度上限与分辨率问题被回避：所有实验的字典网格间隔在运行时间实验中为 0.2 km，而成功判据 ε = 0.02 m，二者相差四个数量级却未作说明；源间距小于 0.4 km 的情形未测试（图4 横轴最小值为 0.4 km，此时 LASSO-Sample 已完全失败），故「两源能否在粗网格下被分辨」这一关键问题缺少数据。4) 计算复杂度与运行时间显著偏高：SBL-TDOA-AOA 单次 23.45 s（表I），比 DPD（0.42 s）与 LOST（0.22 s）慢约两个数量级，论文仅陈述复杂度 O(Q³L + ...) 与运行时间，未给出可用于实时或大网格场景的加速方案。5) 仿真设定偏理想：信道衰减取实常数（w 值在仿真中为实数，见第5776页），源为静止，未注入阵列相位误差、位置误差与互耦，也未复核 M ≥ 2 阵列在四站几何下的可观测性条件（论文明确把几何构型影响排除在外，Remark 8）。","论文的问题选择与建模深度是本文档四篇中最强的一篇。作者抓住了多站直接定位的一个真实痛点——未知波形使字典部分未知，导致 LASSO/ℓ1 框架从原理上不适用——并用贝叶斯学习把信道衰减变成可学习量，这是方法层面的推进而非调参式改进；同时能在两处做出诚实的负面证据（原 BSBL-BO 的非单调性、AOA-Global 在大带宽下崩溃），并把 TDOA-AOA 的机理（多频相位项消除 TDOA–衰减模糊）说清楚。收敛性证明与 CRB 推导提升了论文的理论分量。但必须明确指出三点削弱其结论强度的缺口：第一，「不需要模型阶数」这一核心卖点与自身算法第14行按 N 取峰相矛盾，且仿真始终固定 N = 2，属于未兑现的主张；第二，全部结论建立在每站 M ≥ 2 的阵列与已判断成立的窄带/同步条件下，作者自己也承认模型失配会显著恶化性能，这使方法的适用范围被压缩得很窄；第三，网格化字典的间隔（0.2 km 级）与成功判据（0.02 m）之间的量级不匹配、以及源间距下界 0.4 km 的实验边界，使「多源分辨能力」这一最值得关注的指标缺少可信的刻画。综合评价：理论贡献与问题价值高，工程可用性受复杂度与硬件条件限制，作为「稀疏贝叶斯直接定位」这一路线的代表文献值得引用，但其「无需模型阶数」的表述不可直接采信。","(1) 覆盖程度：部分覆盖但不构成同条件解决。它确实做到了「直接定位 + 多源 + 无需数据关联」，方向上与本项目第四章一致；但它覆盖不了本项目的三个关键条件——每站单天线（M = 1）、源数未知、短时混合 IQ。其仿真中 M = 8–11、N 固定为 2、观测为 30 个快拍或 T_K = 6 帧 × 64 采样，且需要按式(3)/(7) 预先判定窄带条件。(2) 同条件基线：不能作为本项目的同条件基线。本项目为四站单天线（M = 1），AOA-Global 与 AOA-Local 模型直接失效，TDOA-AOA 模型亦依赖阵列流形；若要在本项目上比较，需把它重推为「多站多频 TDOA-only 稀疏字典 + SBL」，即将字典原子改为仅含 TDOA 相位项的形式，且需重新处理单天线下的可观测性（4 站 1 阵元只有 6 个 TDOA，字典原子维度远低于本文的 ML）。相反方向更可行的比较是：在 K=2/3 的细 DPD 阶段，用本文的稀疏字典 + SBL 作为「公共选频 + 传统求解器」这一对照的候选实现之一（尤其是把 401×401 网格视为字典、把式(31) 的 γ 作为源存在性度量），这正是简报 1.3 要求本项目必须对照的「公共选频 + 适用传统求解器」的合法形态。(3) 是否压缩创新空间：压缩两条，必须明确记录。第一，**「用多个频率上的观测打破 TDOA 与信道/波形未知量的乘积模糊」已有明确先例**（Remark 3，第5771页）：本文用 K 个频率的相位项 e^{−j2πf_kΔτ_l(p_n)} 消除模糊，机制上就是「多频融合用于多源分辨」，因此本项目不能再把「多频信息有助于分辨」本身当作创新点，只能把创新点收窄到「逐源（而非逐频段集合）的定位权重」以及「短观测下的实现」。第二，「公共选频（选 K 个高 SNR 频率）+ 传统稀疏求解器」能分离 2 个源，在本文被作为正常工作流程使用（第5771页 §II-B-3 与 §V-C），其成功率在源间距 ≥ 0.4 km 时接近 1——这意味着本项目若把「公共选频 + 传统求解器」当作弱基线，可能会发现自己难以在同一条件下取得优势，必须把比较条件（短 4096 点观测、源数未知、单天线、近距源）设定清楚。(4) 可直接借鉴的机制：· 把字典的未知部分参数化并在迭代中学习（式(27) 的 w̄_l 更新），为本项目「未知波形」这一前提提供了与「学一个频率权重」不同的解决范式，可作为对比论证的参照；· 用后验功率 Σ_t|μ^g_{[q]}(t)|² 作为原子级「源存在性」度量（Algorithm 1 第14行），本项目可考虑用同类度量替代固定阈值取峰以处理未知 K——但必须明知本文自身并未实现这一点，只是留下了接口；· 交替最小化 + 代理函数单调性的证明思路（§IV-A 式(44)(45)），可用于本项目任何「多损失联合训练」的收敛性论证；· 用 CRB（式(56)）与远场窄带条件（式(58a)(58b)）先判断方法是否适用，而不是直接报指标——本项目的适用性分级体系可以照此补充定量的适用条件判据；· 表I 那种「迭代次数 + 运行时间」的横向对比表，是本项目在 K=2/3 分支上比较传统求解器的合适证据形式，能避开只比精度的片面性。必须避开的陷阱：· 不要把「取后验功率前 N 个峰」当作未知 K 的解决方案——本文的算法做了这件事但并未论证；· 不要把本文的 0.02 m 级成功判据与 0.2 km 字典网格混为一谈，本项目细网格 401×401（或 41×41/10 m）的「命中」判据必须自己定义清楚，并避免出现同类的判据—网格量级不匹配；· 不要在单天线条件下直接套用其 AOA 类模型或 CRB 公式。","§I 第5769页（两步法缺陷、直接定位方法综述、[34]–[36] 稀疏类直接定位受 LASSO 性质限制）；图1 第5770页（发射源定位系统，L 个站、每站阵列、N 个源）；§II-A 式(1)(2) 第5770页（一般模型、L ≥ 2、M ≥ 2 的明确约束、噪声先验 N(0, λI)）；§II-B-1 式(3)(4) 与式(5)(6a)–(6g) 第5770–5771页（全局窄带条件、AOA-Global 模型与 TDOA–衰减模糊的说明，Remark 1）；§II-B-2 式(7)(8)(9) 及 Remark 2 第5771页（局部窄带条件、AOA-Local 模型、对带宽与几何的敏感性对比）；§II-B-3 式(10)–(12e) 与 Remark 3、Remark 4 第5771–5772页（TDOA-AOA 频域模型、K 频率选择、T_K 帧与 J 采样、FFT、多频消除模糊、需站间采样同步与频谱泄漏限制）；§II-C 式(13a)–(19b) 与 Remark 5、Remark 6 第5772页（字典展开、Q 个原子、γ 先验、三种模型的稀疏信号统计性质差异、未知字典使 LASSO 难以求解）；§III-A 式(20)(21a)(21b) 第5772页（后验均值与协方差）；式(22)(23) 第5772页（负对数似然与 EM 上界函数）；式(24)–(27) 第5773页（g₁^g 的凸性与 λ、w̄_l 学习规则）；式(28)–(31) 第5773页（γ 学习规则）；**Algorithm 1 第5773页（含第14行按 N 取峰的定位步骤、第4–7行的 ξ 分支、第13行的 δ 停止准则）**；§III-B 式(32a)–(36) 第5774页（AOA-Local 求解）；§III-C 式(37a)–(42) 及 Remark 7 第5774页（TDOA-AOA 求解与省略说明）；§IV-A 式(43a)–(46f) 第5775页（原过程的非单调性与交替最小化的单调性证明）；§IV-B 式(50)–(57b) 第5775–5776页（TDOA-AOA 的 CRB 推导，最终式(56)）；式(58a)(58b) 第5776页（远场窄带条件与 M = 11、f_c = 1 GHz 的数值判据）；§V 第5776页（四站坐标、ULA 法线沿 y 轴、d_c = λ_c/2、两源、w_1–w_4 取值、SNR 定义、f_s = B、两源频率集、最大迭代 500、ξ = 20、δ = 10⁻³、J = 64、K = 5、ε = 0.02 m、I = 400、Remark 8 与 Remark 9）；§V-A 与图2、图3 第5777页（模型适应性、源位于 (0, ±0.25) km、M = 8、B = 0.2 MHz 等设置）；§V-B 与图4、图5 第5777–5778页（与 LASSO-Covariance/LASSO-Sample 比较、L-curve 选参、CVX）；§V-C 与图6–图9 第5778–5779页（与 Wax's/GMA/DPD/LOST 比较、CRB 曲线、**「the prior information of model order ... is not required」一句在第5778页右栏**）；§V-D 与表I 第5779页（复杂度表达式、Q = 441、运行时间对比）；§V-E 与图10 第5779页（交替最小化与独立更新的收敛对比、SNR = 20 dB、M = 11、B = 0.1 MHz、T = 30、T_K = 6、J = 64）；§VI 第5779–5780页（四点优势总结与「evaluate the model conditions」的前提、**「do not require to know the model order」在第5780页左栏**）；附录式(61)–(64) 第5780页（g₁^g 对 w̄_l 的凸性证明）。"
"R35","Importance sampling based direct maximum likelihood position determination of multiple emitters using finite measurements","Kegang Hao, Qun Wan（通讯作者）；Signal Processing（Elsevier），2021，186，文章号 108111，共11页（PDF 无印刷页码，页码以 PDF 顺序页给出）","针对多源直接最大似然定位（ML-DPD）需要多维穷举搜索、而子空间类与滤波类 DPD 只有观测趋于无穷时才逼近精确 ML 的问题，作者把接收信号写成非线性回归模型，用 Pincus 定理加重要性采样（Importance Sampling, IS）把 Q 个源的多维联合优化解耦为若干个 Q 组（D+1）维子问题，在有限观测下以非迭代方式逼近精确 ML 解；仿真显示在窄带宽、低 SNR、少分段条件下该方法逼近 optimal-ML-DPD 并显著优于 single-ML-DPD 与 MVDR-DPD。","Q 个相邻（adjacent）窄带发射源位于 p_q ∈ R^{D×1}，D=2 为平面几何、D=3 为立体几何（第2页 §2）；N_r 个空间分离的接收站（仿真 N_r=3），每个站配 M 元天线阵（仿真 M=3 的 ULA）。源为静止（""emitters are assumed stationary during the total observation time T""），发射波形不同源相互独立且不相关（incoherent and independent）。关键应用背景是蜂窝上行一类的非合作/半合作场景：各源发射的是已知前导序列（preamble sequence），但源与接收站之间时钟不同步，各源的发射时刻 ṫ_q 未知（第2页右栏）。关键约束：(a) 观测时长 T 被分成 L 段，必须满足 T/L ≫ max τ_j(p_q) 以避免时延模糊（第2页右栏）；(b) 窄带假设；(c) 源数 Q 在模型中固定；(d) 每站有多阵元，""为避免角度模糊，载频小于阵孔径上传播时间的倒数""（第2页左栏）；(e) 观测资源有限（短 T、窄带 B_w、少阵元 M）正是论文要处理的""finite measurements""场景。","每站 M 元天线阵（ULA），接收复包络 y_j(t)=Σ_q α_{q,j} a_j(p_q)s_q(t−τ_j(p_q)−ṫ_q)+w_j(t)，0≤t≤T（式(1)，第2页左栏）。α_{q,j} 为第 q 源到第 j 站的未知复标量信道衰减，a_j(p_q) 为阵列响应，s_q(·) 为已知的发射信号波形，τ_j(p_q) 为传播时延，ṫ_q 为未知发射时刻，w_j(t) 为噪声与干扰。把 T 分成 L 段后逐段 DFT，取每段 N 个频率点，得 y_j(n,l)=Σ_q α_{q,j} a_j(p_q) e^{−j2π f_n(τ_j(p_q)+ṫ_q)} s_q(n,l)+w_j(n,l)（式(2)）；写成矩阵形式 y_j(n,l)=Γ_{j,n,l}(P,ṫ)α_j+w_j(n,l)（式(5)）并堆叠为 y_j(l)=Γ_{j,l}(P,ṫ)α_j+w_j(l)（式(7)）；其中 Γ_{j,l}∈C^{NM×Q}，α_j∈C^{Q×1}，w_j(l)∼N(0,σ²I_{NM})（各段、各站独立同分布，第2页右栏末段，第3页）。未知量：各源位置 P={p_q}、各源未知发射时刻 ṫ={ṫ_q}、各站对各源的复衰减 {α_{q,j}}、噪声方差 σ²；波形 s_q(n,l) 已知（关键，见下条）。观测域：分段频域系数（DFT 系数向量 y_j(n,l)），不是原始 IQ 直接时域相关；快拍/分段数：仿真 N=5（每段频率点数）、L=10（段数），即总样本量 NL=50。载频与采样率论文未给出（论文未说明），只给出带宽 B_w 与 SNR 定义。","已知K。源数 Q 在建模时即固定：阵列流型 Γ_{j,n,l}∈C^{M×Q}（式(6)）、堆叠矩阵 Γ_{j,l}∈C^{NM×Q}（式(7)）、集中似然 L_c(P,ṫ)=Σ_j||y_j−Γ_j(P,ṫ)α_j||²（式(11)）、以及 (12) 式的 LS 解 α̂_j=Γ_j^†y_j 都显式含 Q，且第3页指出 ""Γ_j∈C^{LNM×Q} is full column rank since the Q emitters are assumed incoherent and independent with one another""。Q(D+1) 维参数空间的大小直接由 Q 决定（仿真中 Q=2、D=2，共 6 维参数空间，第7页）。论文全文未讨论 Q 未知、Q 过估/欠估、或由 MDL/AIC 等模型阶数估计确定 Q 的做法，也未讨论无源（Q=0）情形。","分四步。(1) 变换为非线性回归 + 集中似然（§3，第3页）。对给定 P、ṫ，{α_j} 的最优解是线性 LS 问题 α̂_j=Γ_j^†(P,ṫ)y_j（式(12)），回代后得到集中似然函数 CLF：L_c(P,ṫ)=Σ_{j=1}^{N_r} y_j^H Γ_j(Γ_j^H Γ_j)^{−1} Γ_j^H y_j（式(13)），联合 ML 估计为 [P̂,t̂]=argmax L_c（式(14)）。这一步消掉了信道增益 α，是能把问题压缩到 Q(D+1) 维的关键。(2) 用 Pincus 定理把 argmax 变成期望（§4，式(15)–(20)）：定义 F(P,ṫ)∝exp(ρL_c)（式(18)），当 ρ→∞ 时 F 退化为集中在全局最大点处的 δ 函数，于是 ML 估计可写成对 F 的期望 p̂_q(d)=∫∫p_q(d)F dp…（式(16)(17)），可用 R 个样本均值逼近（式(20)）。作者明确指出这不是把问题变简单，而是为了引入 IS。(3) 设计可因式化的重要性函数 IF（§5，第4页）。取 G(P,ṫ)=Π_{q=1}^Q g_q(p_q,ṫ_q)（式(25)），把 Q(D+1) 维采样拆成 Q 组 (D+1) 维采样；关键是证明 CLF 在 L 足够大时对角化：归一化相关矩阵 [Γ_j^H Γ_j/(MNL)]_{u,v} 可分解为三个归一化相关系数之积——第 j 站 AOA 相关系数 r_{doa,j}、TOA 相关系数 r_{toa,j}、以及""第 n 个发射信号傅里叶系数的归一化相关系数"" r_{sig,n}（式(26)–(28)，第4页）；由于 r_{sig,n} 随 L 增大趋于零，用 Γ_j^H Γ_j ≈ MNL·I（式(29)）近似后 L_c 变为可求和形式 L̃_c(P,ṫ)=Σ_j||Γ_j^H y_j||²=Σ_q ℓ̃_c(p_q,ṫ_q)（式(30)(31)），其中 ℓ̃_c(p_q,ṫ_q)=Σ_{n,l}|γ_{j,q,n,l}^H y_j(n,l)|²（式(32)）。作者特别指出：当观测资源有限（M、N、L 都小）时相关性信息不能被忽略，但该信息已包含在重要性权重（式(24) 的 η=F/G）中，因此 IF 的设计可以不含相关矩阵。对发射时刻 ṫ_q 进一步做解析积分，得到只含位置的边缘 pdf g_p^mar(p_q)∝exp(ρ1ℓ_q(p_q))（式(35)、式(A.8)），单位置似然函数 SLF 为 ℓ_q(p_q)=λ_max(Π_q(p_q))（式(A.7)，附录A），Π_q 为对频率与段求和的非归一化瑞利商矩阵——即 ṫ_q 用最大特征值解析消掉。条件发射时刻 pdf 由式(36)(37) 给出。(4) 两阶段步进式实现（§6，第5页，STEP 1–12）：先在 [x_min,x_max]×[y_min,y_max] 上粗网格算 SLF，用式(39) 取最大峰得初始估计，再在局部区域 (41)–(43) 定义的 D_{x_q}、D_{y_q}、D_{ṫ_q} 内细网格重算边缘 pdf 与坐标 cdf（式(44)–(46)），然后用线性插值反变换采样（STEP 8、10、12）生成 R 组实现，最后用归一化重要性权重 η̃（式(52)，含 max 平移以避免数值下溢）加权求均值得到 p̂_q、t̂_q（式(53)）。方法性质：外循环一次性生成 R 组实现、非迭代（""the new non-iterative ML DPD approach""），且天然离线网格（off-grid）——位置与发射时刻的估计是反变换采样的连续值，不是网格点。与已有方法的主要差异：Weiss & Amar 的 single-ML-DPD [13] 用对角化近似把问题解成 Q 个独立 (D+1) 维问题，等价于假定 L→∞（即忽略源间相关），在有限观测下失效；MVDR-DPD [14] 需要在 DR 向量中消掉波形相关项，因此只能用 DOA/TOA 信息、不能用波形匹配信息；本文用 IS 保留完整相关结构（含波形相关），故在有限观测下逼近精确 ML。","需重推适配；输入信息层级：原始混合 IQ 经分段 DFT 后的频域系数（y_j(n,l)），属于 DPD 类（不做先估参量再定位的两步法），但注意其""原始""层级要求两个本项目不具备的前提。决定性条件一：发射波形必须已知。式(2)(3) 中的 s_q(n,l) 进入 γ_{j,q,n,l}=a_j(p_q)e^{−j2πf_n(τ_j(p_q)+ṫ_q)}s_q(n,l)（式(3)），式(28) 的 r_{sig,n} 项、式(32) 的统计量、式(A.1)–(A.4) 的 Λ_j(p_q,s_q(l)) 都显式依赖已知的 s_q(n,l)；论文原文明确写 ""the transmitted signal waveform s_q(n,l) (e.g., the preamble sequence in cellular system) is assumed known to location system""（第2页右栏）。本项目发射波形未知，因此整个匹配相关结构（等价于以已知波形为模板的时延—多普勒匹配滤波）不能直接照搬；可重推的位置在于把 s_q(n,l) 用逐源估计/学习得到的模板替代，但那属于新的推导，本文没有给出。决定性条件二：每站为 M 元天线阵。式(1)(2) 的 a_j(p_q) 与式(28) 的 r_{doa,j} 都来自阵列，本项目每站单天线，DOA 维度信息不存在，需要重推。次要条件：分段数 L 与段内点数 N 需满足 T/L ≫ max τ_j(p_q)（第2页右栏），这是把长窗口切成多段以获得频率分集、又避免时延模糊的前提；本项目 4096 点量级的短观测若切成 L 段会进一步降低每段相干增益，段数—SNR 折衷需要重新核算（论文 Fig.4 显示 L 从 10 增到 100 时 RMSE 单调下降，说明该方法偏好更多分段）。失效条件：当源间波形高度相关（不再 incoherent/independent）时 Γ_j 不再满列秩，式(29) 的对角化与式(12) 的 LS 解同时失效；当带宽足够大时论文自身也承认各方法趋于一致（Fig.6，B_w>400 kHz 后收敛）。","数据来源：全部为数值仿真（§8，第7–9页），无实测、无公开数据集。几何（Fig.3，第8页）：N_r=3 个基站位于 (2,2) km、(2,0) km、(2,−2) km；Q=2 个相邻源位于 p_1=(0,500) m、p_2=(0,−500) m（即源间距 1000 m，两源连线与基站分布近似正交）。阵元：每站 M=3 元 ULA。信号：两源发射相互独立的高斯随机过程（""two independent Gaussian random process""），其傅里叶系数为复高斯 RV，s_q(n,l)∼N(0,σ_s²)；噪声零均值循环对称复高斯；SNR 定义为 SNR ≜ 10log10(σ_s²/σ_w²)（第7页右栏）。带宽 B_w=20 kHz（第1、2组仿真），第3组扫描 20 kHz→800 kHz；段数 L=10（第2、3组），第1组扫描 L=10→100；每段频率点数 N=5；未知发射时刻 ṫ_q∼U[0,100] μs；超参数 ρ_0=666（式(50)），ρ_1=20、ρ_2=8（Fig.1 用 ρ_1=500），局部范围 Δ_x=Δ_y=400 m、Δ_t=10 μs（第7页右栏）。Monte Carlo：W=300 次（式(54)）。对比方法：optimal-ML-DPD（用真实源位置作初值的迭代局部优化，视为精确 ML 的上界参考）、single-ML-DPD（Weiss & Amar [13]）、MVDR-DPD（Tirer & Weiss [14]）、本文 IS-ML-DPD（R=100/500/2000）。评价指标：RMSE（式(54)）与 CRLB（Weiss & Amar [13] 的 CRLB）。注意：论文正文说 Fig.5/Fig.6 用的是 SNR=15 dB（第6/7页），而图题写的是 SNR = 5 dB（第8/9页）——两处相互矛盾，论文未说明，复现时需自行确认。","(1) 边缘位置 pdf 的可视化（Fig.1，第6页；ρ_1=500）：两源真实位置与 ML 估计均被定位在 pdf 主瓣内，但 ρ_1 过大会使""局部区域内但远离峰值""的点难以被采样，作者据此强调 ρ_1/ρ_2 必须与 Δ_x、Δ_y、Δ_t 匹配（第6页正文与 Fig.2 的 ρ_1=20 对照）。(2) 分段数 L 的影响（Fig.4，第8页；B_w=20 kHz，SNR=5 dB）：MVDR-DPD 的 RMSE 在所有 L 上约 500 m（约等于两源间距的一半），说明它完全无法区分这两个相邻源；single-ML-DPD 从 L=10 的约 215 m 降到 L=100 的约 120 m；IS-ML-DPD 随 R 增大单调改善，R=2000 时（约 110 m→100 m）基本贴合 optimal-ML-DPD。(3) SNR 的影响（Fig.5，第9页；B_w=100 kHz，L=10，SNR 5–25 dB）：optimal-ML2 由约 95 m 降到约 10 m，IS-DPD2 由约 110 m 降到约 20 m，SML-DPD2 由约 175 m 降到约 50 m（高 SNR 处出现平台），MVDR-DPD2 由约 350 m 降到约 50 m，CRLB 由约 60 m 降到约 15 m（以上为图线读数，论文未给表）。IS-DPD2 在全部 SNR 上贴合 optimal-ML2 并逼近 CRLB，SML/MVDR 在低 SNR 与 CRLB 有明显差距（作者归因于源间相关与相干干扰）。(4) 带宽的影响（Fig.6，第9页；L=10，SNR=5 dB）：B_w=20 kHz 时 MVDR-DPD 约 560 m、single-ML-DPD 约 210 m、IS-ML-DPD 约 105 m；B_w=200 kHz 时分别约 100/85/35 m；论文明确写道 IS-ML-DPD 在 B_w ≤ 400 kHz 内优于 SML/MVDR 并逼近 optimal-ML-DPD，当 B_w 增大后各估计器性能趋于一致。(5) 复杂度：总量级 O(Q(G_pN³+(G_t+RN_r)N²+RQ²))（G_p=IJ+I′J+R′J′，G_t=S+RS′，第7页），远低于穷举搜索的 O(N_g^{Q(D+1)})（第7页）。论文未做失败案例的定量刻画（如两源间距缩小到何值时失效、Q=3 及以上是否仍工作），也未测试波形非正交或相关的情形；全部仿真均为 Q=2、D=2、M=3、N_r=3。","论文未说明是否公开代码或数据（无数据可用性声明、无代码链接；仅有竞争利益声明与 CRediT 分工）。仿真参数给得较完整：站址、源位置、阵元数、源信号分布、SNR 定义、带宽、L、N、ṫ_q 的分布范围、ρ_0/ρ_1/ρ_2、Δ_x/Δ_y/Δ_t、Monte Carlo 次数 300、对比方法来源均在第7–9页给出，理论上可复现主要结论。未给全的项：载频 f_c 与采样率 f_s（会影响 f_n 与段长 T/L 的绝对尺度，只给了带宽）；N_r 站的阵列朝向与流型参数未明说；STEP 1–4 与 STEP 5–10 的粗/细网格步长 Δx、Δy、δx、δy、Δt、δt 的具体数值未给（只给了局部范围 Δ_x=Δ_y=400 m、Δ_t=10 μs）；实现细节（插值方式、随机数生成器、软件环境、运行时间）未给；Fig.5/Fig.6 的 SNR 条件在正文与图题间自相矛盾。作者自评的局限/展望（第10页 §9）：方法可推广到 GNSS 接收机的 self-DPD 问题，届时需要修改的可能是 IS 与自适应重要性采样（AIS）；未声明其它局限。","第一层（作者结论，第10页 §9）：用 Pincus 定理 + IS 的多维优化框架可以把多源 DPD 的多维 ML 问题转化为若干单源问题，用有限观测资源（低 SNR、少数信号分段、窄带宽）逼近精确多维 ML 解；相对穷举搜索复杂度适中；方法可推广到 GNSS self-DPD。第二层（实验实际支持的结论）：(i) 在 Q=2、两源相距 1000 m、每站 3 元阵、L=10、N=5 的仿真设定下，IS-ML-DPD 的 RMSE 在 R=2000 时贴合 optimal-ML-DPD 并显著优于 single-ML-DPD 与 MVDR-DPD（Fig.4–Fig.6），这一结论在 L=10–100、SNR=5–25 dB、B_w=20–400 kHz 范围内成立；(ii) MVDR-DPD 的 RMSE 约为两源间距的一半（约 500 m），说明在该条件下它完全不能分辨两源——这是""不利用波形信息就分不开相邻源""的直接证据，但只在两个源、1000 m 间距、20 kHz 带宽这一具体配置下被验证；(iii) 带宽超过约 400 kHz 后各方法趋同，说明该优势是""有限观测""下的优势，不是普遍优势。外推限制：未验证 Q>2、源间距更小、波形相关、源运动、阵列非 ULA、多径或实测数据；所有结果依赖""波形已知 + 源间独立不相关""这两个未在实验中放松的假设。","1) 把 Pincus 定理 + 重要性采样这一组合引入多源 DPD，给出在有限观测下逼近精确 ML 解的非迭代、off-grid 估计器（式(16)(17)(53)），明确区别于 Weiss & Amar [13] 的 L→∞ 对角化近似与 MVDR-DPD [14] 的波形消去近似。2) 给出可因式化重要性函数的设计（式(25)(33)(34)(35)）：利用归一化相关矩阵的三个相关系数分解（式(26)–(28)）把 Q(D+1) 维采样拆成 Q 组 (D+1) 维采样，并通过对 ṫ_q 的解析积分把发射时刻消去，得到只含位置的最大特征值形式 SLF（式(A.7)）与边缘位置 pdf（式(A.8)），这是把方法从""理论上可行""变成""可实施""的关键步骤。3) 明确论证了""有限观测下源间相关不能忽略""这一前提：当 L 有限时 r_{sig,n} 不为零，Γ_j^H Γ_j 的非对角项不可忽略，故必须用完整 CLF 而非对角近似；并把该相关性信息放入重要性权重而非 IF 中，从而不牺牲采样效率（式(24)(50)–(52)）。4) 给出完整的 12 步实现流程与复杂度分析，可供其他 DPD 问题复用。","(1) 强依赖已知发射波形。式(3)、(28)、(32)、(A.1)–(A.4) 中的 s_q(n,l) 是已知量，论文只以""蜂窝前导序列""为例说明其合理性，未讨论波形未知、部分已知或需联合估计波形的做法——而这恰是 MIMO/扩展目标之外的多数非合作定位场景的常态。(2) 每站需多阵元。a_j(p_q) 与 r_{doa,j}（式(28)）来自阵列；论文未给出 M=1（单天线）时的退化分析及其性能损失，也未回答""仅靠 TOA+波形相关""能否分辨相邻源。(3) 仿真覆盖窄。全部仿真为 Q=2、D=2、N_r=3、M=3、ULA，且两源间距固定 1000 m、都静止；没有 Q=3 以上、没有源间距/阵列误差/多径/运动源的敏感性实验，也没有与其它 ML 近似方法（如 EM-DPD [7][8]、IAA-DPD [10]）的定位精度对比，只有与最优 ML 上界、single-ML、MVDR 的对比。(4) 实现细节与可复现数据不全：网格步长、载频、采样率未给，Fig.5/Fig.6 的 SNR 条件正文与图题矛盾（第6/7页 vs 第8/9页）；论文也未给运行时间或实现复杂度的实测值。","这是一篇方法论文，思路清晰且抓住了问题的真正要害：多源 DPD 的困难不在于""要不要做 ML""，而在于 ML 解在有限观测下无法用""解耦成单源""的近似来得到，而论文用 Pincus + IS 给出了一个不牺牲相关结构、又不爆炸复杂度的实施路径。其技术含量主要集中在重要性函数的设计（相关性信息藏在 IW 中而非 IF 中，式(24) 后文字与式(50)–(52)）与 ṫ 的解析消去（附录A 的最大特征值形式），这两点是有分量的工程—理论贡献。实验证据的强度中上：Monte Carlo 300 次、三种资源维度（L、SNR、B_w）的扫描、与最优 ML 上界和 CRLB 的对齐，构成了较完整的证据链；但其说服力被""波形已知 + 每站阵列 + 源间独立不相关""这三条未放松的假设限制在较窄的适用域内，且缺少对 Q>2 与更小源间距的验证，""能分相邻多源""这一最有价值的结论目前只有 Q=2 的证据。可复现性中等偏低：参数给得多但网格步长与载频缺失，且正文与图题在 SNR 上矛盾。综合判断：方法论价值高于其实验覆盖度，属于""可借鉴机制、不宜直接当基线""的一类。","(1) 是否覆盖本项目问题：没有覆盖。本文不涉及源数估计、不涉及逐源频段划分、不涉及频率—源—位置对应关系；它是""源数已知、源间波形正交、每站多阵元、波形已知""前提下的多源位置 ML 估计。它覆盖的仅是""多源位置的估计""这一环，且前提与本项目差距大。(2) 能否作为同条件基线：不能直接作基线，属于需重推适配。要适配需要三处：(a) 波形未知——必须把已知的 s_q(n,l) 换成逐源估计或学习得到的模板（这正是本项目端到端模型可能的着力点），但这会破坏式(12) 的 LS 闭合解与式(28) 的相关系数分解，需重新推导；(b) 单天线——去掉 a_j(p_q)，M=1 时 DOA 信息消失，只剩 TOA/时延与波形相关，能否分辨相邻源需另行论证；(c) 静止站+短观测——本文的 FDOA 未涉及（它不使用多普勒），这一条反而与本项目相容；但本文要求把 T 分成多段且 T/L ≫ 最大时延差，本项目 4096 点若切成 L 段，每段点数 N 与 SNR 的折衷需要重算。作为对照上界，它有一定参考价值：若把本项目模型退化为单天线，则它近似给出""已知波形模板 + 单天线 + 静止站""的多源 DPD 可达精度上界，可用于评估本项目学习式方法距离理想模板还有多远。(3) 是否压缩创新空间：它压缩了""多源 DPD 需要已知 K 之后再用穷举/迭代求解""这一路线的空间（提供了非迭代、off-grid、有限观测下的 ML 近似），但没有压缩本项目最核心的候选贡献——逐源定位权重相对公共选频的独立价值。恰恰相反，它给出了一个重要反证：在波形已知且源间独立时，多源分辨问题在统计上已经可解（Γ_j 满列秩、Γ_j^H Γ_j 可对角化），此时""逐源频率选择""不是必需的。因此本项目若要主张逐源频率表示的独立价值，必须把论证条件明确限定在""波形未知或强相关、单天线、短观测""这一区间，并说明在该区间内唯一能分离源的信息就是频率结构差异——本文正好反衬出这一点。(4) 可直接借鉴与必须避开的机制：可直接借鉴 (a) 把""每源未知发射时刻/相位""解析消去从而只留位置似然的做法（式(A.7) 的最大特征值形式），本项目若引入未知的逐源相位、时延与频率偏移，同样应该在似然层面解析消去而不是交给网络硬学；(b) 用重要性加权而非平坦网格求和来逼近后验期望（式(52) 的归一化 IW），这与本项目""热力图 + offset 回归""的粗到细思路同源，可作为设计细 DPD 采样策略的参照；(c) 式(26)–(28) 的三个相关系数分解，为本项目分析""频率维相关 vs 时延维相关""提供了现成的数学工具。必须避开的陷阱：不要假定发射波形可得；不要把 Γ_j^H Γ_j ≈ MNL·I 的对角化近似（式(29)）用在有限观测上——论文明确指出该近似只有在 L→∞（观测趋于无穷）时才成立，而本项目恰是短观测；也不要沿用""源间独立不相关""这一隐含前提，因为时频混叠的多个源在同一频带内不满足该前提，这会同时破坏 Γ_j 的满列秩条件与分解式(28)。","摘要与综述（有限观测、IS、Pincus、非迭代、off-grid）见第1页 Abstract 与 §1；""波形已知、发射时刻未知""的关键假设见第2页右栏式(3) 下第一段（""the transmitted signal waveform s_q(n,l) … is assumed known to location system, but the transmitted time ṫ_q … is assumed unknown herein, since the clock-synchronization … is imperfect""）；系统模型式(1) 见第2页左栏，式(2)–(7) 见第2页右栏，分段条件 T/L ≫ max τ_j(p_q) 与 M 元阵列、载频约束见第2页右栏；CLF 推导式(9)–(14) 与""Γ_j 满列秩因 Q 个源不相关独立""见第3页 §3；Pincus 定理（Theorem 1，式(15)）与式(16)–(20) 见第3页 §4；IF 因式化式(25) 与相关系数分解式(26)–(28) 见第4页 §5；对角化近似式(29) 与求和形式式(30)–(32) 见第4页右栏；边缘 pdf 与条件 pdf 式(33)–(37) 见第4页；实现细节 STEP 1–12 见第5页 §6，归一化重要性权重式(50)–(53) 见第5页右栏；pdf 与 ρ1/ρ2 的匹配讨论以及 Fig.1（ρ1=500）与 Fig.2（ρ1=20）见第6页；复杂度分析见第6页右栏末段至第7页左栏（O(Q(G_pN³+(G_t+RN_r)N²+RQ²))）；仿真设定（3 站、2 源、M=3、B_w=20 kHz、L=10、N=5、SNR 定义、ṫ_q∼U[0,100] μs、ρ_0=666、ρ_1=20、ρ_2=8、Δ_x=Δ_y=400 m、Δ_t=10 μs、W=300、对比方法）见第7页右栏；Fig.3 场景图见第8页，Fig.4（RMSE vs L）见第8页，Fig.5（RMSE vs SNR）见第9页，Fig.6（RMSE vs Bw 及""B_w ≤ 400 kHz""的结论）见第9页；§9 结论与 GNSS self-DPD 展望见第10页；附录A SLF 推导式(A.1)–(A.8) 见第10页。"
"R36","TDOA-Based Passive Localization for Multidisjoint Sources Without Time Synchronization","Chengke Si, Yunhai Hong, Chen Xu, Rong Fan（通讯作者），IEEE Sensors Journal，2025，25(24)，44289–44304（16页，印刷页码 44289 起）","针对全异步传感器网络中每个传感器各有未知钟差、且观测来自多个互不相交（disjoint）源这一场景，作者利用""同一传感器对相对参考站的钟差在所有源的 TDOA 观测中完全相同""这一共模结构，把源位置与钟差写成一个联合估计问题，先证明联合估计的 CRLB 不劣于逐源独立估计，再用 SDP→SDP→Gauss-Newton 三段式算法（SDP-GN）求解；仿真显示该方法在中低噪声下达到 CRLB，并在源位于网络外（SDP-Zou 失效）的几何下仍保持稳健。","L 个互不相交（multidisjoint）的未知源位于 N 维空间（N=2 或 3），由 M+1 个位置已知的传感器接收（第3页 §II，式(1) 前文与第4页 Fig.1）。传感器网络为""完全异步""（fully asynchronous）：每个传感器有自己独立的时钟，所有传感器对的钟差互不相同且未知（第2页 §I，表I 第3页把异步程度分为固定偏置/分组同步/完全异步三级）。论文强调已有方法要么假定相对参考站的统一偏置，要么假定簇内同步，都无法处理完全异步网络（第2页 §I）。关键物理假设：源与传感器在观测期间静止（静态场景，第15页 §VI 明确""limited to a static scenario where both sources and sensors remain stationary""，作者以准静态近似为理由说明短信号采集窗内运动可忽略）；传感器位置精确已知（第15页 §VI 列为局限）；TDOA 测量已按源对应（见下条）。应用背景：无线传感器网络、雷达、IoT、无人机（第1页 §I）。","输入不是接收信号而是 TDOA 量测。第 l 个源在第 m 个传感器与参考站 s_0 之间的 TDOA 为 τ_{l,m}=||u_l^o−s_m||/c−||u_l^o−s_0||/c（式(1)），乘以光速得距离差 r_{l,m}^o=c·τ_{l,m}=||u_l^o−s_m||−||u_l^o−s_0||（式(2)）；考虑钟差后实测值 d_{l,m}=r_{l,m}^o+p_m^o+n_{l,m}（式(3)），p_m^o 为第 m 个传感器的钟差（已按光速折算为米），n_{l,m} 为加性噪声；堆叠为 d=d^o+n=r^o+1_L⊗p^o+n（式(4)），d∈R^{LM×1}，1_L 为 L 维全 1 向量，⊗ 为 Kronecker 积。噪声建模为零均值高斯，协方差 Q_d=0.5σ²(I_{LM}+1_{LM}1_{LM}^T)（第4页 §III-A 与第5页 §III-B）。未知参数向量 θ^o=[u_1^{oT},…,u_L^{oT},p_1^o,…,p_M^o]^T（式(5)），共 LN+M 个未知量，观测数为 LM。可辨识性必要条件：LM > LN+M，即 M > (LN/L−1)；例如 N=2、L=2 一般需要 M>4，N=3、L=2 需要 M>6（第4页 §II 右栏）。论文不涉及任何接收信号波形、阵列、频率或相位信息——每个传感器只输出一个标量时差，信道增益/波形/噪声功率均不进入模型（σ² 是 TDOA 量测噪声功率）。","已知K。源数 L 在测量模型（式(1)(4)）与未知向量（式(5)）中固定出现，观测总数 LM 与未知数 LN+M 的比较（第4页 §II）、CRLB 的雅可比分块（式(8)、(14)）以及 Step 2/Step 3 的求解（式(78) 中 φ 含 u_l^Tu_l 的重排、式(95) 的 θ）全部按 L 个源展开；仿真固定 L=2（第11页 §V-A、第13页 §V-B）。论文全文未讨论 L 未知、L 过估或需要检测/估计源数的情形，也未讨论源数不确定对可辨识条件 M > (LN/L−1) 的影响。另外，""互不相交源""（disjoint）这一前提本身也意味着各源的量测可以分开归属，但论文未说明该归属（数据关联）如何获得。","三段式自标定算法 SDP-GN（Algorithm 1，第9页右栏–第10页左栏）。(1) 理论动机（§III，第4–6页）：先推导联合估计的 FIM F(θ^o)=J^T Q_d^{-1} J（式(6)）与 CRLB（式(11)），再引入""逐源独立估计""对照——每个源只用自己的 M 个量测、但同样估计全部 M 个钟差（式(12)(21)–(25)），用 Schur 补与分块矩阵求逆得到两者的显式差 Δ=CRLB_φ−CRLB_θ 为正半定（式(28)–(30)）；原因是联合估计中钟差子块 F_pp 由全部 L 个源的量测共同贡献（式(17)），而独立估计中 F̄_pp 只由单源量测贡献（式(25)），故联合估计的钟差被估得更准、进而位置也更好。这一""共模参数共享带来增益""是全文的理论支点。(2) Step 1 钟差粗估（§IV-A，第6–7页）：对式(3) 移项并两边平方（式(31)(32)，忽略二阶噪声项 n_{l,m}²），把非线性方程伪线性化为 h−Gψ^o≃Cn（式(38)），其中 ψ^o（式(44)）依次包含 u_l、||u_l^o−s_0||、p_m^o、p_m^{o2}、||u_l^o−s_0||p_m^o 等变量；写成约束加权最小二乘 CWLS：min (h−Gψ)^T W (h−Gψ)（式(46)），约束为式(47)–(50)（由 ψ 元素间的二次关系导出），W=(CQ_θC^T)^{−1}；引入 Ψ=ψψ^T（式(51)）后等价于 min tr{ΣY}（式(52)），原问题的非凸性只来自秩约束 rank(Σ)=1，用 SDP 松弛（SDR）去掉秩约束得到凸 SDP（式(63)），解出后取 p̂=ψ(LN+L+1:LN+L+M)（式(64)）。(3) Step 2 位置粗估（§IV-B，第8页）：先用钟差估计补偿 d̃_{l,m}=d_{l,m}−p̂_m（式(65)），再重复同类伪线性化（式(66)–(73)）并做第二次 SDR/SDP（式(80)(93)），从 φ 中取 û_l=φ((1:N)+(l−1)N)（式(94)）。关键设计是这一步的第二阶段模型""去掉了与钟差项的非线性耦合""（第9页 §IV-B 首段），从而降低解空间歧义、给出更好的初值。(4) Step 3 GN 联合精化（§IV-C，第9–10页）：以 θ=[u_1^T,…,u_L^T,p^T]^T（式(95)）为参数，最小化加权残差平方和 J(θ)=½(d−d(θ))^T Q_d^{−1}(d−d(θ))（式(96)），其中 d_{l,m}(θ)=||û_l−s_m||−||û_l−s_0||+p̂_m（式(97)）（即同时含位置与钟差的完整测量模型）；一阶泰勒展开后得线性最小二乘更新 Δθ^{(k)}=(J^T Q_d^{−1}J)^{−1}J^T Q_d^{−1}r（式(100)），按 θ^{(k+1)}=θ^{(k)}+μΔθ^{(k)} 更新（式(101)），停机准则为 ||Δθ^{(k)}||<ε 或 k≥K_max（式(102)）。(5) 误差分析（§IV-D，第10页）：在噪声较小、初值足够好的条件下，由正态方程 J(θ̂)^T Q_d^{−1}r(θ̂)≈0（式(103)）与一阶展开推出 cov(θ̂)≈(J(θ^o)^T Q_d^{−1}J(θ^o))^{−1}（式(108)），与式(6) 对比得 cov(θ̂)≈CRLB(θ^o)（式(109)），即算法渐近有效。与已有方法的主要差异：不要求任何显式同步或标定源；通过 SDP 提供高质量初值而非把非线性联合问题直接交给 GN（作者明确指出 GN 对初值敏感、易陷局部极小）；把联合问题拆成两个小 SDP 而不是一个巨型 SDP（复杂度见 §IV-E，式(110)–(113)）。","仅机制（从输入信息层级看，甚至不落在""条件适用""）；输入信息层级：已提取并已按源对应的时差量测（d_{l,m}，l=1,…,L，m=1,…,M），不是接收信号。决定性依据：式(1)–(4) 的全部观测量就是 d_{l,m}=||u_l^o−s_m||−||u_l^o−s_0||+p_m^o+n_{l,m}，论文明确说 ""each source provides M TDOA measurements, resulting in a total of LM observations""（第4页 §II），即每个 TDOA 已经归属于某个源；论文没有任何一步从混合接收信号中提取时差，也没有处理源间混叠、波形未知、频率未知或多径。触发该判定的条件与失效情形：(a) 若 TDOA 只能从混合 IQ 中以""先检测源、再配对量测""的方式获得，则论文未提供任何此类机制，其""互不相交源""（disjoint）前提正是为了回避源间量测归属问题；本项目多个源在同一频带时频混叠，恰恰不满足该前提，此时既无法得到按源对应的 d_{l,m}，也无法套用本方法。(b) 论文假定传感器位置精确已知且静止，本项目同为此条件，这一条相容。(c) 本项目四站同步接收，不存在需要估计的独立钟差 p_m，因此本文模型的核心未知量在本项目中消失，方法的适用动机随之消失。仅在一种情形下可作为下游求解器参考：若本项目前级能输出逐源 TDOA，则 SDP-GN 可作为""已知逐源时差条件下的位置求解基线""，但这已改变输入信息层级，不能与直接吃 IQ 的 DPD 方法做同条件比较。","数据来源：全部为蒙特卡洛数值仿真（第11–14页 §V），无实测、无公开数据集。公共设置：N=3（三维空间），L=2 个源，M_all=11 个传感器、指定 s_0 为参考站、其余 M=10 个传感器参与生成 TDOA；钟差 p^o∈R^M 按均匀分布随机取样后在整个仿真中固定；TDOA 噪声为零均值高斯、功率 σ² 在 10^{−6} 至 10^3 m² 之间扫掠；每个噪声水平 1000 次蒙特卡洛（n_MC=1000）。场景1（源在网络外，第11页 §V-A，Fig.2）：传感器位置在 [0,1000]^3 m 立方体内均匀抽取后固定（表II 列出 s_1…s_10 坐标，参考站 s_0=[814.72, 905.79, 126.97]^T m）；源位置在 [0,300]^3 m 内生成（源生成立方体中心位于传感器部署立方体之外，以确保非包围几何），固定为 u_1^o=[13.85, 29.14, 247.04]^T m、u_2^o=[208.45, 95.13, 285.07]^T m；钟差取样区间 [0,20] m，真值为 {0.69, 8.77, 7.63, 15.31, 15.90, 3.74, 9.80, 8.91, 12.93, 14.19} m。场景2（传感器包围源，第13页 §V-B，Fig.5）：源固定为 u_1^o=[50,20,10]^T m、u_2^o=[−30,40,−10]^T m；传感器置于以两源质心为球心、半径 R=300 m 的球面上，用 Fibonacci 格点（黄金螺旋）近似均匀分布（表III 列出坐标，参考站 s_0=[55.29,−86.48,272.73]^T m）；钟差取样区间 U[0,2] m，真值为 {1.63, 1.81, 0.25, 1.83, 1.26, 0.20, 0.56, 1.09, 1.92, 1.93} m。对比方法：MLE（用 MATLAB 内置 lsqnonlin，以真实源位置初始化，作为理想性能参考）、CF 闭式解 [37]（多不相交源的 CF 定位，不含传感器位置误差项）、SDP-Zou [35]（SDP 方法，含钟差与传感器位置误差；为公平比较把其中一个源指定为标定源并移除传感器位置误差项）。SDP 用 CVX + SDPT3 求解。GN 采用固定步长 μ=0.1，K_max=100 次迭代或相对下降小于 ε=10^{−6} 停止。评价指标：源位置与钟差的 MSE 和 Bias（以 10log10 表示，位置 MSE 单位 m²，钟差以米表示）。运行时间对比见第14页表IV（MATLAB R2023a，Intel Core i9-13900HX，32 GB RAM）。","(1) 理论结果：联合估计的源位置 CRLB 不劣于逐源独立估计，即 CRLB_θ(u_l^o) ≤ CRLB_φ(u_l^o)（式(13)、式(30)），差别 Δ 为正半定（式(28)），根因是 F_pp 由全部源量测共同贡献而 F̄_pp 只由单源量测贡献（式(17)(25) 及第6页右栏两条观察）。(2) 场景1（源在网络外，第12页 Fig.3、Fig.4）：σ² ≤ 10^0 m² 时 SDP-GN 与真值初始化的 MLE 都达到 CRLB（位置 MSE 与 CRLB 曲线重合）；CF 即使在中低噪声下也大幅偏离 CRLB（因其完全忽略钟差）；SDP-Zou 在所有噪声水平上 MSE 近似为常数且明显高于 CRLB，作者归因于该方法要求源被传感器包围、此处几何病态。σ² ≥ 10^2 m² 后 SDP-GN 与 MLE 因高阶噪声项主导而偏离 CRLB。(3) 钟差估计（第12页 Fig.4）：SDP-GN 与 MLE 的钟差 MSE 在 σ² ≤ 10 m² 内贴合 CRLB；CF 与 SDP-Zou 不估计钟差故未画。(4) 场景2（传感器包围源，第13页 Fig.6、第14页 Fig.7）：SDP-Zou 精度显著改善并在低噪声下逼近 CRLB（因其包围几何条件被满足），但仍劣于 SDP-GN；SDP-GN 在全部噪声水平上保持 CRLB 直到高噪声才偏离，且偏离比 CF 推迟约 10 dB；小噪声区 SDP-GN 的 Bias 比 CF 低 20 dB 以上、比 SDP-Zou 低约 6 dB（第14页左栏）。(5) 运行时间（第14页表IV）：MLE 0.0024 s、CF 0.0007 s、SDP-Zou 4.7449 s、SDP-GN 1.6852 s，即 SDP-GN 比 SDP-Zou 快约 2.8 倍，但仍显著慢于 CF 与 MLE（作者明确承认""SDP-GN is not as fast as the CF method""）。以上结论的成立条件：三维、L=2、M=10、传感器位置精确已知；论文未测试 L>2、传感器位置误差、源/传感器运动、NLOS 或实测数据。","论文未说明是否公开代码或数据（无代码链接与数据可用性声明）。可复现性较高的一点：传感器坐标由表II、表III 完整给出，源位置、钟差真值、噪声功率范围、蒙特卡洛次数 1000、求解器（CVX + SDPT3）、GN 步长 μ=0.1、K_max=100、ε=10^{−6} 均在第11–14页给出，理论上足以复现主要曲线；MATLAB 版本与硬件（R2023a、i9-13900HX、32 GB RAM）也已说明。未给全的项：CRLB 中各量的具体计算细节（作者引用 [41] 与 §III 推导）；SDP 的容差与求解器参数设置未给；场景1 中""源生成立方体中心在传感器部署立方体之外""的判定未量化；未报告收敛失败率或 GN 迭代次数的统计分布。作者自评局限（第15页 §VI）：仅适用于源与传感器均静止的静态场景（以准静态近似解释短采集窗）；分析假定传感器位置精确已知，位置误差会与钟差耦合、进一步恶化定位，作者把联合自标定与偏差估计列为未来工作。","第一层（作者结论，第14页 §VI）：在完全异步、各传感器钟差独立未知的传感器网络中，利用钟差在多个不相交源之间共享这一共模结构做联合估计，可以从理论上改善同步与定位；所提 SDP-GN 三段式方法不需要钟差先验或显式同步，在中低噪声下达 CRLB，精度与稳健性优于 MLE、CF 与 SDP-Zou。第二层（实验实际支持的结论）：(i) 在 N=3、L=2、M=10、钟差真值量级 0.2–16 m、噪声功率 σ²≤10^0–10^1 m² 的仿真设定下，SDP-GN 的位置与钟差 MSE 确实贴合解析 CRLB，且在""源在网络外""这一使 SDP-Zou 失效的几何下依然成立（第12页 Fig.3，这是本文最有说服力的结果）；(ii) 联合估计优于独立估计的结论由 CRLB 不等式（式(13)(30)）解析保证，实验只验证联合方案贴合该界，未单独跑""逐源独立估计""的数值对照；(iii) 噪声增大（σ²≥10^2 m²）后 SDP-GN 明显偏离 CRLB，作者将其归因于推导中忽略的二阶噪声项 n_{l,m}²（第12页末段），即渐近有效性只在""噪声足够小""时成立。外推限制：所有结论建立在""逐源 TDOA 量测已获得且正确对应""这一未在文中讨论的前置步骤上；未验证 L>2、传感器位置误差、运动目标、NLOS 与非高斯噪声；由于作者自己说明分析依赖""传感器位置精确已知""，在真实网络中结论会弱化。","1) 指出并利用了完全异步网络中""传感器对钟差在所有源之间相同""这一共模结构，把多源位置与钟差写成一个统一联合估计问题（式(3)–(5)），并说明已有面向单源的方法扩展到多源会因不利用该一致性而次优（第2页 §I）。2) 给出联合估计与逐源独立估计的 CRLB 比较，用 Schur 补严格证明 CRLB_θ(u_l^o) ≤ CRLB_φ(u_l^o)（式(13)(28)(30)），把""共享冗余参数能提升定位""这一直觉变成可核查的结论——这是与既有 SDP/TDOA 文献（[24][28][30][31][32] 等在源间独立处理钟差）的实质差异。3) 提出三段式 SDP-GN 求解框架：两个降维 SDP（先钟差后位置）提供高质量初值，再用 GN 联合精化，并在理论上证明最终协方差逼近 CRLB（式(108)(109)），从而同时缓解 GN 的初值敏感与""单一巨型 SDP""的复杂度问题（§IV-E，复杂度 C1≫C2 且 C3 由 GN 迭代次数主导）。4) 通过两组互补几何（源在网络外 / 网络包围源）的仿真，验证方法对布站几何的稳健性，明确指出 SDP-Zou 类方法在源不在网络内时失效。","(1) 输入是已按源对应的 TDOA 量测，而该量测的获取（在混合观测下检测源、估计时延、把量测正确归属到源）完全不在论文范围内。""multidisjoint""这一前提被当作已满足，论文未说明互不相交源在频域/时域/空域上如何分开，也未讨论关联错误的影响。(2) 静态假设与已知传感器位置。第15页 §VI 明确说明只处理源与传感器均静止的场景、且分析假定传感器位置精确已知；作者承认位置误差会与钟差耦合，但未量化。(3) 实验规模有限：全部仿真仅 N=3、L=2、M=10，且两组几何都固定为区域内的少数取值；未测试 L=3 及以上、二维几何（N=2）、或传感器数接近可辨识边界 M > (LN/L−1)（N=3、L=2 时需 M>6，仿真用了 M=10，余量充足）时的行为。(4) 计算代价偏高：表IV 显示 SDP-GN 单次运行 1.6852 s，比 CF（0.0007 s）慢三个数量级，论文只与同为 SDP 的 SDP-Zou 比较速度（快 2.8 倍），未讨论实时性。(5) 收敛性依赖初值质量：作者自己指出 GN 迭代次数 k 因 SDP 提供的高质量初值而""通常很小""，但未给出迭代次数的统计或初值恶化时的失效分析。","本文解决的问题（全异步网络中多源 TDOA 定位）与其实质贡献（把钟差当作跨源共享的冗余参数）都属于传统统计信号处理范围内的工作，方法层面的新意在于""共享结构 + CRLB 比较 + 两段 SDP 加 GN""的组合，而非某个单独的技术点；其中最有价值的部分是用 Schur 补把""联合优于独立""证明出来（式(28)–(30)），这比单纯报指标更有说服力。实验证据强度中上：MSE 与 CRLB 的对齐、两组互补几何、1000 次蒙特卡洛、运行时间表，构成较完整的验证；但所有实验都建立在一个未被检验的前提（逐源 TDOA 已知且归属正确）之上，而这个前提恰是本文标榜的""多不相交源""中最容易被质疑的一环，论文只用 ""disjoint"" 一词带过。此外，论文的输入信息层级是""已关联量测""，与直接利用接收信号的方法不在同一层级，因此其精度指标不能与 DPD 类方法直接比较。综合判断：作为""已知逐源时差条件下的位置求解器""，它是一项扎实、边界清晰的工作；但它对本项目关心的""从混合 IQ 中得到逐源量测""这一核心困难没有任何贡献，且其核心未知量（独立钟差）在本项目（站间同步）中并不存在。","(1) 是否覆盖本项目问题：没有覆盖，且不在同一输入层级。本文的输入是已按源对应的 TDOA 标量 d_{l,m}（式(1)–(4)），输出是源位置与钟差；它不解决源数未知、频段未知、波形未知、时频混叠、逐源频段归属中的任何一个，也不做频率—源—位置对应。它处理的""钟差""在本项目中并不存在（本项目为四站同步接收，CLAUDE.md 与简报场景均明确""站间同步接收""），因此其最主要的技术负担（估计 p_m^o）对本项目是空集。(2) 能否作为同条件基线：不能作为同条件基线，最多作为""若本项目前级输出逐源时差""时的下游求解器参考。要适配需要：先补齐一个本项目没有的模块——从混合 IQ 中估计逐源 TDOA 并完成源—量测关联；这会引入与本文完全不同的误差源（估计误差与关联错误），使得""输入""不再等价，此时两边的精度不可直接对比。若强行比较，必须在同一量测噪声水平下把本文方法的 TDOA 作为理想输入，这已偏离本项目""直接吃 IQ""的设定。(3) 是否压缩本研究的创新空间：不压缩。本文没有证明""选频有用""""多频融合有用""""学习辅助物理后端有用""或""未知 K 直接处理可行""；它压缩的是传统 TDOA 定位在""完全异步网络 + 多不相交源""这一子问题上的空间，与本项目的候选贡献（逐源定位权重相对公共选频的独立价值）没有交集。(4) 可直接借鉴与必须避开的机制：可借鉴 (a) 论证范式——本文用 Schur 补证明""把跨源共享参数联合估计比逐源独立估计更优""（式(17)(25)(28)(30)），这正是本项目要证明""逐源定位权重比公共选频更优""时可以效仿的证据结构：找到一个明确的对照策略（此处是逐源独立估计），把两者的性能界之差写成可判定的正半定条件，而不是只比数值；本项目可考虑把""公共选频 + 传统求解器""作为那个对照策略，给出类似的界比较或至少给出可解释的对照实验设计。(b) 粗到细的两级结构——Step 2 通过""先估计并扣除主导干扰项（钟差），再用降维问题求解""（式(65) 的偏差补偿）显著提升了位置精度并降低了歧义（第9页 §IV-B 首段），本项目在粗 DPD → 细 DPD 之间也可采用""先扣除已估计的公共成分（如共同的频率支撑与公共功率因子），再在残差上求解逐源位置""的思路。(c) 无源数先验下的可辨识性计数——式(4) 前后给出的 LM > LN+M 判据（第4页 §II）是一种朴素但有用的观测—未知数配平方法，可用于本项目评估""四站单天线在给定量测类型下最多能同时解出多少个源的位置""的可辨识边界。必须避开的陷阱：不要把""量测已关联""当成免费前提——本文的最大隐藏成本（源与量测的对应）恰是本项目的核心难点，任何借鉴都必须显式补上这一环并把其误差计入；也不要照搬其""源位置精确已知传感器坐标、静态、LoS""的假设，因为本项目的部署条件（多源混叠、短观测）会同时破坏几何可辨识性与噪声模型。","摘要与问题陈述（三级异步、共模钟差、三段式 SDP-GN）见第1页 Abstract 与 §I；三级异步对比见表I（第3页）；""已有方法面向单源、扩展到多源次优""见第2页 §I 右栏；测量模型式(1)–(5) 与未知量个数 LN+M 见第3页 §II 与第4页左栏；可辨识条件 LM > LN+M（M > (LN/L−1)，N=2,L=2 需 M>4，N=3,L=2 需 M>6）见第4页 §II 右栏；Fig.1 见第4页；FIM/CRLB 式(6)–(11) 见第4页 §III-A；逐源独立估计的对照定义式(12) 与第5页 §III-B；FIM 分块式(14)–(19) 与 CRLB_θ(u_l^o) 表达式(18)(20) 见第5页；CRLB_φ 式(23)–(27)、Δ 正半定证明式(28)–(30) 与两条机理观察见第6页左栏与右栏；Step 1 伪线性化式(31)–(45) 与 CWLS/SDP 式(46)–(63)、钟差估计式(64) 见第6页 §IV-A 与第7页；Step 2 偏差补偿式(65) 与第二个 SDP 式(66)–(94) 见第8页 §IV-B 与第9页左栏；Step 3 GN 的式(95)–(102) 与 Algorithm 1 见第9页 §IV-C 与右栏–第10页左栏；渐近有效性式(103)–(109) 见第10页 §IV-D；复杂度式(110)–(113) 见第10页 §IV-E 与第11页左栏；场景1 设置（11 个传感器、s_0 坐标、u_1^o/u_2^o、钟差真值、σ² 范围、n_MC=1000、对比方法清单与 CVX/SDPT3、μ=0.1、K_max=100、ε=10^{−6}）见第11页 §V、§V-A；表II 传感器坐标与 Fig.2 见第12页；Fig.3（位置 MSE/Bias）与 Fig.4（钟差 MSE）见第12页；场景2 设置（球面 R=300 m、Fibonacci 格点、源位置、钟差真值）与表III、Fig.5、Fig.6 见第13页；Fig.7 与表IV 运行时间（MLE 0.0024 s、CF 0.0007 s、SDP-Zou 4.7449 s、SDP-GN 1.6852 s）见第14页；§VI 结论与自评局限（静态场景、传感器位置精确已知、运动目标与自标定为未来工作）见第14页右栏末段与第15页左栏。"
"R37","DNN-Aided Distributed Direct Position Determination for UAV Cluster","Liujie Lv, Sheng Wu, Haihan Li, Chunxiao Jiang, Yi Su，IEEE Transactions on Vehicular Technology (TVT)，2023年12月，Vol. 72, No. 12，第16839–16844页（DOI 10.1109/TVT.2023.3295411；收稿2023年3月29日，2023年6月27日录用，2023年7月14日在线发表）","针对无人机集群（UAV cluster）资源受限条件下集中式直接定位（CDPD）通信与计算开销过大的问题，作者提出 DNN 辅助的迭代式分布式直接定位方法 IDDPD：不再回传原始采样或互相关矩阵，而是用三个 DNN 从相邻无人机对之间的互相关函数（CCF）中提取三个波形特征参数（峰高 p、峰宽 v、峰位置 w），仅在相邻节点间传递这三个标量，再在计算节点上用由最大似然估计导出的代价函数（式(16)）及其地理域梯度（式(17)(18)）做自适应梯度下降迭代求位置（Algorithm 1）；仿真显示在保持与 CDPD 相近定位精度的同时（最差精度损失约 1.2–1.5 dB），计算节点平均执行时间降低约 97%（Table II：IDDPD 0.036–0.042 s vs CDPD 51.929–220.314 s）。","无人机集群对单个地面/空中发射源的被动定位。M 个无人机（仿真 M=8）沿预定轨迹飞行，每个无人机知道自己位置 s_i，各接收同一发射源经视距（LOS）传播的短时信号；发射源位置 u 待估。关键约束：(1) 能量与通信受限，通信网络稀疏（Fig.1），每个无人机只与相邻节点交换数据，不能把所有采样回传到融合中心；(2) 无人机数 M 已知且有限，作为位置已知的移动观测站；(3) 只考虑单个发射源，模型不含多源；(4) 场景为无直达波以外多径被忽略的视距信道，作者在结论中把非视距（NLOS）传输模型列为未来工作；(5) 发射源运动引起的多普勒被合并进传输衰减 a_i，论文明确「motions of the emitter is simply a single Doppler shift, which is incorporated in the transmission attenuation and no longer considered separately」，即不单独估计多普勒。","每个无人机为单天线单通道接收，观测为时域基带采样序列。模型 y_i(t)=a_i x(t−τ_i(u))+n_i(t)（式(1)），τ_i(u)=||s_i−u||/c（式(2)），其中 a_i 为传输衰减（含多普勒效应），n_i(t) 为加性高斯白噪声，且不同无人机的噪声互不相关（E[n_i(t)n_j*(t)]=0, i≠j）。每个无人机以采样率 f_s 均匀采样，总采样点数 N=⌊T f_s⌋，T 为观测时长（§II，第16840页）。矩阵形式 y_i=a_i F^H Γ_i(u) F x + n_i（式(3)），其中 Γ_i(u)=exp(−j2πf_s τ_i(u))I 为传播时延引起的相位差，F=exp(−j2πqd^T/N)/sqrt(N) 为 DFT 矩阵，x、y_i、n_i 为长度 N 的采样向量（式(4)）。未知量：发射源位置 u（待估）、发射信号 x(t) 未知（被当作确定性未知量在 ML 推导中先解析消掉，见式(7)）、传输衰减 a_i 未知。快拍/分段：论文不使用多快拍概念，而是用单次观测时长 T 内的 N 点采样（仿真中 T 为 0.4–3.9 ms 量级）。","论文回避未讨论。式(1) 的模型只含单个发射源（第16840页），全篇无源数 M_s 或 K 的任何符号、估计步骤或阈值处理；§II 开头明确「the emitter position is solved based on the short-time received signals」，为单源定位。因此实际上隐含 K=1 已知，但论文未讨论多源、未讨论源数估计，也未说明方法在 K>1 时是否可用。定位流程中唯一的候选集是地理网格（1000 m × 1000 m 内 10 m 网格），与源数无关。","1) 从 ML 出发构造可分布式计算的代价函数：先写 ML 估计 û_SML=argmin_u Q_SML(u)（式(5)），Q_SML(u)=Σ_i ||y_i − a_i F^H Γ_i(u)F x||（式(6)）；对 x 求偏导置零得 x̂ 的解析解（式(7)）并代回，得到只含位置的代价 C(u)=Σ_iΣ_j r^a_{i,j} r_{i,j}(τ_{i,j}(u)) / Σ_i|a_i|² = α^H R(u)α/||α||²（式(8)），其中 τ_{i,j}(u)=τ_i(u)−τ_j(u) 是第 i、j 个无人机之间的 TDOA，R(u) 为互相关矩阵（CCM），其 (i,j) 元由互相关函数 r_{i,j}(τ_{i,j}) 给出。2) 用「只算相邻节点」替代全局计算：因为 i=j 的项在各候选位置上相同，忽略固定项后代价只与相邻节点对有关，C(u)=Σ_{i=1}^{N_m} r^a_{k_i,l_i} r_{k_i,l_i}(τ_{k_i,l_i}(u))（式(9)），N_m 为相邻节点对数。3) 规避特征值分解：传统 DPD 通过求 R(u) 的最大特征值来算代价，开销大；F. Ma 等 [6] 通过估计传输衰减来简化，但低 SNR 下不可靠。本文改为利用 CCF 的峰值性质估计相关系数：r_CCF=y^H F^H Γ_{k_i}(u)Γ^H_{l_i}(u) F y = r^a_{k_i,l_i} r_xx + n_CCF（式(10)），取 r^a_{k_i,l_i}=r_CCF/r_xx（式(11)），并简化为「r̂^a 视为 CCF 的最大值」。4) 把代价写成可由 CCF 支撑的近似式：C(u)≤Σ|r^a||r(τ)|（式(12)）、C̄(u)=Σ|r̂^a||r_{k_i,l_i}(τ)|（式(13)）；再引入互相关函数的三参数 sinc 拟合 D̂(τ)=|p|·|sinc(v(τ−w))|（式(15)，对式(14) 定义的整数倍采样间隔上的 CCF 幅度 D(q) 拟合），得到最终代价 C̄(u)=Σ|p_{k_i,l_i}|²|sinc(v_{k_i,l_i}(τ_{k_i,l_i}(u)−w_{k_i,l_i}))|（式(16)）。其中 p（峰高）、v（峰宽）、w（峰位置）即论文所称的三个「波形特征参数」（WCP）。5) DNN 提取 WCP（§III-B、Fig.2）：三个并行的 DNN 分别输出 p、v、w，输入是归一化到 [0,1] 的 D_{k_i,l_i}(q)∈R^{N_q×1}（N_q=2N_τ+1，τ_max=max_i ||s_{k_i}−s_{l_i}||/c，N_τ=⌈τ_max f_s⌉），网络结构为输入层 + 两个一维卷积层（128 个 5×1 滤波器、64 个 3×1 滤波器）+ 两个全连接层（512、128）+ 输出层；w 的输出为 N_q 维 one-hot，按多分类 + Softmax 处理，p 与 v 为回归并按 Sigmoid 输出，隐层用 ReLU。训练标签取无噪声接收信号的 WCP，损失为回归的 MSE 与分类的交叉熵，Adam 优化，mini-batch 64，初始学习率 1e-3，验证损失 5 个 epoch 不降则乘 0.1。6) 迭代求解（§III-C、Algorithm 1）：任一被选为计算节点的无人机用收集到的 WCP 重建代价函数（式(16)），用地理域梯度 ∇_u C̄=Σ (dC̄/dτ_{k_i,l_i})·(dτ_{k_i}/du − dτ_{l_i}/du)（式(17)）与 dτ_i/du=(1/c)·(u−s_i)/||s_i−u||（式(18)）做自适应步长梯度下降：步长 δ=α·(|C̄(u_0)|Σ|p|²)/|∇C̄|，α 随迭代由 1 递减到 0；迭代至 δ<ε 或达到最大迭代数 N_max，输出 u_0 作为估计位置。与已有方法的主要差异：CDPD 需把所有原始采样送到融合中心，DDPD [6] 需传压缩矩阵或 CCM 的部分元素并在感兴趣区域内做全局网格搜索；IDDPD 只传 3 个标量/节点对，并用「ML 导出的可微代价 + 梯度迭代」替代全局搜索，同时用 DNN 替代低 SNR 下失效的最小二乘（LS）sinc 拟合来提取 WCP。","需重推适配；输入信息层级：原始混合 IQ 的二阶/相关层（相邻节点对的互相关函数 CCF，由各自接收的时域采样计算后经 DNN 压缩为 3 个标量）。触发该判定的具体条件：(1) 观测接口在物理层面与本项目接近——每站单天线单通道、多站（本文 8 个无人机）分布式、以站间 TDOA（τ_i−τ_j）为可分性来源，没有阵列流形；这一点比阵列类方法更贴近本项目。(2) 但源数维度缺失：模型只有单个发射源 u，CCF 被拟合成单一 sinc 峰（式(15)），当存在多个源时 CCF 会出现多个峰，三参数单峰模型必然失效，论文对此完全未讨论。(3) 频率维度缺失：全篇只有单一 CCF 与单个带宽参数，没有子带划分、没有频率加权、更没有逐源频率占用或频率—源对应；式(16) 的代价对信号谱形不敏感，只依赖峰形三参数。(4) 学习对象是「物理参数的估计器」而非「中间表示」：DNN 的作用是替代 LS 曲线拟合来提取 p、v、w（§III-B），因此与本项目「学习逐源频率权重」的层级不同。(5) 依赖节点几何先验：代价函数与梯度（式(17)(18)）需要各无人机自身位置 s_i 与相邻关系 H，本项目四站位置固定已知，这一条可满足。失效条件：多源同频带混叠、需要输出源数与逐源频段、观测时长不足以形成可辨识的 CCF 主峰、以及 SNR ≤ −20 dB（论文自述此时所有方法都失效、RMSE 发散到搜索区固定边界，第16842页）。","数据来源：全部为仿真。几何：M=8 个无人机，发射源位于 u=(100,0) m（Fig.3），搜索区为以发射源为中心的 1000 m × 1000 m 正方形区域，网格 10 m；传播衰减按自由空间模型（§IV，第16842页）；通信链路稀疏（Fig.1）。源数与间距：单源；论文未给源间距（不适用）。SNR 与带宽：训练/测试 SNR 范围 −25~0 dB；Dataset N1–N9 的带宽 1~2 MHz、观测时长 0.4~2.0 ms（步长 0.2 ms），调制方式 BPSK/QPSK/16QAM；Dataset N10 的观测时长固定 3.9 ms、带宽 200 kHz~1 MHz，同样含三种调制。样本量与 Monte Carlo：每个数据集 N_data=200000 个样本，按 70% 训练 / 30% 验证划分；定位性能由 200 次 Monte Carlo 实验评估（§IV）。具体实验：(a) Fig.5 带宽固定 1.9 MHz、观测时长 0.4 ms、QPSK、用 N1 训练，SNR 扫描至 0 dB；(b) Fig.6 SNR 固定 −17.5 dB、带宽 1.9 MHz、QPSK、用 N1–N9 训练，观测时长 0.4~2.0 ms；(c) Fig.7 SNR 固定 −17.5 dB、观测时长 3.9 ms、BPSK、用 N10 训练，带宽 200 kHz~1 MHz。对比方法：两步法（constrained total least-squares 定位 [8]）、CDPD [12]（集中式 DPD）、DDPD [6]（分布式 DPD），另加 LS sinc 拟合曲线与 Cramér-Rao 下界（CRLB）参考。评价指标：定位 RMSE（m，200 次 Monte Carlo）、执行时间（Table II，秒）、通信与计算复杂度（Table I，解析式）。训练环境：Keras 2.1.5，PC 为 Intel Core i7-10700 CPU @2.90 GHz + NVIDIA GeForce GTX 1660 SUPER GPU + 32 GB 内存。","(1) 通信与计算开销（Table I，第16843页）：IDDPD 通信开销 N_m N + 3ρ(M−1)（ρ 为平均跳数，1<ρ<M），计算开销 O(N_m N log₂N + (N_m+M²)N_max)；对比 DDPD [6] 通信 N_m N + ρ(M−1)(2N_τ+2L+1)、计算 O(N_m N log₂ N + N_p(M²+(2L+1)N_m))；CDPD [12] 通信 ρ(M−1)N、计算 O(N_p(MN log₂N + M³))。即 IDDPD 把「传采样/传压缩矩阵」换成「传 3 个标量/相邻对」。(2) 执行时间（Table II）：观测时长 0.4/0.8/1.2/1.6 ms 时，CDPD 为 51.929/105.711/163.110/220.314 s，DDPD [6] 为 1.410/1.394/1.435/1.452 s，IDDPD 为 0.042/0.041/0.040/0.036 s；结论段据此给出「计算单元平均执行时间降低约 97%」。(3) 定位精度随 SNR（Fig.5，带宽 1.9 MHz、时长 0.4 ms）：在 SNR ≤ −10 dB 时 DPD 类方法明显优于两步法 [8]；SNR ≤ −20 dB 时所有方法都无法完成被动定位、RMSE 发散至搜索区域的固定边界；所提方法与 CDPD 性能相当，最大精度损失 1.5 dB；LS sinc 拟合因低 SNR 下难以提取 WCP，性能甚至差于两步法。(4) 定位精度随观测时长（Fig.6，SNR −17.5 dB）：随观测时长增加而改善，与 CDPD 的 RMSE 接近，平均精度损失 1.4 dB。(5) 定位精度随带宽（Fig.7，SNR −17.5 dB、时长 3.9 ms、BPSK）：随带宽增加而改善，相对 CDPD 的 RMSE 增加最多约 1.2 dB，而两步法仍显著更差。(6) 收敛性（Fig.4）：训练与验证损失在 50 个 epoch 内平稳下降，作者称网络泛化良好。结果成立条件与未测部分：全部为自由空间、视距、单源、静止几何下的仿真；CRLB 仅作参考线（论文称各方法因收敛到局部最优而无法逼近 CRLB）；未做实测、未做多源、未做 NLOS（作者在结论中列为未来工作）、未与「学习压缩 + 全局搜索」以外的其他学习式 DPD 方法比较；精度损失（1.2–1.5 dB）是在相对 CDPD 的意义下给出的，而非相对绝对下界。","论文未给出代码或数据链接（本次分析未在文中检索到仓库地址）。可复现要素较全：信号模型与推导步骤（式(1)–(16)）、DNN 结构（Fig.2：1D 卷积 128 个 5×1、64 个 3×1，FC 512/128，Softmax/ReLU/Sigmoid 分工）、训练配置（Adam、mini-batch 64、初始学习率 1e-3、验证损失平台期乘 0.1、输入归一化到 [0,1]）、数据集构造（N_data=200000、70/30 划分、N1–N9 与 N10 的参数范围）、仿真几何（u=(100,0) m、M=8、1000 m×1000 m 区域、10 m 网格、200 次 Monte Carlo）、硬件与软件（Keras 2.1.5、i7-10700、GTX 1660 SUPER、32 GB）均有给出。未给全的部分：无人机具体位置坐标与轨迹（只给了 Fig.3 的位置分布图）、相邻节点集合 H 的构造规则、DNN 的具体层数与每层超参（如卷积步长、是否 padding）、Algorithm 1 中 α 从 1 到 0 的具体衰减规律、ε 与 N_max 的取值、随机种子、以及「LS 拟合」基线的实现细节。作者自评的局限：结论中只提出未来把方法扩展到非视距（NLOS）传输信号模型，未在正文中系统列举其他局限。","第一层（作者结论）：面向 UAV 集群的被动定位，IDDPD 通过「只传三个 WCP 标量 + ML 导出代价的自适应梯度迭代」在保持与 CDPD 相近定位性能的同时，把计算节点的平均执行时间降低约 97%，从而在资源受限的无人机集群上实现高质量的被动定位；DNN 的引入使得低 SNR 下难以用 LS 拟合提取的 CCF 波形参数可以被稳定提取，且网络泛化性良好。第二层（实验实际能支持的结论）：在 M=8、单源、视距、自由空间衰减、1000 m×1000 m 区域的仿真设置下，用 DNN 替代 LS 拟合来提取 CCF 的三个波形参数（式(15)(16)），确实使分布式 DPD 能够在 SNR 低至约 −17.5 dB 时保持与集中式 CDPD 相当的定位 RMSE（相对损失约 1.2–1.5 dB），同时把执行时间降低约 97%（Table II 给出可核对的绝对秒数）。适用条件与外推限制：(a) 单源假设是硬约束——CCF 的单峰 sinc 拟合（式(15)）在多源下不成立，论文未测试也未讨论；(b) 结果限于视距与自由空间衰减模型（论文结论明确把 NLOS 列为未来工作）；(c) SNR ≤ −20 dB 时所有方法失效，因此「低 SNR 可用」的边界应写为约 −20 dB 以上；(d) 精度结论是「与 CDPD 相当」而非「优于已有方法」，且各方法都达不到 CRLB；(e) 未做实测，「高质量定位」的判断仅基于仿真。","1. 提出一种只传输三个标量（CCF 的峰高、峰宽、峰位置）的分布式 DPD 计算策略，把节点间通信量从「原始采样/压缩矩阵/部分 CCM 元素」降到 O(1)/节点对，并给出了通信与计算复杂度的解析对比（Table I）。2. 由 ML 估计器出发推导出「只需相邻节点即可计算」的可微代价函数（式(8)→(9)→(13)→(16)），并用其在几何域解析梯度（式(17)(18)）代替感兴趣区域内的全局网格搜索，配套给出带自适应步长的迭代算法（Algorithm 1）。3. 用三个并行 DNN 替代低 SNR 下失效的最小二乘 sinc 曲线拟合来提取 CCF 波形参数（§III-B、Fig.2），在仿真中显示这一替换是低频段（≤ −10 dB）方法可用的关键。4. 给出可核对的量化收益：执行时间相对 CDPD 降低约 97%（Table II），定位 RMSE 相对 CDPD 最差损失约 1.2–1.5 dB（Fig.5–Fig.7）。","1. 只处理单个源：模型式(1) 与代价函数式(15)(16) 都建立在 CCF 为单峰的基础上；当存在多个发射源时 CCF 会出现多峰，三参数单峰 sinc 拟合与式(13) 的近似都将失效，论文对多源场景没有任何讨论或实验。2. 无频率维处理：全篇只有单一 CCF 与一个带宽参数，没有子带划分、频率加权或逐源频率占用；因此本文虽同为「学习压缩中间统计 + 物理求解」，但其压缩对象是时延域的波形形状参数，不含任何频率—源对应信息。3. 学习部分依赖仿真标签且未见跨条件复现细节：DNN 用无噪声接收信号的 WCP 作标签（§III-B），全部实验为自由空间视距仿真；论文未给无人机坐标、相邻关系构造、Algorithm 1 的 α 衰减规律、ε 与 N_max、随机种子，也未提供代码或数据，独立复现有难度。4. 精度定位为「接近 CDPD」而非更优，且所有方法都远离 CRLB：Fig.5 明确写各 DPD 方法无法逼近 CRLB（因收敛到局部最优），SNR ≤ −20 dB 时全部失效；因此本文并未解决低 SNR 定位的根本问题，只是把「分布式开销」这一维度做优。","论文的问题选择切中分布式被动定位的实际瓶颈——不是精度不够，而是「为了精度把所有采样送到融合中心」在资源受限平台上不可行；其解法（把相邻节点对的 CCF 压缩为三个物理意义明确的波形参数并在几何域做梯度迭代）在工程上直接、可解释，把优化对象从「回传什么」转到「回传多少」，并用 ML 推导保证代价函数与集中式 DPD 同源，因此精度损失有界（1.2–1.5 dB）而时间收益达约 97%，这是一个结论清楚、证据可核对的工作。方法层面的价值在于它是「学习出的物理参数估计器 + 传统物理求解器」的干净例子：DNN 只承担低 SNR 下最难的曲线拟合，其余步骤全部保留为可解释的 ML 代价与梯度迭代。主要弱点在于适用面窄且验证单一：单源、视距、自由空间、纯仿真，多源与 NLOS 完全未触及，而这恰是本项目关心的场景；此外论文自述所有方法都达不到 CRLB、SNR ≤ −20 dB 即全面失效，说明其精度上限受制于 DPD 本身的局部极值问题，而非学习模块。总体而言，机制的可借鉴性强于其结论的直接适用性。","(1) 是否已覆盖本项目想解决的问题：没有覆盖任务本身（本项目要同时恢复源数、逐源占用频段、位置与频率—源—位置对应；本文只有单源位置），但它直接回答了本项目的一个关键先例问题——「学习压缩中间统计 + 物理求解」在 RF 单天线多站被动定位场景中已有先例，且是本清单里最贴近本项目观测接口的一篇：每个节点单天线单通道、多节点分布式、以站间 TDOA（CCF 峰位）为可分性来源、位置由 ML 代价 + 梯度迭代求解。因此本项目若把「把中间统计量交给物理求解器」当作独立创新点，会被 R37（以及 R17 在阵列域）双重覆盖。(2) 能否作为同条件基线：不能直接作为基线。其观测模型是单源、单峰 CCF、窄带（只要一个带宽参数）、视距自由空间，与本项目「多源、同频带时频混叠、短时 4096 点 IQ、四站」差距过大；若要用，至少要重推：把单峰 sinc 参数模型改为多峰/多源的中间表示、把代价函数与梯度在四站几何下重新推导、把源数作为输出之一。其 RMSE 数值（10 m 量级网格上的定位误差）在 1000 m × 1000 m 区域、−17.5 dB 条件下得到，不可与本项目细网格（10 m 级）定位的指标直接比较，更不能作为精度参照。(3) 是否压缩本研究的创新空间：压缩两条。第一，「学习压缩中间统计 + 物理后端求解」这一机制在 RF 单天线多站场景已有先例（§III、Fig.2、式(16)(17)），不能再作为本项目的新贡献主张；第二，「用学习替代低 SNR 下失效的传统参数估计（本文是 LS sinc 拟合）以获得可用的物理量」也有先例（Fig.5 中 LS 拟合失效而 DNN 有效），本项目若在第三章用学习替代传统谱峰搜索/时延估计，需引用并说明差异。未被压缩的是：源数 K 的显式估计、逐源占用频段、频率—源—位置三者对应、以及「用逐源定位损失反向影响逐源频率权重」——R37 的压缩对象是时延域单峰形状参数，完全没有频率维到源、源到位置的对应关系。(4) 可直接借鉴与必须避开的：可借鉴——(a)「只在相邻/相关节点对之间传递少量物理参数、在计算节点重建代价函数」的分布式架构，若本项目将来考虑站间带宽受限，可直接引用其通信/计算复杂度对比框架（Table I）与实测执行时间量级（Table II）；(b) 用少量物理量（峰高、峰宽、峰位置）参数化互相关函数的做法，可作为本项目「定位用频率权重」之外的另一条压缩思路，并提示「参数化 + 物理求解」比「黑箱回归位置」更可解释；(c) 从 ML 出发导出可微代价、再在几何域解析求梯度代替全局搜索（式(17)(18)、Algorithm 1）的做法，与本项目把细 DPD 定位损失回传给前端频率表示的思路同源，可作为方法论引用；(d) 其明确指出的失败边界（SNR ≤ −20 dB 时 RMSE 发散到搜索区固定边界，Fig.5）可作为本项目低 SNR 实验的对照预期。必须避开——(a) 不要沿用单峰 CCF 参数化模型处理多源，CCF 多峰会直接破坏其前提，本项目的多源必须用多峰/多源联合表示；(b) 不要把「学习替代 LS 拟合」当作贡献点（已有先例），也不要把「与集中式方法性能相当但开销更低」当作本项目的目标（本项目要的是在传统方法失效处获得可用定位）；(c) 不要引用其精度数字作为本项目在自由空间单源场景下的上界，因为其仿真几何、带宽、时长与本项目完全不同。","标题、作者、刊物卷期与页码见第16839页页眉与首页；DOI、收稿/录用/在线日期见第16839页脚注。研究动机（CDPD 的通信与计算压力、DDPD [6] 需要区域内全局搜索）见 §I，第16839页。信号模型式(1)(2) 与「多普勒并入传输衰减、不单独考虑」的说明见 §II，第16839页；矩阵形式式(3)、DFT 矩阵与采样定义式(4)、N=⌊T f_s⌋ 见 §II，第16840页。ML 估计式(5)(6)、x 的 ML 估计式(7)、代价式(8) 与 TDOA/CCM 定义见 §III-A，第16840页。相邻节点代价式(9)、CCF 式(10)、相关系数估计式(11)、近似代价式(12)(13) 见第16841页。τ_max、N_τ 定义与 CCF 采样式(14)、sinc 拟合式(15)、最终代价式(16) 见 §III-A，第16841页。DNN 提取 WCP 的动机（LS 拟合在低 SNR 失效）、网络结构（Fig.2：1D 卷积 128 个 5×1 与 64 个 3×1、FC 512 与 128、Softmax/ReLU/Sigmoid 分工）、训练标签取无噪声信号 WCP、训练配置（Adam、mini-batch 64、lr 1e-3、平台期乘 0.1、归一化到 [0,1]）见 §III-B，第16841页。代价的几何域梯度式(17)(18) 见 §III-C，第16841页。Algorithm 1（自适应步长梯度下降，含 δ=α·(|C̄(u_0)|Σ|p|²)/|∇C̄| 与 α 由 1 递减到 0）见第16842页。通信与计算开销分析见 §III-D，第16842页。仿真设置（u=(100,0) m、M=8、1000 m×1000 m 区域与 10 m 网格、200 次 Monte Carlo、Keras 2.1.5、N_data=200000、70/30 划分、N1–N9 与 N10 的参数范围、i7-10700 + GTX 1660 SUPER + 32 GB）见 §IV，第16842页。训练/验证损失曲线见 Fig.4，无人机与发射源位置分布见 Fig.3，均在第16842页。SNR 扫描结果与「SNR ≤ −20 dB 全部失效、RMSE 发散至固定边界、LS 拟合差于两步法、最大精度损失 1.5 dB」见 Fig.5 与 §IV，第16842–16843页。观测时长结果与「平均精度损失 1.4 dB」见 Fig.6 与 §IV，第16843页。带宽结果与「相对 CDPD 增加约 1.2 dB」见 Fig.7 与 §IV，第16843页。通信与计算复杂度对比见 Table I，执行时间对比见 Table II（CDPD 51.929/105.711/163.110/220.314 s，DDPD 1.410/1.394/1.435/1.452 s，IDDPD 0.042/0.041/0.040/0.036 s），均在第16843页。结论（约 97% 执行时间下降、未来扩展至 NLOS）见 §V，第16843页。参考文献见第16844页。"
